date_utc,rollup_id,l2_fees_eth,rent_paid_eth,profit_eth,txcount
2022-01-01,arbitrum,28.820989869765167,14.032524620441973532,,29917
2022-01-01,optimism,16.619587052666716,11.342876509,,27621
2022-01-02,arbitrum,30.15881892717041,17.737899675421163289,,31715
2022-01-02,optimism,18.36587431739781,11.580757156,,22529
2022-01-03,arbitrum,33.64495253923946,20.480286632841610572,,32881
2022-01-03,optimism,28.251544508495524,17.667214769,,33299
2022-01-04,arbitrum,50.57479990712656,29.284476035633540975,,44167
2022-01-04,optimism,35.6697178902309,21.125490774,,36341
2022-01-05,arbitrum,53.96823292894107,34.524065944694897744,,42774
2022-01-05,optimism,54.23458436198227,32.067208596,,45019
2022-01-06,arbitrum,49.82346775065271,29.966556591274698096,,38128
2022-01-06,optimism,43.44704801987487,26.800220061,,42068
2022-01-07,arbitrum,51.94530758187286,34.488988820089907889,,40484
2022-01-07,optimism,59.18041612611897,36.688049207,,52163
2022-01-08,arbitrum,41.29792348136518,24.9403191487892528,,34175
2022-01-08,optimism,29.429438159866365,25.27685777,,40646
2022-01-09,arbitrum,22.14898416442591,13.628707269640983808,,17129
2022-01-09,optimism,31.29700874782139,27.185492463,,36465
2022-01-10,arbitrum,54.404539549826666,44.485734109357701897,,34227
2022-01-10,optimism,55.19737487468669,44.567772881,,39813
2022-01-11,arbitrum,49.80546085451731,27.244882797756152063,,27615
2022-01-11,optimism,33.05208358953473,28.02671938,,30014
2022-01-12,arbitrum,43.34586586151998,25.428491636001733288,,25705
2022-01-12,optimism,27.715817834704374,24.236590671,,26339
2022-01-13,arbitrum,47.27426014450865,25.393618478965031711,,27899
2022-01-13,optimism,33.17537298944268,27.196390193,,29457
2022-01-14,arbitrum,51.06898848098993,28.108582100593291631,,29395
2022-01-14,optimism,28.091915005104653,24.750583738,,24839
2022-01-15,arbitrum,46.68351095776777,22.956126573460338232,,29225
2022-01-15,optimism,16.288681713024925,15.265494733,,20012
2022-01-16,arbitrum,47.65462618647261,24.375401620879543033,,33320
2022-01-16,optimism,15.575195552911609,14.276465467,,19396
2022-01-17,arbitrum,47.09179412941332,27.509262135620825188,,33755
2022-01-17,optimism,19.48067487922987,17.676651639,,23224
2022-01-18,arbitrum,42.168497484288906,23.287171478648767931,,33503
2022-01-18,optimism,20.367139762960665,18.675221632,,28921
2022-01-19,arbitrum,36.31346751183644,21.347392627489095907,,29865
2022-01-19,optimism,24.312712227124397,21.285995893,,33547
2022-01-20,arbitrum,55.30592520060602,28.978507596842297313,,37249
2022-01-20,optimism,27.869751957476343,23.475097391,,30797
2022-01-21,arbitrum,70.54355703640041,49.760268833177290498,,47511
2022-01-21,optimism,82.7371157724667,61.702086541,,67562
2022-01-22,arbitrum,57.65174559763027,54.138404846356949546,,44752
2022-01-22,optimism,85.05714172457402,69.325485672,,89141
2022-01-23,arbitrum,31.640840165309207,22.580852146273901893,,29221
2022-01-23,optimism,38.135558421211776,31.530017037,,50410
2022-01-24,arbitrum,60.823260713003,50.833955911926815718,,61316
2022-01-24,optimism,69.60755030534865,56.164513623,,80160
2022-01-25,arbitrum,51.56848634615782,41.050093891117932768,,55375
2022-01-25,optimism,37.80865763426781,32.67331159,,46061
2022-01-26,arbitrum,68.74931929904568,50.758047745857489442,,70131
2022-01-26,optimism,45.59786207667435,37.934836496,,47067
2022-01-27,arbitrum,49.538489404750656,41.629529919989656855,,49920
2022-01-27,optimism,44.96562007272461,38.62725087,,46379
2022-01-28,arbitrum,39.68055190755094,33.435927955757699825,,38518
2022-01-28,optimism,35.561468058417326,30.802573911,,42020
2022-01-29,arbitrum,34.09994615054606,24.802700842886454255,,34395
2022-01-29,optimism,20.130391624032068,17.796350455,,29076
2022-01-30,arbitrum,39.97683816462354,30.085986843949712247,,49882
2022-01-30,optimism,20.657531139175152,18.504628349,,29586
2022-01-31,arbitrum,30.321044185574827,26.803296131143771043,,35801
2022-01-31,optimism,27.50097305086485,24.633566818,,37109
2022-02-01,arbitrum,32.43380449059061,28.144323894740520935,,35894
2022-02-01,optimism,31.276247633188422,27.040550631,,32788
2022-02-02,arbitrum,36.40184676854639,29.514177100852133673,,35341
2022-02-02,optimism,38.79341600349644,33.661721203,,41996
2022-02-03,arbitrum,40.477109342930696,29.695287502582137595,,36616
2022-02-03,optimism,26.406334077657093,23.291530636,,35543
2022-02-04,arbitrum,32.08197622784411,24.210471483269867649,,35005
2022-02-04,optimism,23.328163688747523,20.787652861,,34114
2022-02-05,arbitrum,23.846660980679022,15.750676378353170652,,31206
2022-02-05,optimism,15.12188275795988,14.299077095,,32101
2022-02-06,arbitrum,37.85460295772226,27.454211122023696667,,71427
2022-02-06,optimism,11.892282686182623,11.132718176,,25694
2022-02-07,arbitrum,40.36265443471278,40.73619108132664089,,69355
2022-02-07,optimism,24.545208114961905,22.316944582,,32744
2022-02-08,arbitrum,49.086672557180734,37.653565438842741024,,77621
2022-02-08,optimism,21.401694692590908,19.489500582,,38488
2022-02-09,arbitrum,49.92926351371619,41.042272662937306436,,83926
2022-02-09,optimism,17.98723569049129,16.808949808,,29191
2022-02-10,arbitrum,42.35595295979122,37.210800988341546497,,72754
2022-02-10,optimism,22.686818938860768,20.527081027,,36372
2022-02-11,arbitrum,39.51484401267833,30.491269117217219717,,66766
2022-02-11,optimism,19.295795038152622,17.807837594,,38310
2022-02-12,arbitrum,34.88253920560248,23.029756676366163045,,65604
2022-02-12,optimism,13.488125514679156,12.950940496,,32313
2022-02-13,arbitrum,26.046546768964117,18.272110620741227357,,58935
2022-02-13,optimism,9.195673861177266,8.817325453,,25166
2022-02-14,arbitrum,28.01008987337862,24.348262565305204425,,67008
2022-02-14,optimism,12.872631574289027,12.067788444,,30609
2022-02-15,arbitrum,31.71874543584468,26.902245132045612773,,74867
2022-02-15,optimism,12.640886680360108,12.240035295,,30407
2022-02-16,arbitrum,34.15742404064102,31.638133964375171832,,72595
2022-02-16,optimism,15.377808121936193,14.532062355,,29784
2022-02-17,arbitrum,35.628028649794466,31.763476438554434051,,75085
2022-02-17,optimism,14.765352287758764,14.459275827,,28544
2022-02-18,arbitrum,39.02436508491915,42.583478186517981625,,74327
2022-02-18,optimism,15.795378861443314,15.240504184,,19211
2022-02-19,arbitrum,36.42632162035704,26.37160672466693402,,71035
2022-02-19,optimism,7.058618227951185,7.518346648,,14521
2022-02-20,arbitrum,47.22426151627143,35.347396244098048318,,93469
2022-02-20,optimism,9.444004528417423,9.395252346,,19820
2022-02-21,arbitrum,49.90057555554922,52.699732337820146793,,99953
2022-02-21,optimism,21.76909627898035,20.136626214,,28741
2022-02-22,arbitrum,59.178277529056686,50.10397812080617037,,104594
2022-02-22,optimism,17.51248815520119,17.436061023,,27765
2022-02-23,arbitrum,49.19715201740079,38.458468613421564465,,86127
2022-02-23,optimism,17.3675513465608,16.291169582,,27674
2022-02-24,arbitrum,67.28060819839055,58.346204670090624451,,105011
2022-02-24,optimism,45.36713268142256,39.493561814,,59789
2022-02-25,arbitrum,40.582028572597245,27.749160962578312052,,78954
2022-02-25,optimism,17.778646075610194,17.839964468,,39218
2022-02-26,arbitrum,35.05168818896215,22.023153960238650723,,78975
2022-02-26,optimism,8.655057565052854,9.170183915,,25848
2022-02-27,arbitrum,33.92451112289956,23.557427610369466824,,87132
2022-02-27,optimism,10.685077731745766,10.718903161,,30878
2022-02-28,arbitrum,30.72483715507959,29.80747544401260165,,78361
2022-02-28,optimism,20.999393488500807,19.136279471,,39959
2022-03-01,arbitrum,36.426535829949465,26.852013546587452892,,75638
2022-03-01,optimism,13.686281455070718,13.402555168,,31465
2022-03-02,arbitrum,61.06526979232794,49.638966970450362298,,117648
2022-03-02,optimism,12.880531543663627,13.019470822,,31915
2022-03-03,arbitrum,38.726837991716565,22.915476215181594291,,70502
2022-03-03,optimism,9.58935884358663,9.801785186261518091,,25051
2022-03-04,arbitrum,17.34058276394491,14.528765304023519306,,44961
2022-03-04,optimism,11.88969959596524,12.216334755969972903,,33063
2022-03-05,arbitrum,9.548797363487264,6.571619020038515397,,29382
2022-03-05,optimism,5.810798864224321,7.100998856674036362,,21953
2022-03-06,arbitrum,9.378977332562412,9.081576168958724013,,33359
2022-03-06,optimism,8.56693116087338,9.93107435349943308,,26723
2022-03-07,arbitrum,18.740205617840356,15.137894781977658351,,60194
2022-03-07,optimism,11.060333645034758,11.645948996077684326,,34715
2022-03-08,arbitrum,20.01466174050384,16.858920803478520003,,69075
2022-03-08,optimism,9.799251038898584,10.279673424108983567,,34997
2022-03-09,arbitrum,22.479863938597152,16.143071103988000425,,70277
2022-03-09,optimism,9.723202593035705,10.128701973928473607,,36161
2022-03-10,arbitrum,13.365537020223847,9.722462564298023563,,46682
2022-03-10,optimism,9.710387209688864,9.978932277446103473,,42217
2022-03-11,arbitrum,13.566331708807413,10.286861366606310602,,52300
2022-03-11,optimism,10.32843319468029,8.240738288373275587,,35353
2022-03-12,arbitrum,11.90451813990257,7.352423431840554882,,57620
2022-03-12,optimism,3.3032651529489163,4.366252619121657931,,20408
2022-03-13,arbitrum,8.299712249109843,7.114029639953418832,,43858
2022-03-13,optimism,4.281489617452579,5.420282969863740991,,21061
2022-03-14,arbitrum,10.395992159675185,9.62651473823121565,,51345
2022-03-14,optimism,5.999984123139424,7.001342421289155015,,26639
2022-03-15,arbitrum,12.511476849637448,12.696721508413642425,,54491
2022-03-15,optimism,8.119112022909738,9.079979078447961073,,25846
2022-03-16,arbitrum,17.051388822442778,16.480796917757145142,,62750
2022-03-16,optimism,14.28122267809446,12.961151901653780393,,43966
2022-03-17,arbitrum,18.586120389622916,18.887085970634157016,,59100
2022-03-17,optimism,13.75159519849065,15.685705110602863231,,27773
2022-03-18,arbitrum,23.695350603015164,17.417055919196732366,,54526
2022-03-18,optimism,12.40659983688932,12.464538766809527991,,29420
2022-03-19,arbitrum,16.500435754365945,8.621772683159241267,,47518
2022-03-19,optimism,7.163535508615734,5.155989256737468265,,31152
2022-03-20,arbitrum,13.54111548343342,8.231921303048733405,,52102
2022-03-20,optimism,5.909517173560206,4.31423988537674088,,31300
2022-03-21,arbitrum,13.359809360009582,11.535280378398546788,,56439
2022-03-21,optimism,8.00100024247468,12.547895620891949506,,33057
2022-03-22,arbitrum,17.61918262201433,16.471654301624551155,,65349
2022-03-22,optimism,11.023961834645627,10.314044852304141276,,34448
2022-03-23,arbitrum,31.226826645518344,24.029081648099058913,,101683
2022-03-23,optimism,11.95076287065959,11.364562176753934161,,40011
2022-03-24,arbitrum,29.39961758540591,27.280383940037679726,,99217
2022-03-24,optimism,18.03616238429436,16.393852444572296547,,48860
2022-03-25,arbitrum,27.592836816731435,22.879282485051296679,,81576
2022-03-25,optimism,15.507422638750652,11.404201927426727845,,40510
2022-03-26,arbitrum,20.064647226650017,10.633214122339228734,,55308
2022-03-26,optimism,7.054183337207184,4.607786939907691003,,28358
2022-03-27,arbitrum,17.580019364462782,16.23323870931304425,,63811
2022-03-27,optimism,10.79982421197981,8.493753084648747965,,31280
2022-03-28,arbitrum,22.248625009929636,25.307173381718052746,,73157
2022-03-28,optimism,27.582159599745328,19.945019119999058299,,51154
2022-03-29,arbitrum,26.084569729834428,20.586107857771939664,,70891
2022-03-29,optimism,19.79667804618357,11.861345732180612647,,56890
2022-03-30,arbitrum,28.987545577875373,25.919015128510159601,,83015
2022-03-30,optimism,24.00011631653255,14.69934533608585668,,60762
2022-03-31,arbitrum,27.77277903400123,23.15368219499269588,,69438
2022-03-31,optimism,24.17356656986819,14.473546782185140187,,57710
2022-04-01,arbitrum,34.484848311666944,31.546026206389208212,,81242
2022-04-01,optimism,24.59713132297164,15.514088834863403367,,52641
2022-04-02,arbitrum,58.984634276170056,38.18934792860809212,,137060
2022-04-02,optimism,18.60861672309693,11.648892264290664877,,45314
2022-04-03,arbitrum,24.479997524673635,18.915616213033003832,,61316
2022-04-03,optimism,14.379428842456418,9.651089998735829273,,38184
2022-04-04,arbitrum,24.0738752219962,23.59468936871547762,,57547
2022-04-04,optimism,19.943358003312923,12.688141181017767966,,40877
2022-04-05,arbitrum,24.90246201397527,21.629725222251831412,,48447
2022-04-05,optimism,27.165303640114484,12.685332649772208444,,35188
2022-04-06,arbitrum,35.761369821249794,22.961700925656763775,,61647
2022-04-06,optimism,25.35064742053112,18.656151204628618203,,70581
2022-04-07,arbitrum,29.82469557272033,21.773527386419972124,,56397
2022-04-07,optimism,19.699009462137195,14.78163384711050531,,50110
2022-04-08,arbitrum,30.542185056728677,18.600708639928795283,,53844
2022-04-08,optimism,17.184519479462505,13.605608504335075554,,51236
2022-04-09,arbitrum,18.16712381582992,9.632444225431569955,,44485
2022-04-09,optimism,7.738530737971599,5.999420440457390457,,36395
2022-04-10,arbitrum,14.397688084065315,9.415025378437754178,,41944
2022-04-10,optimism,7.167075612422426,5.995597130394766348,,33481
2022-04-11,arbitrum,19.91386199214728,18.479429434223912205,,59502
2022-04-11,optimism,17.09514877608923,13.192718665636131408,,60316
2022-04-12,arbitrum,19.961340584367736,16.302302423416539846,,53887
2022-04-12,optimism,13.4406633882979,10.15845730112621152,,46290
2022-04-13,arbitrum,20.338678085466963,16.45341488942359156,,53238
2022-04-13,optimism,12.604793667025127,9.748500999605897499,,42786
2022-04-14,arbitrum,20.85665537409416,18.526471937044775219,,58877
2022-04-14,optimism,13.360474258191594,10.227610672930510249,,46501
2022-04-15,arbitrum,22.782961601261523,15.625059677397430089,,66035
2022-04-15,optimism,10.164838342308826,7.853927260188652914,,42384
2022-04-16,arbitrum,17.3443306724799,10.690155201998879329,,55318
2022-04-16,optimism,5.762780031078632,4.804719724385479443,,32562
2022-04-17,arbitrum,15.136990658354966,9.190575945846390847,,60152
2022-04-17,optimism,5.712619593920189,4.463248720086478903,,36007
2022-04-18,arbitrum,15.846786310335144,14.319618538918510974,,63125
2022-04-18,optimism,10.137681085021809,8.244935808338909173,,43401
2022-04-19,arbitrum,22.150565769169425,17.697880618448621617,,75148
2022-04-19,optimism,12.299257839253556,9.866209836156954683,,46961
2022-04-20,arbitrum,32.988971501219176,39.157958943462769913,,97077
2022-04-20,optimism,32.750684311200736,25.943481217236963743,,79404
2022-04-21,arbitrum,34.10217077659481,28.319802635814625951,,76187
2022-04-21,optimism,25.17277942681527,19.776590020349747329,,68429
2022-04-22,arbitrum,31.00109119618469,22.190010830621518263,,74930
2022-04-22,optimism,18.760641761909422,14.702431740831617413,,64034
2022-04-23,arbitrum,22.93748781472612,12.742582434993508485,,64161
2022-04-23,optimism,12.073391244562616,9.471571902547283175,,61805
2022-04-24,arbitrum,16.765005278643354,12.421450411752303685,,58957
2022-04-24,optimism,11.809085641901367,9.393538662162805717,,60418
2022-04-25,arbitrum,21.170561772662847,23.997769997090052831,,70121
2022-04-25,optimism,19.944198428053586,16.054928830000808878,,61348
2022-04-26,arbitrum,24.25068477327102,20.812561125367956667,,65159
2022-04-26,optimism,23.559263432729093,18.074452589745206443,,72554
2022-04-27,arbitrum,32.90637391249258,27.132499357097791567,,87553
2022-04-27,optimism,24.42845610143428,19.911779423978117763,,90537
2022-04-28,arbitrum,31.66693404112045,27.92772011287688356,,86097
2022-04-28,optimism,19.55901201036095,15.985679261006991804,,63604
2022-04-29,arbitrum,33.48756295687042,28.294807906241425875,,89685
2022-04-29,optimism,20.931778309141404,16.493635166310396584,,68417
2022-04-30,arbitrum,33.070602850895725,27.020964165314988424,,88761
2022-04-30,optimism,22.88895839537454,17.226007942992091761,,72657
2022-05-01,arbitrum,63.49439919358917,25.911352783976892895,,54950
2022-05-01,optimism,117.69629957259843,31.61717645925361472,,53725
2022-05-02,arbitrum,46.31493681807215,33.034887630930801493,,75689
2022-05-02,optimism,24.2213926484348,19.493585713396531492,,57357
2022-05-03,arbitrum,38.72484635062434,29.582334041291812302,,73803
2022-05-03,optimism,20.3915839522068,16.592709508613785791,,51786
2022-05-04,arbitrum,34.81711534043139,27.669717442895970119,,86467
2022-05-04,optimism,24.14090008796636,18.279033336151656864,,75910
2022-05-05,arbitrum,40.61612698079793,32.532126423992575167,,82957
2022-05-05,optimism,30.47629387542237,22.384183955733405423,,79269
2022-05-06,arbitrum,42.7872959100784,29.574930539481562188,,94020
2022-05-06,optimism,24.69795007306629,19.100113749534300829,,86342
2022-05-07,arbitrum,27.223005557494623,20.846546726273680493,,86831
2022-05-07,optimism,14.523831580250391,11.274322588045066195,,71168
2022-05-08,arbitrum,26.9727979772035,20.372154909624922733,,102843
2022-05-08,optimism,14.531198981477722,11.003315274514716335,,85152
2022-05-09,arbitrum,43.34950528923833,53.880388766662047601,,131660
2022-05-09,optimism,59.82372767926109,38.245259742044864004,,127502
2022-05-10,arbitrum,63.72948492545354,45.072614476015566249,,111724
2022-05-10,optimism,64.9419397400968,38.850781661670123728,,162695
2022-05-11,arbitrum,86.32164732687589,82.968198049274893966,,122314
2022-05-11,optimism,209.44873211153265,94.29214697097896087,,214170
2022-05-12,arbitrum,260.55929913447784,159.629755789652293903,,117799
2022-05-12,optimism,250.60436649916628,196.941278684976579976,,161107
2022-05-13,arbitrum,79.02025017878262,41.490389776553076541,,72095
2022-05-13,optimism,55.626628997114274,40.889226626220562996,,110244
2022-05-14,arbitrum,35.481470878399,21.027194921347525602,,81484
2022-05-14,optimism,19.972576602103764,15.404222004297527837,,85030
2022-05-15,arbitrum,20.104821000068032,14.960070034182684153,,87349
2022-05-15,optimism,11.452272367193974,9.007267368430716378,,70652
2022-05-16,arbitrum,20.77266934955674,18.881746005737568286,,103610
2022-05-16,optimism,12.1027547522635,9.568211492647775505,,75104
2022-05-16,starknet,0.00006421575057002,0.089250467898593012,,7631
2022-05-17,arbitrum,22.01470668237521,24.679009329500860528,,93504
2022-05-17,optimism,14.472476255188075,11.360416817293657745,,56764
2022-05-17,starknet,0.000864374067069294,0.440503559759707364,,3487
2022-05-18,arbitrum,23.918192781578405,17.641989776631445638,,88736
2022-05-18,optimism,12.53734128062755,9.874117901766516942,,65354
2022-05-18,starknet,0.000252822867717193,0.119375041022632091,,6196
2022-05-19,arbitrum,21.057351829381133,17.776632257633192182,,87793
2022-05-19,optimism,12.097278043160268,9.581358605975955943,,68169
2022-05-19,starknet,0,0.518881119866036979,,2786
2022-05-20,arbitrum,19.721928244497672,18.432844581698888949,,83605
2022-05-20,optimism,12.071349569099604,9.793317155406313611,,60741
2022-05-20,starknet,0,0.149055700853039009,,3372
2022-05-21,arbitrum,17.186302054250483,11.54964332064453259,,77789
2022-05-21,optimism,7.248979269970689,6.009483379805729734,,53416
2022-05-21,starknet,0.000538977124330414,0.296962718196607462,,4363
2022-05-22,arbitrum,16.17604847339534,12.633744913585446124,,75827
2022-05-22,optimism,7.67417856746574,6.44020041478059439,,52226
2022-05-22,starknet,0.000585678247792426,0.109344855589904623,,6272
2022-05-23,arbitrum,20.10151821190469,16.955232829870940796,,85160
2022-05-23,optimism,11.62589920251674,9.497513177018055173,,66660
2022-05-23,starknet,0,0.593606611556653972,,4758
2022-05-24,arbitrum,22.4978790621502,20.652205330911013485,,80941
2022-05-24,optimism,12.854110082704636,9.991576993950892748,,64635
2022-05-24,starknet,0,0.168083892328879632,,5591
2022-05-25,arbitrum,18.306668919516227,17.590423971178878333,,70689
2022-05-25,optimism,13.982989301881467,11.139650603777237028,,60369
2022-05-25,starknet,0.000155820671318518,0.612845857112227229,,3375
2022-05-26,arbitrum,29.415532753778404,27.371703156569801355,,73673
2022-05-26,optimism,24.826224640703515,18.965985651968402354,,72240
2022-05-26,starknet,0.015607728285891815,0.227592860189126746,,5313
2022-05-27,arbitrum,31.627944631350022,26.213104035772319966,,79331
2022-05-27,optimism,23.99792505277376,18.768911936416491176,,87428
2022-05-27,starknet,0.024779795054051135,1.155103966856782231,,4790
2022-05-28,arbitrum,18.98483700299916,11.533812696847327621,,70873
2022-05-28,optimism,8.39886479706841,6.999487089871751082,,59222
2022-05-28,starknet,0.019313526948863634,0.132718552102956128,,3203
2022-05-29,arbitrum,12.468328914355316,11.519964258335497987,,72969
2022-05-29,optimism,6.723642506949493,5.603274858780383103,,50395
2022-05-29,starknet,0.013265462340656639,0.143325216774792199,,2598
2022-05-30,arbitrum,22.78507805161574,20.82999612579559185,,79310
2022-05-30,optimism,15.208124761492858,12.189939622488608398,,65507
2022-05-30,starknet,0.029567566624259124,0.131469780987588229,,5561
2022-05-31,arbitrum,30.254824279820767,30.173026698339397326,,81768
2022-05-31,optimism,135.24430657479942,80.815777459886457896,,266891
2022-05-31,starknet,0.037104644275350186,1.020168066876453627,,5511
2022-06-01,arbitrum,48.76319205846199,41.114056518478301006,,94703
2022-06-01,optimism,176.43358969075044,135.714532915666325654,,478811
2022-06-01,starknet,0.009958361905463954,0.511918626906027235,,4749
2022-06-02,arbitrum,51.03605827463418,47.780269218616716693,,100259
2022-06-02,optimism,98.5392752222996,78.268009909010898424,,243315
2022-06-02,starknet,0.03042700891025323,0.389152489242481567,,6645
2022-06-03,arbitrum,48.756771352826576,40.244975736607830836,,87656
2022-06-03,optimism,51.331207383124415,42.249280657593729062,,129439
2022-06-03,starknet,0.052262258827628666,1.070019575886794035,,6317
2022-06-04,arbitrum,45.45342001027743,34.712839171466791791,,89311
2022-06-04,optimism,35.44772241813698,29.138796144961269806,,107236
2022-06-04,starknet,0.06211405011153183,0.570600935739760532,,5750
2022-06-05,arbitrum,48.57677359674269,35.627785188489535701,,86211
2022-06-05,optimism,30.431351264875563,25.535321062864458336,,87693
2022-06-05,starknet,0.06756920515040624,0.363206310080452088,,6246
2022-06-06,arbitrum,49.43158523087567,39.469012848401786233,,101036
2022-06-06,optimism,32.06010142154064,26.994700194353034917,,94832
2022-06-06,starknet,0.037311780684535466,0.288305948435162235,,8187
2022-06-07,arbitrum,57.30652462136516,44.925392178679344466,,113028
2022-06-07,optimism,38.08886604267389,29.939089200260455417,,108125
2022-06-07,starknet,0.06777876643956429,0.498242690377893257,,6710
2022-06-08,arbitrum,53.92491259218905,47.210414918106310261,,90720
2022-06-08,optimism,48.886104575097725,39.025267157528947991,,106933
2022-06-08,starknet,0.07618928120904263,0.335180205558657811,,4491
2022-06-09,arbitrum,48.745549266356335,42.861857134683951132,,86562
2022-06-09,optimism,38.13073979026738,31.911353965269155714,,90115
2022-06-09,starknet,0.030730453599371422,0.100194972953391346,,4008
2022-06-10,arbitrum,40.87872255526627,33.866102135519749047,,81920
2022-06-10,optimism,36.0885408321798,28.437908897313485466,,100619
2022-06-10,starknet,0.03200698163795856,0.474189923842923971,,3856
2022-06-11,arbitrum,37.70669219085986,28.557561571994659753,,100945
2022-06-11,optimism,29.316913629416185,23.68119486258426585,,116348
2022-06-11,starknet,0.012202281981923684,0.300299396187159523,,5026
2022-06-12,arbitrum,32.42095439247928,25.031804889080241003,,97284
2022-06-12,optimism,30.396699766788903,23.919801688260807386,,139692
2022-06-12,starknet,0.01158592192032717,0.244174891679206844,,4789
2022-06-13,arbitrum,99.63089268989262,88.887042513406213752,,127664
2022-06-13,optimism,116.97331265468402,88.626256480663874466,,191222
2022-06-13,starknet,0.013069309271632234,1.013710030001463263,,2677
2022-06-14,arbitrum,66.20891827117264,54.364001671879748448,,116538
2022-06-14,optimism,61.59901273179251,46.687413381030587145,,151645
2022-06-14,starknet,0.005074831054416095,0.289958280044343925,,2477
2022-06-15,arbitrum,80.90148314645671,66.147202620361136628,,130272
2022-06-15,optimism,79.01082184109569,59.157422327825611222,,166406
2022-06-15,starknet,0.015821147974711583,1.048667889823112679,,4640
2022-06-16,arbitrum,50.51721642423871,31.233478078631742446,,101889
2022-06-16,optimism,29.72659270173317,23.80729198577070159,,116129
2022-06-16,starknet,0.04042437629583979,0.046542739763819098,,992
2022-06-17,arbitrum,39.188636083454405,32.648520237538258597,,109529
2022-06-17,optimism,20.755229413325058,17.03992579323340208,,89125
2022-06-17,starknet,0.38737170025048046,0.392007224250315967,,3020
2022-06-18,arbitrum,40.929842429807074,46.272004606929665353,,110297
2022-06-18,optimism,43.59644971461251,35.746067621123868846,,107672
2022-06-18,starknet,0.9132938263693674,0.571155799188718499,,4651
2022-06-19,arbitrum,32.27389153641595,19.501742480252583324,,92306
2022-06-19,optimism,18.80632946993533,15.636198523150695981,,114431
2022-06-19,starknet,0.057169800992410244,0.158103948068770313,,1139
2022-06-20,arbitrum,23.33678568640492,19.550516086051477731,,94333
2022-06-20,optimism,18.29192117098065,14.585857945572691541,,111062
2022-06-20,starknet,0.3755112243188326,0.171368108844541828,,5554
2022-06-21,arbitrum,37.53419227416835,36.124588307144361576,,116001
2022-06-21,optimism,26.36282784616732,20.758197245385572036,,108459
2022-06-21,starknet,0.4578889724039044,0.143891672704789069,,3676
2022-06-22,arbitrum,58.99405365090336,47.683247389843289288,,180930
2022-06-22,optimism,28.059641076650003,22.331542226894573571,,125088
2022-06-22,starknet,0.2923684532653697,0.196931272687349234,,2645
2022-06-23,arbitrum,61.45659047616974,53.898306012392443724,,154532
2022-06-23,optimism,30.446867688744817,25.461665127675596144,,103427
2022-06-23,starknet,0.33984199419454364,0.319137292430188339,,2517
2022-06-24,arbitrum,72.76052219873606,48.602173293316317929,,170413
2022-06-24,optimism,29.45067433085799,24.111950402359376012,,114085
2022-06-24,starknet,0.20262837270149445,0.1260070038676544,,1922
2022-06-25,arbitrum,53.40422785953054,43.866011637046762843,,177663
2022-06-25,optimism,22.87607578408622,17.962390824445973838,,105657
2022-06-25,starknet,0.17977291410570534,0.104717793628111628,,1833
2022-06-26,arbitrum,62.75929052269224,62.209790071689276914,,212896
2022-06-26,optimism,27.05493455106576,21.856439044804287241,,117417
2022-06-26,starknet,0.2565090345710115,0.082051418549046317,,3087
2022-06-27,arbitrum,139.13283686654418,76.092991326208117976,,249779
2022-06-27,optimism,43.4228612529774,33.92191613948688082,,144531
2022-06-27,starknet,0.17752006584788718,0.160277589928220743,,2187
2022-06-28,arbitrum,188.05582905421264,64.954962244394203259,,209939
2022-06-28,optimism,18.93979223613489,15.408735266729369609,,68333
2022-06-28,starknet,0.2507173051703259,0.064208568115258355,,2938
2022-06-29,arbitrum,418.12327083897935,86.459554499336732952,,241218
2022-06-29,optimism,24.220231121023343,20.756545332574741962,,75588
2022-06-29,starknet,0.22341365896856408,0.191394967812140882,,1475
2022-06-30,arbitrum,92.04787426885744,63.233206310702577645,,155835
2022-06-30,optimism,23.222101081546214,19.111364347022374989,,77041
2022-06-30,starknet,0.14321264580595602,0.226009869458012998,,13170
2022-07-01,arbitrum,39.33969655698773,23.921609547443193233,,110563
2022-07-01,optimism,15.70907791216979,13.102176619647020137,,86654
2022-07-01,starknet,0.1977792117780885,0.284321712300481527,,8513
2022-07-02,arbitrum,18.96414624048821,10.569624523002023858,,97342
2022-07-02,optimism,5.822734441798638,4.909809386049550941,,57531
2022-07-02,starknet,0.12193714423503418,0.102846985772822023,,1622
2022-07-03,arbitrum,13.318821015785844,10.325123882544685869,,82721
2022-07-03,optimism,6.431245900817245,5.372200716731663517,,58329
2022-07-03,starknet,0.08772079765529424,0.141152344312609819,,1751
2022-07-04,arbitrum,17.16578503108599,14.315906635810628744,,87367
2022-07-04,optimism,10.57175884254898,8.885297443461684941,,71492
2022-07-04,starknet,1.0949672430693498,0.172865338571741787,,1654
2022-07-05,arbitrum,16.637916536615837,15.178723586929615699,,75046
2022-07-05,optimism,11.61210307397474,9.60291307688402725,,64300
2022-07-05,starknet,1.9744771148973437,0.136960069192712742,,1207
2022-07-06,arbitrum,18.71089500514257,16.028491437739798104,,75613
2022-07-06,optimism,12.833367986697544,10.740250322711475465,,69347
2022-07-06,starknet,3.656096555599789,0.23944919385329148,,2321
2022-07-07,arbitrum,20.296240229706815,18.792125430414652236,,69734
2022-07-07,optimism,13.249606039680636,11.014336768535749238,,54790
2022-07-07,starknet,0.7397135583394607,0.274681888862167922,,1846
2022-07-08,arbitrum,23.25647139426657,13.564450364427952611,,67824
2022-07-08,optimism,12.28558562925844,10.148253066234795667,,75324
2022-07-08,starknet,0.27631783347218675,0.113783487374349596,,1473
2022-07-09,arbitrum,12.08026001429332,7.464310613314307262,,62318
2022-07-09,optimism,5.321250517833581,4.625031099007576945,,52591
2022-07-09,starknet,0.13060518353974493,0.088189676819162818,,1483
2022-07-10,arbitrum,9.03905646288286,7.547467021929924631,,57944
2022-07-10,optimism,5.886153192981431,5.140551030474753788,,53786
2022-07-10,starknet,0.12679389779588882,0.056410540442052403,,1560
2022-07-11,arbitrum,12.933124503801029,11.572092219085111306,,57842
2022-07-11,optimism,9.993086108409749,8.665026659893562654,,59948
2022-07-11,starknet,0.1523530597184621,0.260462844815860342,,960
2022-07-12,arbitrum,16.751312527393743,11.553313467635628694,,65534
2022-07-12,optimism,7.876496540725812,6.759232179258236405,,56302
2022-07-12,starknet,0.1377789736159743,0.075763747328831745,,1316
2022-07-13,arbitrum,24.97296622810375,19.287995408966449112,,87066
2022-07-13,optimism,16.511813480886612,13.916296240641140574,,80986
2022-07-13,starknet,0.2015490872425191,0.211360214472919473,,1726
2022-07-14,arbitrum,20.873983189293103,18.042387955989900828,,77391
2022-07-14,optimism,17.42682715181076,14.414074126269946908,,83044
2022-07-14,starknet,0.22513500736188374,0.126009421308031136,,2272
2022-07-15,arbitrum,22.110848046980987,16.645817800101604814,,73284
2022-07-15,optimism,17.800346493445968,14.524281574102438619,,94468
2022-07-15,starknet,0.1470216704245845,0.187370885801552947,,1360
2022-07-16,arbitrum,15.65385062790718,15.176815292539474298,,76067
2022-07-16,optimism,16.570488964433203,13.240355538712830093,,84386
2022-07-16,starknet,0.1061483621422262,0.071884882116771682,,2139
2022-07-17,arbitrum,14.926354397348804,13.903797807006500227,,87911
2022-07-17,optimism,11.821091666375752,10.17482362881181272,,90661
2022-07-17,starknet,0.08827320236983933,0.15793366592277956,,1261
2022-07-18,arbitrum,24.930693061185263,27.078303536778048012,,116206
2022-07-18,optimism,23.60798013124832,18.883315230463616428,,126100
2022-07-18,starknet,0.13213104852179047,0.139011157613138089,,1871
2022-07-19,arbitrum,27.70943429886671,24.937763872949185784,,109483
2022-07-19,optimism,24.63040019958125,19.656827416919894637,,127662
2022-07-19,starknet,0.31216384042036144,0.147746520806305503,,12556
2022-07-20,arbitrum,26.210728354258944,23.829158113566063819,,107193
2022-07-20,optimism,22.83592640917565,18.400858510579428556,,128272
2022-07-20,starknet,0.5225631475508594,0.273776521638206007,,1778
2022-07-21,arbitrum,22.847609223891663,15.487329678114708951,,103648
2022-07-21,optimism,13.936326795566684,11.304884126116216895,,113961
2022-07-21,starknet,1.0049545368333435,0.068906523245242967,,2766
2022-07-22,arbitrum,13.890832458675291,10.501918383988242493,,91043
2022-07-22,optimism,11.382964930755335,9.233991280116170208,,121670
2022-07-22,starknet,0.6507384750883122,0.136093972486118359,,1891
2022-07-23,arbitrum,8.937152082534993,7.190000849541740318,,76354
2022-07-23,optimism,8.502321553065567,6.951072817822955821,,120892
2022-07-23,starknet,0.7477466367251121,0.130790714136101515,,1725
2022-07-24,arbitrum,9.40171987664953,7.133155092499767027,,90750
2022-07-24,optimism,6.695903961947147,5.553093737750403378,,118962
2022-07-24,starknet,1.4835482789613001,0.113643382737135986,,2159
2022-07-25,arbitrum,12.586496631110457,13.53481991100869777,,99303
2022-07-25,optimism,11.63999529477432,9.351045606664900371,,110098
2022-07-25,starknet,1.1579419973718057,0.353195720801203995,,1721
2022-07-26,arbitrum,18.79883046387383,14.900902858764086453,,91568
2022-07-26,optimism,16.370097313819233,12.663341536804680739,,118362
2022-07-26,starknet,0.564731447865993,0.187097397355268774,,1061
2022-07-27,arbitrum,13.60572980071984,15.097300492616030269,,89798
2022-07-27,optimism,24.40409600139636,19.123851731957577668,,213613
2022-07-27,starknet,0.41466463404450066,0.406525400529897423,,1129
2022-07-28,arbitrum,18.359723939416597,18.525437355684522434,,101228
2022-07-28,optimism,37.036538368019805,27.597901659452908074,,237953
2022-07-28,starknet,0.11565764954709432,0.084136376823959159,,1000
2022-07-29,arbitrum,14.974850585752472,11.050100174064350439,,92968
2022-07-29,optimism,23.085433634056518,17.505136322047469282,,269594
2022-07-29,starknet,0.11068451043778157,0.066717194656869806,,1055
2022-07-30,arbitrum,8.71802580432751,6.014494031730289425,,87939
2022-07-30,optimism,9.481648559115683,7.996427512152877963,,211660
2022-07-30,starknet,0.054965252605636485,0.020684064131525546,,1566
2022-07-31,arbitrum,6.985689954720245,6.164070269268765322,,96520
2022-07-31,optimism,7.960940057059371,6.760709460217858625,,167996
2022-07-31,starknet,0.0438825348052778,0.030774193976043086,,2253
2022-08-01,arbitrum,8.769367385037151,8.952807504416611463,,85586
2022-08-01,optimism,11.311881856255097,9.143056102512556062,,146986
2022-08-01,starknet,0.08638198550083695,0.11969678829229643,,18077
2022-08-02,arbitrum,11.286553582002195,9.773045432805439918,,90215
2022-08-02,optimism,14.741550900521384,11.596460313623575057,,182482
2022-08-02,starknet,0.5489562747180743,0.115685802570645888,,5818
2022-08-03,arbitrum,10.386632292617117,8.884355671809073555,,97775
2022-08-03,optimism,13.83123099702814,10.794558207268177431,,193419
2022-08-03,starknet,0.4653420758222374,0.022484434619195256,,3866
2022-08-04,arbitrum,9.910185108388731,8.618117954718245219,,86361
2022-08-04,optimism,17.38538551395374,13.083688965352965312,,217356
2022-08-04,starknet,0.5116689633333664,0.071418864560255487,,3921
2022-08-05,arbitrum,11.244022296650485,11.056349889086524132,,99427
2022-08-05,optimism,17.74425844113485,13.690503936542791642,,213241
2022-08-05,starknet,0.643010787886448,0.096842063207521891,,4107
2022-08-06,arbitrum,8.201523327757663,5.942713696221974779,,88648
2022-08-06,optimism,7.126633132657348,5.771725095559465232,,140589
2022-08-06,starknet,0.6110111983654665,0.071570794154014864,,5545
2022-08-07,arbitrum,6.364583375645456,6.018435062851599232,,91674
2022-08-07,optimism,5.251797944311543,4.441858374764180284,,109978
2022-08-07,starknet,0.5412366470150369,0.147750709218059018,,8251
2022-08-08,arbitrum,11.407073009116992,12.648894361895151685,,105292
2022-08-08,optimism,13.421009622202568,10.81883510256099651,,152664
2022-08-08,starknet,0.713517322851775,0.098488171078787491,,5267
2022-08-09,arbitrum,16.706211573985623,14.660397483791700425,,112322
2022-08-09,optimism,12.821070600079988,10.295873999706468455,,121305
2022-08-09,starknet,0.7982129645285796,0.065146100122323188,,4701
2022-08-10,arbitrum,30.33290338142472,20.747367105745795903,,106106
2022-08-10,optimism,24.209009056215372,19.201266777783527781,,150862
2022-08-10,starknet,0.872038787020787,0.175322574118375648,,6350
2022-08-11,arbitrum,22.413708787540767,16.844709229115374369,,102837
2022-08-11,optimism,19.437032115302365,15.691629319955345381,,141092
2022-08-11,starknet,0.9305698540230346,0.122023134637586812,,2679
2022-08-12,arbitrum,14.652707679835604,9.352946245976096493,,76817
2022-08-12,optimism,10.11387450555515,8.442227503506125991,,104066
2022-08-12,starknet,0.7379743269832167,0.12037116062684961,,2437
2022-08-13,arbitrum,11.190793308792722,6.184942282985010281,,80225
2022-08-13,optimism,5.984287528261015,5.07337583810685269,,102326
2022-08-13,starknet,0.4525526031084618,0.043495650139152206,,2417
2022-08-14,arbitrum,8.366613052508507,7.396615413385760664,,86028
2022-08-14,optimism,6.951550683714522,5.797500720968898673,,101902
2022-08-14,starknet,0.3534151161315951,0.076044002778972257,,2746
2022-08-15,arbitrum,14.174493465676724,12.568287271438232567,,94622
2022-08-15,optimism,14.25399493840043,11.487860191850476483,,133249
2022-08-15,starknet,0.5064796834922313,0.037195475507396337,,2966
2022-08-16,arbitrum,15.736454722432676,8.97792108523957961,,101064
2022-08-16,optimism,11.969143732845136,9.420747832350707855,,174322
2022-08-16,starknet,0.5234997099003287,0.049404861766687817,,3422
2022-08-17,arbitrum,13.106781690890063,10.255226040831002376,,111470
2022-08-17,optimism,10.169662276500526,8.061399851430549046,,135184
2022-08-17,starknet,0.44522639371428163,0.085638783013888113,,3759
2022-08-18,arbitrum,12.75263614011873,8.415020530178302971,,88964
2022-08-18,optimism,8.8587296920184,7.325208660459172497,,109294
2022-08-18,starknet,0.6145620604890352,0.076102693283589643,,4414
2022-08-19,arbitrum,14.924665785209784,14.883695097474438941,,117021
2022-08-19,optimism,18.470733055947647,15.184447486371362803,,166749
2022-08-19,starknet,0.5699985887545762,0.058896186447610185,,3090
2022-08-20,arbitrum,10.936768062498006,8.44746838558156529,,95791
2022-08-20,optimism,8.9472598354781,7.549699067147238274,,138533
2022-08-20,starknet,0.4719286878400247,0.108057330321795156,,3613
2022-08-21,arbitrum,8.53081171015509,5.424636158542529438,,96582
2022-08-21,optimism,4.344661458672292,3.81731531662530041,,108597
2022-08-21,starknet,0.4214841370199166,0.108484648519058289,,4466
2022-08-22,arbitrum,9.360283911878312,10.044065432825083978,,100847
2022-08-22,optimism,9.128169549119873,7.71213779300648833,,119089
2022-08-22,starknet,0.4730783582184956,0.096654185415071315,,3379
2022-08-23,arbitrum,12.110505817554069,10.236999456042788365,,106931
2022-08-23,optimism,9.542917077235453,8.128743770328438197,,130102
2022-08-23,starknet,0.5842619603806496,0.063276229212369902,,3106
2022-08-24,arbitrum,10.496958369364645,8.972207018043677608,,101082
2022-08-24,optimism,8.22109011079204,6.907765323794336861,,121156
2022-08-24,starknet,0.4779825294873552,0.041592060197647469,,2851
2022-08-25,arbitrum,13.15538199604707,12.327744235411175557,,115391
2022-08-25,optimism,8.272014165024919,6.725236183225984362,,99722
2022-08-25,starknet,0.37275042618214316,0.067836277561778925,,2555
2022-08-26,arbitrum,23.960749261287297,16.45260206556214173,,183391
2022-08-26,optimism,12.583518164776931,10.242722338672279042,,136082
2022-08-26,starknet,0.5279972218143759,0.055158990804090234,,3120
2022-08-27,arbitrum,17.750566416408333,9.204962388718446946,,147685
2022-08-27,optimism,5.693932842402202,4.884511885661949886,,114189
2022-08-27,starknet,0.41156530217499876,0.0505301897200098,,3079
2022-08-28,arbitrum,11.562248462709386,11.24877902408770438,,177377
2022-08-28,optimism,5.515987281381141,4.718801689332358865,,113453
2022-08-28,starknet,0.41222062299660484,0.058031101269598511,,3411
2022-08-29,arbitrum,21.29642197666321,18.364538723150735097,,157428
2022-08-29,optimism,13.297972800189902,10.622224208623026234,,136327
2022-08-29,starknet,0.5186662227463007,0.079975639173060695,,2977
2022-08-30,arbitrum,26.312639998638627,26.690797463067369892,,176575
2022-08-30,optimism,19.63457980224816,15.445292532770901908,,170502
2022-08-30,starknet,0.6180762376826512,0.060495160853511973,,2698
2022-08-31,arbitrum,26.11265547080409,3.750683552454622512,,205298
2022-08-31,optimism,19.50215149917788,15.148055421886234474,,152267
2022-08-31,starknet,0.6292148736035335,0.100012628969335558,,2255
2022-09-01,arbitrum,12.2184471,9.449189431936736463,,161438
2022-09-01,optimism,22.587080066222303,18.111296122199030622,,193261
2022-09-01,starknet,0.29903308171428505,0.090188701463804972,,1579
2022-09-02,arbitrum,9.951920579600005,6.402962478613896541,,166393
2022-09-02,optimism,12.034868532104865,9.453246140997558636,,141409
2022-09-02,starknet,0.315684086836526,0.043997037797335573,,1548
2022-09-03,arbitrum,5.2914372668999965,3.180687862543402018,,148992
2022-09-03,optimism,5.061544217519412,4.113885507492441901,,104323
2022-09-03,starknet,0.2932013666911638,0.058719661689634378,,2649
2022-09-04,arbitrum,6.652262870399993,3.872703231104017767,,163879
2022-09-04,optimism,4.666536807375102,3.945296056144560212,,92735
2022-09-04,starknet,0.42368855537799366,0.105556648714642266,,3636
2022-09-05,arbitrum,9.087149597900003,5.663948986441859213,,176412
2022-09-05,optimism,7.441798360974325,5.729006668087608837,,101280
2022-09-05,starknet,0.6399916904044097,0.086973091754312008,,3822
2022-09-06,arbitrum,15.394279924894816,10.283592279475882876,,228770
2022-09-06,optimism,16.42499551380486,12.767464025496853738,,156769
2022-09-06,starknet,0.7554600712341043,0.107484040490055008,,3433
2022-09-07,arbitrum,15.788009678699993,11.849317085737772662,,221146
2022-09-07,optimism,15.857887336033688,12.363273398221009905,,119638
2022-09-07,starknet,0.5912906858260237,0.134416522685411438,,2904
2022-09-08,arbitrum,13.9937087072,11.19789766004355565,,207713
2022-09-08,optimism,13.672084647418169,11.954876183417834164,,112803
2022-09-08,starknet,0.37622986033539324,0.106457589108788408,,2002
2022-09-09,arbitrum,15.73850144749999,11.722493918084340094,,202227
2022-09-09,optimism,16.674423828185233,13.051783377970347589,,125989
2022-09-09,starknet,0.3400622067738467,0.037866407901577498,,1534
2022-09-10,arbitrum,6.465740216834421,4.653409699767554143,,157814
2022-09-10,optimism,6.609629933484495,5.455221604484204004,,102459
2022-09-10,starknet,0.2220160921188339,0.038142178805832981,,1396
2022-09-11,arbitrum,7.271522582607848,4.021252828385298871,,151071
2022-09-11,optimism,6.031433497176986,5.186811744791633365,,102010
2022-09-11,starknet,0.21573544409252435,0.038482871738516125,,1501
2022-09-12,arbitrum,11.72102243469999,7.823210469878505757,,164112
2022-09-12,optimism,11.849617842857324,9.835274535151027486,,117437
2022-09-12,starknet,0.309447013978446,0.108492176339572365,,1960
2022-09-13,arbitrum,14.112142249154502,10.67345929487958269,,203773
2022-09-13,optimism,18.698928540636015,14.824300585260377649,,147248
2022-09-13,starknet,0.19516739679500725,0.113717607227774799,,16982
2022-09-14,arbitrum,8.733981187899998,5.817687487021798019,,155186
2022-09-14,optimism,10.622488220453086,8.620697057724091353,,128950
2022-09-14,starknet,0.3095656905656578,0.06911567467227655,,1814
2022-09-15,arbitrum,12.320427359589535,8.311525276921121784,,161349
2022-09-15,optimism,20.233766843423403,14.90234394346733535,,171943
2022-09-15,starknet,0.24335282816154463,0.02020216262912149,,1615
2022-09-16,arbitrum,6.234903685489401,3.63798510147317654,,141116
2022-09-16,optimism,7.200900196016017,5.335191431250401393,,122491
2022-09-16,starknet,0.19616445001665422,0.036819006348732615,,6289
2022-09-17,arbitrum,4.171852425900001,1.742368614435555153,,111679
2022-09-17,optimism,2.905620553500253,2.249985102729101358,,83683
2022-09-17,starknet,0.3066995798649803,0.060973802738204153,,2550
2022-09-18,arbitrum,7.016194406196985,2.662065120414984326,,136771
2022-09-18,optimism,5.82282980479218,4.504372810053610265,,108966
2022-09-18,starknet,0.2174841538628963,0.038571420985929698,,2367
2022-09-19,arbitrum,8.335801511530528,4.310076539178666183,,178691
2022-09-19,optimism,8.597366984494732,6.160288801850731999,,147317
2022-09-19,starknet,0.2593335448317865,0.035234456048405613,,2135
2022-09-20,arbitrum,10.043644720941744,6.56178410437258457,,232780
2022-09-20,optimism,15.661528437114931,10.883504823831979298,,225399
2022-09-20,starknet,1.0442896814603306,0.110300242766209538,,4350
2022-09-21,arbitrum,17.41156728750914,9.794415655298251961,,265140
2022-09-21,optimism,27.424447725682924,20.321722350661945123,,346381
2022-09-21,starknet,0.40051922989990413,0.176968062346717305,,3423
2022-09-22,arbitrum,10.627013636799996,5.968075174672968404,,241448
2022-09-22,optimism,15.22285150573686,11.283043793573958177,,273354
2022-09-22,starknet,0.24883706729522395,0.09429481566467626,,2290
2022-09-23,arbitrum,9.102409558999996,5.048460693908198225,,227701
2022-09-23,optimism,15.477647819242463,11.980079894128559863,,317297
2022-09-23,starknet,0.20163171152179835,0.034835855332419044,,1624
2022-09-24,arbitrum,6.551875839500002,2.572032018068139858,,193916
2022-09-24,optimism,6.7135097585052925,5.654345345246380878,,209969
2022-09-24,starknet,0.1622347045012291,0.018127363295741907,,1863
2022-09-25,arbitrum,7.592270445499988,3.511414539549500055,,209956
2022-09-25,optimism,9.214172979765664,7.594029300143019692,,219525
2022-09-25,starknet,0.15592492815767953,0.032873968931228458,,2032
2022-09-26,arbitrum,10.099257952299991,5.679587905715823421,,214959
2022-09-26,optimism,13.864587952051554,11.419071657812297105,,220960
2022-09-26,starknet,0.5544923550297771,0.061550508567394386,,3126
2022-09-27,arbitrum,13.8778869982,9.618575092839612929,,195095
2022-09-27,optimism,23.147862888586392,19.357743922427553373,,204735
2022-09-27,starknet,0.6495423494012149,0.104163334087494073,,2441
2022-09-28,arbitrum,13.565745105920012,8.166998134481197881,,234103
2022-09-28,optimism,23.13099229593892,18.322960773606805827,,261596
2022-09-28,starknet,0.5519910935444886,0.083184741348680416,,2535
2022-09-29,arbitrum,10.919303760000002,7.005608117886928695,,198476
2022-09-29,optimism,19.540850403441603,15.744010603195987135,,236002
2022-09-29,starknet,1.1278609252790261,0.078981388264317204,,4081
2022-09-30,arbitrum,11.531035837917326,7.558258775251191115,,193557
2022-09-30,optimism,22.101299305609672,17.816727702207551402,,239061
2022-09-30,starknet,1.0028589620640374,0.127338716861863959,,3588
2022-10-01,arbitrum,7.945815743999999,4.003365131408796768,,192145
2022-10-01,optimism,10.544342494116494,8.670391143419758229,,211953
2022-10-01,starknet,0.40656638103164316,0.066776331253821815,,3157
2022-10-02,arbitrum,6.85549702528482,2.487963755805223378,,208481
2022-10-02,optimism,7.000146408600831,5.598131099761890674,,226401
2022-10-02,starknet,0.23859459470187266,0.026649918670482937,,6309
2022-10-03,arbitrum,10.535888377,6.852158575150039804,,178789
2022-10-03,optimism,16.212478984242452,13.670885101864729187,,190427
2022-10-03,starknet,1.0481703612737656,0.066984502743412776,,10594
2022-10-04,arbitrum,10.066785411099994,6.20593499748275236,,184381
2022-10-04,optimism,13.86573669351946,11.969920903659058023,,177426
2022-10-04,starknet,0.8159600385143859,0.122181874043181698,,3897
2022-10-05,arbitrum,12.2964962554,7.34433509609005027,,220356
2022-10-05,optimism,17.453496178537318,15.101478240059947098,,245602
2022-10-05,starknet,0.6399573871898475,0.079520887090521434,,3664
2022-10-06,arbitrum,11.4307368362,6.304333361865903526,,210526
2022-10-06,optimism,16.511838159974563,13.823459151991405554,,254959
2022-10-06,starknet,0.7670470244940492,0.068323616433426678,,3691
2022-10-07,arbitrum,10.260035123241009,5.093115642313521983,,227555
2022-10-07,optimism,10.604590253772928,9.025348963492189633,,208340
2022-10-07,starknet,0.44158556292040385,0.079191377255921831,,3350
2022-10-08,arbitrum,10.175118952930692,7.150699399409318001,,222525
2022-10-08,optimism,13.455652952194574,11.992111685504554565,,194084
2022-10-08,starknet,0.4037067897210489,0.390709250017017326,,2911
2022-10-09,arbitrum,15.5075782346,12.263508666397208606,,184210
2022-10-09,optimism,21.396543702075974,19.11195997507799657,,128545
2022-10-09,starknet,1.3063068603713053,0.070539465890416715,,2461
2022-10-10,arbitrum,16.938756138000002,13.807094845721483411,,151411
2022-10-10,optimism,29.46503368318521,25.30574146797748095,,134105
2022-10-10,starknet,0.6695951814949348,0.186049479099318027,,2456
2022-10-11,arbitrum,15.320828120099998,11.789731455507035015,,168878
2022-10-11,optimism,27.654871197613,23.873024324600301375,,177287
2022-10-11,starknet,1.162602338371407,0.101029780231069347,,3183
2022-10-12,arbitrum,11.780324048800004,8.431737508769484879,,172148
2022-10-12,optimism,22.509268497816727,18.02968448177543962,,179896
2022-10-12,starknet,0.7877091888835338,0.078790333243963459,,2182
2022-10-13,arbitrum,17.90130868096467,13.628092507130765252,,216325
2022-10-13,optimism,33.55711372527806,27.373809150995190222,,266015
2022-10-13,starknet,0.40548248641833085,0.055664401311932244,,1580
2022-10-14,arbitrum,13.691289290299991,9.684444796733315991,,218500
2022-10-14,optimism,18.4572800985294,15.53505702694528603,,181624
2022-10-14,starknet,0.4905473428657551,0.036678028138576413,,1527
2022-10-15,arbitrum,10.403044172099998,7.08721375349783197,,175886
2022-10-15,optimism,17.45943449376053,15.35532500705896547,,190745
2022-10-15,starknet,0.8574022274876922,0.073066846482112839,,2291
2022-10-16,arbitrum,9.9265987618,6.347862505643166623,,178129
2022-10-16,optimism,15.621249265732391,13.202791359900115026,,190806
2022-10-16,starknet,1.2070455673996086,0.065517837343621801,,4239
2022-10-17,arbitrum,14.2512584032,10.514691095410893407,,207931
2022-10-17,optimism,20.812593364879543,17.869209827202313727,,173356
2022-10-17,starknet,0.6914284527256482,0.126605447196381568,,2477
2022-10-18,arbitrum,17.5827177354,13.370267394413710858,,227438
2022-10-18,optimism,25.36187922411837,21.695652272737844173,,188607
2022-10-18,starknet,1.034703300226961,0.072998607822432402,,2647
2022-10-19,arbitrum,30.4321650408,24.054857199116043309,,382698
2022-10-19,optimism,25.044341041996425,21.882339307311660386,,164830
2022-10-19,starknet,2.005897045953741,0.264273492223199715,,6395
2022-10-20,arbitrum,35.97883351820001,30.24927545945491352,,376731
2022-10-20,optimism,31.735825063354618,27.594056906949838788,,168018
2022-10-20,starknet,2.874893791613112,0.277513053327413651,,9138
2022-10-21,arbitrum,22.708558241149387,18.62206029844443791,,246815
2022-10-21,optimism,34.08562341063253,28.300918563050578015,,187988
2022-10-21,starknet,3.065762482100891,0.469048048147896619,,9623
2022-10-22,arbitrum,14.749543077299991,10.54831159385835851,,233029
2022-10-22,optimism,19.162805651669476,16.168352759634221881,,164362
2022-10-22,starknet,2.618888510586025,0.310453555193427186,,10236
2022-10-23,arbitrum,13.826570963149692,8.885527614382288205,,263452
2022-10-23,optimism,16.960419602388495,14.256577462816555315,,208674
2022-10-23,starknet,2.236833358201673,0.362887365863029895,,14930
2022-10-24,arbitrum,20.99705484533594,15.229516380881108937,,321910
2022-10-24,optimism,23.918893051225208,20.054785881943644587,,207158
2022-10-24,starknet,3.804671826171134,0.590851129627773754,,14686
2022-10-25,arbitrum,26.40363984440552,20.735045568695040518,,356336
2022-10-25,optimism,36.35842467215146,29.401150891480582272,,257867
2022-10-25,starknet,2.3358665137972427,0.420626860632191842,,17226
2022-10-26,arbitrum,26.74809783539999,19.871550817858255196,,413906
2022-10-26,optimism,33.418195364332455,26.381985298122391188,,287415
2022-10-26,starknet,1.6711158122330068,0.801700461105998286,,19015
2022-10-27,arbitrum,24.728282855690825,16.141665747236081476,,420949
2022-10-27,optimism,27.40196936262443,21.738317812752537136,,294266
2022-10-27,starknet,1.754188613083379,0.616012149795108221,,16063
2022-10-28,arbitrum,22.788133352479687,15.352209705680285477,,383193
2022-10-28,optimism,25.402791919983517,20.462104018020819926,,265083
2022-10-28,starknet,2.1039693621068323,0.422999100685003997,,14424
2022-10-29,arbitrum,18.753068255407253,11.291494637698143549,,357222
2022-10-29,optimism,23.04439891048121,17.802559058123687536,,281409
2022-10-29,starknet,1.5940671097259917,0.33224939938529245,,12986
2022-10-30,arbitrum,14.584255931700003,7.36180294778914878,,366195
2022-10-30,optimism,14.60270762759939,11.593589585228150517,,281304
2022-10-30,starknet,1.062386222714042,0.25411453581869929,,13419
2022-10-31,arbitrum,24.602767757881203,18.20751474799215912,,377326
2022-10-31,optimism,29.58447676822872,24.46889554204848597,,261974
2022-10-31,starknet,2.0196060203155337,0.508030110947080072,,12788
2022-11-01,arbitrum,20.256858819699985,12.545776245780921246,,377617
2022-11-01,optimism,23.52701373251516,18.7478918575638909,,288673
2022-11-01,starknet,1.5452092156020447,0.2855296699495424,,13589
2022-11-02,arbitrum,23.367034604818556,15.757001968666863833,,379379
2022-11-02,optimism,30.473305529266305,24.40512968088210639,,312841
2022-11-02,starknet,1.529403525773343,0.327910591402350032,,13720
2022-11-03,arbitrum,21.717398260399992,15.792476787928705844,,323639
2022-11-03,optimism,34.09169401526065,27.368288385490064497,,293430
2022-11-03,starknet,2.0236334147361097,0.60024979829463185,,15344
2022-11-04,arbitrum,21.993954873657007,15.615524715722858272,,329702
2022-11-04,optimism,38.05572646910402,29.672675612010032099,,340738
2022-11-04,starknet,1.8527332583870404,0.364479265742976066,,12570
2022-11-05,arbitrum,17.0526096852,10.606818963484264729,,343122
2022-11-05,optimism,26.35645292641039,20.576067671984365604,,355687
2022-11-05,starknet,1.4702662027429128,0.30588492807168892,,12276
2022-11-06,arbitrum,17.827501833099994,10.917913699881260147,,370695
2022-11-06,optimism,27.0563253090835,20.923058817110892729,,391053
2022-11-06,starknet,1.4314781333809365,0.329425963365430488,,12934
2022-11-07,arbitrum,26.12668899489998,18.456248620384544141,,391254
2022-11-07,optimism,35.62246013914916,28.379263267742094662,,348484
2022-11-07,starknet,1.8079185330938239,0.405234086819869955,,11979
2022-11-08,arbitrum,52.72424651605373,64.108286268523225977,,571947
2022-11-08,optimism,162.38959946759803,116.86054865802917709,,475550
2022-11-08,starknet,2.114629773788054,0.521426431932727344,,9126
2022-11-09,arbitrum,66.49719818363488,71.666938106909687923,,570554
2022-11-09,optimism,157.77725048050286,117.798544005345515195,,498279
2022-11-09,starknet,2.4413068326662537,0.635455542676712768,,7638
2022-11-10,arbitrum,51.94618832731536,47.542129147203639641,,468596
2022-11-10,optimism,81.8187901770995,64.11633855765471801,,335007
2022-11-10,starknet,2.5896902507174886,0.603379352505723216,,8278
2022-11-11,arbitrum,38.81009890003483,30.333439056947206297,,470736
2022-11-11,optimism,56.58550519054497,43.969886481256941368,,400191
2022-11-11,starknet,1.9384068729744521,0.263726003968496174,,8902
2022-11-12,arbitrum,20.925991582999984,13.567274884430745493,,350735
2022-11-12,optimism,28.790324651734856,23.270438423148903118,,328654
2022-11-12,starknet,1.585305267751288,0.338211287030542198,,8227
2022-11-13,arbitrum,19.8036918056,12.871495338020772318,,331691
2022-11-13,optimism,25.375112684092574,20.694126686278665723,,302611
2022-11-13,starknet,1.6264741493159076,0.22797346909647515,,8757
2022-11-14,arbitrum,24.568562186047505,17.841030698777206199,,353050
2022-11-14,optimism,34.35928464419551,27.523188690916488589,,326807
2022-11-14,starknet,2.296180411220635,0.358913013226440096,,11529
2022-11-15,arbitrum,23.635489487400008,16.909105034744169464,,341791
2022-11-15,optimism,31.057519609691028,25.720490204913691565,,301274
2022-11-15,starknet,2.571923113032889,0.330161408589241969,,14584
2022-11-16,arbitrum,22.000399349184303,15.303694195857025762,,340727
2022-11-16,optimism,27.760815852694087,23.024473974271791646,,295607
2022-11-16,starknet,2.444916660560693,0.525459828377100575,,15984
2022-11-17,arbitrum,19.718810519000005,13.764031031419291501,,314633
2022-11-17,optimism,29.655160291136685,23.102236545580932865,,318632
2022-11-17,starknet,2.7364178803091534,0.542431671231375097,,19163
2022-11-18,arbitrum,17.374949145899986,11.513490678312870235,,300180
2022-11-18,optimism,24.785393368657004,20.014728371884534653,,316862
2022-11-18,starknet,3.4288553618495294,0.697107854098752568,,26344
2022-11-19,arbitrum,22.648527405800017,14.511975692012077363,,451744
2022-11-19,optimism,27.636038340550567,21.136936350146585052,,391736
2022-11-19,starknet,2.959919770071859,0.578848456878165468,,23381
2022-11-20,arbitrum,24.9903617691,15.448811280775523336,,491936
2022-11-20,optimism,28.455245836151672,21.52383200894348973,,392190
2022-11-20,starknet,2.786512559984777,0.684721981263713192,,21658
2022-11-21,arbitrum,26.535174896400022,16.456165445469016666,,498037
2022-11-21,optimism,31.44205781195774,23.680865164420167086,,415749
2022-11-21,starknet,2.9950743105608746,0.769326439505997641,,22030
2022-11-22,arbitrum,28.451564708255628,18.226906624251637923,,458247
2022-11-22,optimism,33.56462383419479,25.663445842461499894,,384012
2022-11-22,starknet,3.061868366932683,0.635491577169104676,,18094
2022-11-23,arbitrum,24.63800537459995,15.92489723931422017,,411453
2022-11-23,optimism,32.18302720302928,24.482524786792086292,,410093
2022-11-23,starknet,2.7558640149188296,0.605337868190836813,,19010
2022-11-24,arbitrum,18.124583752200007,11.057829494187030263,,351278
2022-11-24,optimism,30.02913952323403,22.165510358470521656,,425020
2022-11-24,starknet,2.5306563116105636,0.590988268666778295,,20201
2022-11-25,arbitrum,17.181402579400014,10.110505062398256307,,348858
2022-11-25,optimism,23.448696335947165,17.966209164217814582,,359913
2022-11-25,starknet,2.530409105681991,0.590556844801551669,,19531
2022-11-26,arbitrum,15.498407932399994,9.008749308792245576,,333429
2022-11-26,optimism,23.32291139987649,17.565920909862091952,,361790
2022-11-26,starknet,2.510101007419292,0.586144324935818149,,20457
2022-11-27,arbitrum,14.141891614793805,8.225952189005961328,,320356
2022-11-27,optimism,21.915970377337743,16.868949463736210045,,364456
2022-11-27,starknet,2.2535005845333282,0.501351802126519486,,20732
2022-11-28,arbitrum,19.3963099336,12.636338233652036515,,340899
2022-11-28,optimism,27.19313601047526,21.508467300529717119,,333638
2022-11-28,starknet,2.5017135250382423,0.261924074681157653,,16278
2022-11-29,arbitrum,17.96156605070001,10.775970591396893744,,374065
2022-11-29,optimism,23.16566648503452,18.010417191446618253,,343990
2022-11-29,starknet,2.744498753098287,0.921292047128616673,,21754
2022-11-30,arbitrum,20.96541205077679,13.151011697062243642,,406581
2022-11-30,optimism,27.07053930316192,20.966305767981438261,,367429
2022-11-30,starknet,2.9322168639015187,0.387382483466695256,,27898
2022-12-01,arbitrum,19.270798020110806,12.231975943725755666,,367959
2022-12-01,optimism,26.5866376445138,20.846018622605549963,,355895
2022-12-01,starknet,3.032955584022541,0.810948690803114302,,22800
2022-12-02,arbitrum,18.744639204968436,11.701590681301439249,,363234
2022-12-02,optimism,26.321568892120112,20.294875431014515717,,353936
2022-12-02,starknet,2.603556159523739,0.455170590742252215,,18882
2022-12-03,arbitrum,17.494456322100007,10.846762522616153963,,365412
2022-12-03,optimism,24.138759520067293,18.701105338987018485,,342473
2022-12-03,starknet,2.6712767775263915,0.614702959381387183,,20857
2022-12-04,arbitrum,18.65372840289999,11.526037126695978723,,400746
2022-12-04,optimism,25.344172040335188,18.86581376163232134,,346841
2022-12-04,starknet,3.1569928893326944,0.769760885333993777,,24645
2022-12-05,arbitrum,19.206302091999994,12.767350387100038361,,352178
2022-12-05,optimism,29.7097291447475,23.00280655063616235,,368668
2022-12-05,starknet,4.012730795557565,1.1164457322814102,,27833
2022-12-06,arbitrum,22.047702979800007,16.391800883255542571,,360583
2022-12-06,optimism,29.28808011077474,23.266255694098212157,,345405
2022-12-06,starknet,4.602421170936463,1.136781883334511037,,26717
2022-12-07,arbitrum,19.5168904919837,13.946584407172296011,,342831
2022-12-07,optimism,30.82284338962041,24.670159331971184311,,348253
2022-12-07,starknet,5.564677043465864,1.689136252858866344,,37882
2022-12-08,arbitrum,19.752602687508737,13.447389306431242654,,335786
2022-12-08,optimism,34.72735364724387,26.778909725409926422,,406091
2022-12-08,starknet,6.811197617623218,0.774343212701215297,,51934
2022-12-09,arbitrum,25.44281322054197,24.550230437800292084,,312780
2022-12-09,optimism,51.46375198500036,42.288501096796474295,,361454
2022-12-09,starknet,5.034818902238424,1.003444083524029793,,19603
2022-12-10,arbitrum,15.032749544399994,10.597723451672159442,,267349
2022-12-10,optimism,38.07418419240905,29.400024495946364158,,452497
2022-12-10,starknet,3.3822558452856564,0.376957048970761052,,18866
2022-12-11,arbitrum,15.135000519700004,10.541265710772465146,,257367
2022-12-11,optimism,37.35988574373375,28.864187266743933651,,421061
2022-12-11,starknet,3.0448126016608503,0.590922188142216651,,17493
2022-12-12,arbitrum,23.23811135419999,16.626593211199114618,,378811
2022-12-12,optimism,41.58939748792498,31.446634290866375551,,447053
2022-12-12,starknet,3.0396687697742113,0.551948971500710732,,15941
2022-12-13,arbitrum,28.91014602433797,18.866373849514068757,,361666
2022-12-13,optimism,52.82800797630812,38.886009686668414528,,510469
2022-12-13,starknet,3.270202744457568,0.449590972200398011,,14182
2022-12-14,arbitrum,24.90270337154165,15.036424979474079812,,349433
2022-12-14,optimism,51.70119936853795,37.060831077975121929,,588673
2022-12-14,starknet,3.7337590775995926,0.313357907437580134,,21388
2022-12-15,arbitrum,27.342426963438875,16.950405528656812141,,379337
2022-12-15,optimism,44.49082290698332,32.975140699664086865,,472243
2022-12-15,starknet,4.207299629399492,0.570756190654498303,,20921
2022-12-16,arbitrum,29.40441960447475,19.220078008905398149,,348971
2022-12-16,optimism,49.2622543638996,36.558676398077051764,,467382
2022-12-16,starknet,4.29702462508105,0.679714906290466466,,21138
2022-12-17,arbitrum,18.0653220108,9.877183578366765098,,281563
2022-12-17,optimism,41.41595766475999,29.716426609150823349,,536714
2022-12-17,starknet,2.186297580977681,0.423675373317114831,,14054
2022-12-18,arbitrum,16.09313203759999,8.79464310733117988,,255048
2022-12-18,optimism,34.07443064378545,25.464137022361329109,,436084
2022-12-18,starknet,1.8754790350966357,0.201402823903512508,,11916
2022-12-19,arbitrum,17.552895088299987,10.157051519224675557,,260200
2022-12-19,optimism,32.241492819917525,24.881782824773278745,,408635
2022-12-19,starknet,2.1590938936071074,0.316204603169037538,,13589
2022-12-20,arbitrum,21.679555632296324,12.923196140955279146,,306238
2022-12-20,optimism,52.80502511071783,37.071660061136881031,,536796
2022-12-20,starknet,2.4146338464021007,0.674665514453986609,,13088
2022-12-21,arbitrum,20.76600693189999,12.103489800927602494,,316936
2022-12-21,optimism,53.1855564766705,38.297525324799717262,,598597
2022-12-21,starknet,2.4213111447813436,0.251860957056726874,,15651
2022-12-22,arbitrum,19.14644942736051,11.121087823521167502,,291008
2022-12-22,optimism,43.94040391643546,32.432416310349279944,,542618
2022-12-22,starknet,2.7591824855260567,0.35444841338571983,,17338
2022-12-23,arbitrum,17.58395257731419,9.804150362334825189,,277889
2022-12-23,optimism,37.45582365248606,28.043595336120610241,,500181
2022-12-23,starknet,2.4000517386677376,0.31751622785709085,,15332
2022-12-24,arbitrum,18.42133075749999,9.458493068072807249,,339330
2022-12-24,optimism,30.442540361046436,22.752760613492510268,,459660
2022-12-24,starknet,1.6410094044710177,0.188998473207617376,,12535
2022-12-25,arbitrum,15.373958996175348,7.734818322004791642,,294154
2022-12-25,optimism,32.91415067723223,23.901170762015411471,,520163
2022-12-25,starknet,3.1090020955568556,0.237522879408614491,,15425
2022-12-26,arbitrum,14.204487153000004,7.387756035331391943,,258009
2022-12-26,optimism,33.40502174939915,24.740876365809319606,,505994
2022-12-26,starknet,2.3509937374963537,0.349188305087887229,,16405
2022-12-27,arbitrum,15.76855630679999,8.900500257093199207,,236503
2022-12-27,optimism,40.58406055674551,30.089388661680989295,,518295
2022-12-27,starknet,2.236285186215955,0.254106392700794627,,14081
2022-12-28,arbitrum,17.24864751332171,9.966898839467589029,,235853
2022-12-28,optimism,51.82729358147906,37.568739677518301686,,597275
2022-12-28,starknet,2.2083911184311003,0.476756741996032842,,12915
2022-12-29,arbitrum,15.705014474500013,9.498775319373292916,,218381
2022-12-29,optimism,51.29756324081201,37.4668979039901618,,564309
2022-12-29,starknet,2.2567995924169457,0.429688247480448156,,11490
2022-12-30,arbitrum,20.84377599569995,12.637463688657558296,,322731
2022-12-30,optimism,53.9584795243291,39.411839591111287477,,581126
2022-12-30,starknet,2.3246839695009136,0.279378255968068748,,12281
2022-12-31,arbitrum,15.340958520399989,8.996823760962402816,,206956
2022-12-31,optimism,43.19422755121317,32.744823692977911167,,463475
2022-12-31,starknet,1.417981744581696,0.16397388352677935,,7811
2023-01-01,arbitrum,10.197731853,5.883537086360239246,,158731
2023-01-01,optimism,29.633329297160785,23.133319094205992121,,376651
2023-01-01,starknet,1.2030962844641655,0.108363744194195829,,7109
2023-01-02,arbitrum,14.326898959700005,8.681214044837557053,,203740
2023-01-02,optimism,34.73311698824769,26.85757779524966582,,396881
2023-01-02,starknet,1.8640651429547512,0.271177796621154386,,10055
2023-01-03,arbitrum,21.452154693199997,13.399875537649122119,,289056
2023-01-03,optimism,49.66873154886572,36.829002111034472491,,504789
2023-01-03,starknet,2.612762410646774,0.24260217447306084,,13414
2023-01-04,arbitrum,26.99548097396423,17.765467749052309203,,365768
2023-01-04,optimism,56.98346379879062,42.529576104279373877,,525197
2023-01-04,starknet,3.5359464441916324,0.407082549377666051,,20740
2023-01-05,arbitrum,19.792353109199983,13.245348933106459248,,244090
2023-01-05,optimism,56.6698463002562,42.153568841445655432,,511981
2023-01-05,starknet,4.132314448802551,0.66251927500620276,,19636
2023-01-06,arbitrum,21.02145635671072,13.958384088790169397,,262761
2023-01-06,optimism,65.15436552137723,47.16315722417476847,,630666
2023-01-06,starknet,3.9144029507542,0.606501605748426945,,20346
2023-01-07,arbitrum,15.1850792663,9.148974937329994554,,248922
2023-01-07,optimism,58.78819326086624,40.678394295051321069,,689590
2023-01-07,starknet,2.878332575243131,0.365511064491226673,,18279
2023-01-08,arbitrum,16.99516797677962,10.75196923686935355,,225789
2023-01-08,optimism,57.141333470755015,41.899253742177685555,,596293
2023-01-08,starknet,2.9649453635446057,0.580586090552323244,,16826
2023-01-09,arbitrum,27.4047110723,18.331581425852878286,,295565
2023-01-09,optimism,75.40743102119258,54.534344155893300347,,644943
2023-01-09,starknet,2.918244967471984,0.714502221195119758,,14558
2023-01-10,arbitrum,24.82215805419999,16.550558243814721223,,303136
2023-01-10,optimism,65.17729873188298,48.138918107238044507,,595132
2023-01-10,starknet,3.045142741077589,0.260880686180330438,,12115
2023-01-11,arbitrum,26.861340573056417,18.22304278967621868,,320045
2023-01-11,optimism,70.26820755482125,51.061573451395452587,,611128
2023-01-11,starknet,2.4008345940026112,0.770668659839171986,,10159
2023-01-12,arbitrum,29.7828911727975,19.265756403974874994,,347955
2023-01-12,optimism,92.27338219487632,64.253504572103153909,,798603
2023-01-12,starknet,2.482484467273084,0.377119977942398372,,10619
2023-01-13,arbitrum,27.80088992469864,19.748185961059227805,,283658
2023-01-13,optimism,97.18227812303924,69.34299829269870914,,732743
2023-01-13,starknet,2.068685597408206,0.23700326994813624,,8090
2023-01-14,arbitrum,34.09487260296138,24.746721250414322407,,344584
2023-01-14,optimism,98.39233468105886,70.409084001582035279,,735436
2023-01-14,starknet,2.79350035554119,0.560503389486292173,,8968
2023-01-15,arbitrum,23.564112681850816,15.248615262487711253,,305236
2023-01-15,optimism,70.08020916579608,50.574738954180087785,,668993
2023-01-15,starknet,2.0658339959155416,0.20802954687892137,,9596
2023-01-16,arbitrum,25.28183470357104,16.971451269124244075,,292065
2023-01-16,optimism,82.26975879805512,60.503161312179540445,,687436
2023-01-16,starknet,1.81319152996798,0.213930102415146892,,8248
2023-01-17,arbitrum,25.607574856994937,17.029740453584331147,,282571
2023-01-17,optimism,75.90354635408383,54.890474964456850562,,600335
2023-01-17,starknet,1.9090812936240869,0.400531458881874491,,7513
2023-01-18,arbitrum,33.38911789030177,24.932130284673225738,,287015
2023-01-18,optimism,44.74203736984316,36.181384364685036872,,238299
2023-01-18,starknet,1.7955817625497623,0.40169425204519138,,7772
2023-01-19,arbitrum,21.357523372099998,14.16842163906667097,,248216
2023-01-19,optimism,20.463550558158865,18.277653652916691964,,164422
2023-01-19,starknet,2.0087251492586944,0.146427141677483863,,12198
2023-01-20,arbitrum,24.16768794569284,16.446262540458749938,,275850
2023-01-20,optimism,27.243601063430106,23.271362174678996197,,196733
2023-01-20,starknet,1.3996543015538672,0.261851193730284769,,5704
2023-01-21,arbitrum,21.8961163363851,13.262120421684822322,,278260
2023-01-21,optimism,25.146935618781534,21.058697620908434322,,235759
2023-01-21,starknet,1.2592899962709039,0.127422226558226789,,6125
2023-01-22,arbitrum,19.68574060437604,11.195634633601277191,,266834
2023-01-22,optimism,18.36795568135445,16.067425859674234294,,191729
2023-01-22,starknet,1.4447816003151264,0.120955244182399231,,7494
2023-01-23,arbitrum,24.221565801884115,15.76715723831212102,,299770
2023-01-23,optimism,23.00561225523064,20.424670828562761538,,186148
2023-01-23,starknet,1.3864020376842157,0.154291491771731417,,6598
2023-01-24,arbitrum,24.95172696232532,17.984309864236301986,,301669
2023-01-24,optimism,29.38534990153374,27.327598832872605616,,200939
2023-01-24,starknet,1.640714817094045,0.336020552244690375,,6709
2023-01-25,arbitrum,28.192042834550534,18.685968493536408513,,321308
2023-01-25,optimism,32.222010347493445,27.021527902707962556,,237168
2023-01-25,starknet,1.9065977825586353,0.237577439383590021,,8843
2023-01-26,arbitrum,31.26648801668784,19.694477943173588132,,361429
2023-01-26,optimism,25.93493298073851,22.480977780940298955,,203090
2023-01-26,starknet,2.2388424305253314,0.216030707218400009,,11151
2023-01-27,arbitrum,34.10193807505614,22.18976109984111479,,406015
2023-01-27,optimism,25.12848081464007,22.16130660403987491,,188796
2023-01-27,starknet,2.1770119167732087,0.296607955218263617,,14037
2023-01-28,arbitrum,22.53999851289997,12.789802203672059221,,323911
2023-01-28,optimism,14.20534164831512,12.803403972499329147,,150340
2023-01-28,starknet,2.1695486473453283,0.177639553281204194,,16355
2023-01-29,arbitrum,29.263870238407915,17.859242780859320571,,355894
2023-01-29,optimism,18.620876864469384,16.025403108613857651,,157309
2023-01-29,starknet,1.9445354625759095,0.216056844991750984,,10261
2023-01-30,arbitrum,32.67365899612143,19.890077553978456809,,405864
2023-01-30,optimism,24.718367943954625,20.603901918506091928,,201402
2023-01-30,starknet,1.6267291664822525,0.288560220570322555,,7569
2023-01-31,arbitrum,32.9073545559889,26.080750905550448122,,344702
2023-01-31,optimism,24.57990886389086,21.89896156339908635,,165730
2023-01-31,starknet,2.7409590923943896,0.420368296220801313,,13072
2023-02-01,arbitrum,41.01408796331973,32.936373022607068022,,416113
2023-02-01,optimism,40.420419976196015,33.47876295003088256,,211386
2023-02-01,starknet,2.786734529755602,0.287171911898486836,,12062
2023-02-02,arbitrum,44.20671519937782,32.666023276326222031,,430240
2023-02-02,optimism,41.23248091811178,34.480056406035067197,,235619
2023-02-02,starknet,2.904490286326727,0.432387408987804851,,10692
2023-02-03,arbitrum,39.7392203739178,29.16417198806247431,,376726
2023-02-03,optimism,32.056837026429,27.970770534865733348,,182633
2023-02-03,starknet,3.5887352413730342,0.385112720156826687,,9818
2023-02-04,arbitrum,35.35859203109184,23.912897910409627742,,400331
2023-02-04,optimism,20.55402296273614,18.542375781109598886,,149675
2023-02-04,starknet,4.065173548790193,0.336428493184836256,,13334
2023-02-05,arbitrum,35.62584142882723,23.554978226136400376,,430889
2023-02-05,optimism,20.529581221075823,17.961789590233219284,,155651
2023-02-05,starknet,3.8777711866512092,0.484282157076873501,,17523
2023-02-06,arbitrum,42.35553001061808,29.291913430174208679,,458986
2023-02-06,optimism,26.709917368181458,23.075840435855235619,,174840
2023-02-06,starknet,3.5224933351236594,0.511666021082269148,,14912
2023-02-07,arbitrum,55.01004463207226,42.936574767176101049,,504980
2023-02-07,optimism,36.3210142503356,31.671516379261607969,,177021
2023-02-07,starknet,3.5656349759470958,0.558311121392424554,,9774
2023-02-08,arbitrum,60.4874763206829,47.254581547882297513,,529939
2023-02-08,optimism,41.33196199816281,35.871968800312622477,,197190
2023-02-08,starknet,3.125785853089017,0.771199595866274008,,9040
2023-02-09,arbitrum,62.02703355137164,49.905102678258963679,,506934
2023-02-09,optimism,92.1091503833434,73.6662389600133193,,261201
2023-02-09,starknet,3.9017282837517953,0.411685586907881233,,11453
2023-02-10,arbitrum,46.090644798719744,33.151267746431321832,,501756
2023-02-10,optimism,42.254015419093335,35.529323549012009223,,278995
2023-02-10,starknet,3.93367278255181,0.45531379146890633,,14061
2023-02-11,arbitrum,29.36373352514624,17.67147410924808773,,378897
2023-02-11,optimism,20.0207572966224,17.598069592111471542,,184511
2023-02-11,starknet,2.996081986560693,0.274385460992426664,,13593
2023-02-12,arbitrum,32.3438942456035,19.771809907666451581,,442257
2023-02-12,optimism,19.847125330136464,17.511378986491825822,,195281
2023-02-12,starknet,2.9129716189078194,0.437552877754744723,,14573
2023-02-13,arbitrum,45.17900931066747,31.708293156219349189,,490029
2023-02-13,optimism,33.85620780631709,28.464473277589967243,,221979
2023-02-13,starknet,3.046104082033046,0.436658079674044226,,11475
2023-02-14,arbitrum,57.21466267198012,54.477290654465635393,,529186
2023-02-14,optimism,46.07327437527775,41.626767557028808368,,201307
2023-02-14,starknet,3.704352485434745,2.003001719153493777,,13691
2023-02-15,arbitrum,68.54864539166809,55.515876611973493055,,566431
2023-02-15,optimism,48.995262193817474,42.408564740691069976,,204848
2023-02-15,starknet,3.4102080533029344,0.444322467507558982,,8994
2023-02-16,arbitrum,81.6851395515903,66.971261958297158464,,624370
2023-02-16,optimism,65.31105307026378,54.845791225105208538,,263015
2023-02-16,starknet,3.0956754985688586,0.316586340919628674,,7676
2023-02-17,arbitrum,78.57148794318779,62.416751395354760131,,685970
2023-02-17,optimism,46.16547441088564,40.46076612485143705,,205512
2023-02-17,starknet,3.185596178917561,0.518838488421572318,,10244
2023-02-18,arbitrum,62.374769965805,46.118450836526598544,,638823
2023-02-18,optimism,26.307577369543537,24.215514937138320106,,162049
2023-02-18,starknet,3.8229467890350155,0.274972842665891445,,11109
2023-02-19,arbitrum,64.10804748164809,45.687063484806251525,,691339
2023-02-19,optimism,32.98916724160078,28.877496679246982696,,224215
2023-02-19,starknet,3.811347757096045,0.712047070908595042,,13343
2023-02-20,arbitrum,91.65135434894408,75.129132657329156989,,924043
2023-02-20,optimism,35.34056990994442,31.509342338308164352,,191911
2023-02-20,starknet,4.387515588449978,0.567226838029930399,,13748
2023-02-21,arbitrum,112.7622922284622,86.031553124398088188,,1097873
2023-02-21,optimism,38.49689840063614,33.463052216669698753,,190986
2023-02-21,starknet,3.6037610107919114,0.423305390298790125,,10074
2023-02-22,arbitrum,179.85027138463442,93.590973879614364895,,1087926
2023-02-22,optimism,58.080576699253335,48.472135856977153247,,263522
2023-02-22,starknet,3.674352004737962,0.638384955943800526,,10125
2023-02-23,arbitrum,107.18574276830388,86.631038230473818104,,946898
2023-02-23,optimism,85.08054959089249,65.343647718077424089,,307619
2023-02-23,starknet,3.428228643997302,0.439296806943869882,,9121
2023-02-24,arbitrum,79.32757091698318,61.365599640038931394,,761559
2023-02-24,optimism,97.09429116198982,72.939742175114571765,,426715
2023-02-24,starknet,3.7714309907069814,0.25880192219852768,,9890
2023-02-25,arbitrum,51.973576249115865,34.658206280230081832,,624855
2023-02-25,optimism,39.68856997926006,32.265867561421413301,,284212
2023-02-25,starknet,4.3026466195609,0.441421349824182472,,16581
2023-02-26,arbitrum,46.94685269285067,31.202644707309891219,,568508
2023-02-26,optimism,35.83878684001121,29.828248838740384312,,267697
2023-02-26,starknet,3.8617915177317372,0.722650279808391069,,16672
2023-02-27,arbitrum,69.15432375851076,49.08809095238453955,,828366
2023-02-27,optimism,37.87512672999637,31.118187300500726977,,256115
2023-02-27,starknet,3.774934752193813,0.573802083569844806,,15360
2023-02-28,arbitrum,61.62984256635598,43.808034090934701704,,711333
2023-02-28,optimism,30.958337869448485,26.806566707015052723,,193293
2023-02-28,starknet,3.4182841355232414,0.378368102232173361,,12795
2023-03-01,arbitrum,68.31459576761603,54.412219887862927267,,673194
2023-03-01,optimism,40.37850675031155,34.882414555270504995,,207349
2023-03-01,starknet,3.7548795118705653,0.453008009766670769,,11723
2023-03-02,arbitrum,62.577348893073946,46.3267617239938087,,645365
2023-03-02,optimism,35.224319391573054,30.778452744063058694,,209871
2023-03-02,starknet,4.200127256426031,0.441725707076343521,,13911
2023-03-03,arbitrum,69.26815211294807,52.558059520328933186,,629380
2023-03-03,optimism,41.90818054111691,35.73505338308164977,,204452
2023-03-03,starknet,4.721017656704103,0.523161281397972766,,14282
2023-03-04,arbitrum,45.36341919439997,31.562783763633175479,,525443
2023-03-04,optimism,23.682710645614083,21.550198147396502855,,161242
2023-03-04,starknet,4.70827009171764,0.503852939000012669,,17541
2023-03-05,arbitrum,42.51656963198989,29.68574016863632754,,457490
2023-03-05,optimism,24.2097650218183,22.087185189862809985,,155485
2023-03-05,starknet,4.347328559383213,0.432754333688614004,,15964
2023-03-06,arbitrum,61.3191018875325,47.77703133509130264,,552947
2023-03-06,optimism,32.19229983473002,29.564337377465770372,,158955
2023-03-06,starknet,4.543521239259057,0.404247966581930602,,13382
2023-03-07,arbitrum,63.7595350079722,51.056966475927857844,,594663
2023-03-07,optimism,40.51068682873239,35.294167448066081029,,194621
2023-03-07,starknet,5.014476441409346,5.313106458681533793,,15431
2023-03-08,arbitrum,66.03734467329869,51.500297271789612517,,669469
2023-03-08,optimism,46.45766264694483,39.409064745617853341,,231368
2023-03-08,starknet,3.828041289491808,3.266404519019360254,,12558
2023-03-09,arbitrum,84.83116279839224,67.434774997768743065,,754804
2023-03-09,optimism,67.61958426588245,54.932831398329411389,,276668
2023-03-09,starknet,3.556935989973877,2.248283314891684758,,9817
2023-03-10,arbitrum,75.00083962200894,58.072372666022037178,,749967
2023-03-10,optimism,54.54626461806291,44.242611180943098728,,277346
2023-03-10,starknet,4.841885809755661,2.456591632493652179,,13351
2023-03-11,arbitrum,160.26756002472573,163.346139821124986864,,615308
2023-03-11,optimism,166.74089868316548,132.507453152267253037,,234673
2023-03-11,starknet,2.9313746094939166,6.698590231726543418,,3585
2023-03-12,arbitrum,46.38932695918479,33.066831805084217237,,513677
2023-03-12,optimism,38.56996115003136,31.630449325146074679,,225424
2023-03-12,starknet,5.488052760651872,5.451647682363120892,,21060
2023-03-13,arbitrum,71.67209327514968,55.88722915695613818,,602619
2023-03-13,optimism,62.37369772200917,48.641200004922512827,,262490
2023-03-13,starknet,4.062357041334069,3.733800287420562508,,13943
2023-03-14,arbitrum,79.48630515821337,63.851340323166672017,,789785
2023-03-14,optimism,61.64060670408016,47.856589797877536854,,270088
2023-03-14,starknet,5.082870156347624,4.79847740359307451,,17189
2023-03-15,arbitrum,74.13596120957517,54.866130121067521008,,783042
2023-03-15,optimism,57.789412992356,44.419765274742634658,,306540
2023-03-15,starknet,5.871576043213535,4.069687966354278703,,19755
2023-03-16,arbitrum,98.91732231511132,69.914083489104217687,,1073819
2023-03-16,optimism,41.77346386365174,33.530800055625792985,,266001
2023-03-16,starknet,7.647961188167551,1.494046498626801024,,26530
2023-03-17,arbitrum,83.47173909811144,61.394865858518272646,,994813
2023-03-17,optimism,40.59044988794899,32.851903874950432608,,251962
2023-03-17,starknet,14.686670627045482,8.604933032513819093,,55618
2023-03-18,arbitrum,68.66776450676288,44.857878233220116982,,954271
2023-03-18,optimism,29.88604838729557,23.863054053055083032,,248454
2023-03-18,starknet,16.544609340842996,8.74299060959309619,,84701
2023-03-19,arbitrum,69.9268853938712,43.374060483944193087,,929892
2023-03-19,optimism,25.96056727677298,21.903888432931571901,,234019
2023-03-19,starknet,17.55733081333438,15.634672987671242459,,92387
2023-03-20,arbitrum,81.27521495898874,56.267616972081489459,,1042202
2023-03-20,optimism,33.65012092562834,27.290539941343980646,,258454
2023-03-20,starknet,23.70643542820571,17.07539975065052244,,108009
2023-03-21,arbitrum,94.73573505634512,64.527696555223485165,,1305896
2023-03-21,optimism,30.6921745478799,25.29147553583587617,,260149
2023-03-21,starknet,22.023857910522377,20.158790945475946093,,115523
2023-03-22,arbitrum,96.54526577521357,66.383989630993782471,,1211808
2023-03-22,optimism,37.11704702485675,29.558195156387301338,,264374
2023-03-22,starknet,21.852585011691396,21.399970709060257184,,114658
2023-03-23,arbitrum,997.7531751207316,172.827997265946724754,,2715232
2023-03-23,optimism,33.05664070808965,27.970057117509279817,,227490
2023-03-23,starknet,21.73119404654227,22.218429936653597505,,105462
2023-03-24,arbitrum,147.5162202177377,111.527035573048890905,,1814378
2023-03-24,optimism,35.88009424526327,29.389837466570961098,,232738
2023-03-24,starknet,32.42577254127725,26.905151117682056623,,131405
2023-03-24,zksync_era,17.742241970475757,10.006671224769608439,,81035
2023-03-25,arbitrum,77.44717098654512,50.350272988586614057,,1109263
2023-03-25,optimism,22.893016899273828,19.408129343703492244,,207476
2023-03-25,starknet,28.393371031735786,18.57740685785144955,,145489
2023-03-25,zksync_era,67.30970852155633,27.882624472570191692,,392438
2023-03-26,arbitrum,74.95732991966797,48.384831511181815604,,1044162
2023-03-26,optimism,24.64156448759138,20.659913138846147427,,217408
2023-03-26,starknet,28.905605816832853,22.932284118200459159,,145854
2023-03-26,zksync_era,72.80583125793703,53.901454339814261208,,435063
2023-03-27,arbitrum,124.41651305503773,91.448547741541284239,,1167607
2023-03-27,optimism,48.7591632288032,39.132839323289884644,,236870
2023-03-27,starknet,33.09341354727836,28.989662869176533067,,121255
2023-03-27,zksync_era,78.8305411504408,53.77096500956753935,,343445
2023-03-28,arbitrum,102.67578349788184,76.479769483217797868,,1059053
2023-03-28,optimism,49.37579230576013,40.240724630390117165,,275849
2023-03-28,starknet,34.591462485703445,19.744896758025152829,,111983
2023-03-28,zksync_era,81.78119926215633,42.253432159173717459,,329348
2023-03-29,arbitrum,106.84738354310132,81.748337049210812165,,1013072
2023-03-29,optimism,49.58083020844747,41.348817110465585005,,250132
2023-03-29,starknet,28.32278519079808,18.983000846891622661,,87368
2023-03-29,zksync_era,87.94688487513368,50.214141990086037622,,315544
2023-03-30,arbitrum,199.9747604095504,120.588524240957813045,,1481946
2023-03-30,optimism,61.69037934773949,49.689078442251531018,,285892
2023-03-30,starknet,29.83221304188489,24.360724201060351191,,83344
2023-03-30,zksync_era,85.36015694114455,52.368652002255776187,,289683
2023-03-31,arbitrum,98.51394511622576,72.934928328140604706,,1003166
2023-03-31,optimism,50.67491667935183,40.84266842625814405,,278876
2023-03-31,starknet,34.98943082175815,9.574269670809510027,,119582
2023-03-31,zksync_era,108.10300294741101,53.329631412656259647,,400990
2023-04-01,arbitrum,73.62468997028442,50.52258396716583234,,864826
2023-04-01,optimism,31.116959880362792,26.247453212834163696,,214333
2023-04-01,starknet,32.39079905940376,26.981821843338656947,,132261
2023-04-01,zksync_era,68.50665802868288,40.321656821979300437,,347096
2023-04-02,arbitrum,79.44450795092752,53.530082532581079127,,973018
2023-04-02,optimism,32.99358518883606,26.918829941798673672,,231240
2023-04-02,starknet,33.198236222886926,23.882788573322123175,,149809
2023-04-02,zksync_era,73.60603612792963,47.639821122524736804,,401133
2023-04-03,arbitrum,276.1051577427665,91.199390639730939122,,1283137
2023-04-03,optimism,52.06877746242918,42.250510564000926807,,260033
2023-04-03,starknet,29.457857974629505,20.312088900041365232,,108931
2023-04-03,zksync_era,100.14679027278629,52.633184421242162203,,416704
2023-04-04,arbitrum,109.40793679576484,80.168745653788353817,,1006133
2023-04-04,optimism,59.94957364023622,47.918773660432767041,,295398
2023-04-04,starknet,32.49570341497607,35.159176573120191591,,115256
2023-04-04,zksync_era,95.74461284885959,48.020405877923403351,,368654
2023-04-05,arbitrum,134.67519631256283,109.115921602452894805,,1085952
2023-04-05,optimism,81.80558169586311,62.410581543066021375,,341516
2023-04-05,starknet,29.332281112668596,16.877592271619882846,,76226
2023-04-05,zksync_era,105.96981028893775,48.328054166130610712,,306959
2023-04-06,arbitrum,120.40958911333028,93.414778591788672143,,1143685
2023-04-06,optimism,90.32389872340995,63.871836519624688263,,455825
2023-04-06,starknet,34.556867887158745,22.326420949675763854,,111870
2023-04-06,zksync_era,105.51736286881682,50.516148450533177275,,390227
2023-04-07,arbitrum,87.42860093944839,62.753914394035988728,,956510
2023-04-07,optimism,59.48491327301748,43.668599327954841486,,371773
2023-04-07,starknet,46.86473245280186,30.392094256312742804,,183512
2023-04-07,zksync_era,86.55540589724473,43.401151326625381385,,389140
2023-04-08,arbitrum,82.21488924528657,56.301139763553271707,,986368
2023-04-08,optimism,58.740207914084536,42.0045745753848617,,414998
2023-04-08,starknet,42.54418030040096,32.884458010777444032,,183302
2023-04-08,zksync_era,84.98273194367061,41.417797897952065674,,423136
2023-04-09,arbitrum,87.8915579441917,61.811892773782132548,,1156977
2023-04-09,optimism,64.93394572347889,45.842818123459765416,,474036
2023-04-09,starknet,40.761090429865554,29.358943087848529629,,168389
2023-04-09,zksync_era,90.0848961209261,50.021171381482222852,,438409
2023-04-10,arbitrum,97.71926157599748,70.883090753082940196,,1068322
2023-04-10,optimism,71.30461371378793,50.927447825679667249,,439253
2023-04-10,starknet,43.45174773438663,37.408089824383874246,,164133
2023-04-10,zksync_era,110.46889707207097,51.169536178456504472,,445793
2023-04-11,arbitrum,103.53964710377132,77.710580918581653365,,1052296
2023-04-11,optimism,72.266674726573,54.31609295403739329,,426168
2023-04-11,starknet,44.51797311255119,34.857499184961695118,,163833
2023-04-11,zksync_era,111.96311974570281,55.179704506902673774,,426313
2023-04-12,arbitrum,96.67451521360222,68.489880161135273222,,1068769
2023-04-12,optimism,69.33548117843213,49.993292629818079346,,454751
2023-04-12,starknet,45.67448446906966,30.536630933312522913,,176350
2023-04-12,zksync_era,101.2664148773101,52.047061657234270725,,423833
2023-04-13,arbitrum,117.54868166584608,92.394265052982719232,,1036372
2023-04-13,optimism,82.46657265665732,60.784454403491764759,,392744
2023-04-13,starknet,44.27534761214942,40.138161461745359766,,123923
2023-04-13,zksync_era,98.16529382057563,45.55487301876980271,,291441
2023-04-14,arbitrum,144.32169176936742,106.015576501093607792,,1325309
2023-04-14,optimism,87.41950015054417,63.02478617090662754,,436946
2023-04-14,starknet,41.36962024734854,33.505899626983790337,,122913
2023-04-14,zksync_era,87.04782492078452,37.852727977745736595,,291438
2023-04-15,arbitrum,124.37531533773335,87.48447382737387304,,1329521
2023-04-15,optimism,67.71659416059143,49.193836803472813929,,417711
2023-04-15,starknet,42.50261836581254,25.000180536263090121,,149338
2023-04-15,zksync_era,76.88098547544608,32.400158547754842031,,330079
2023-04-16,arbitrum,107.9018236163818,77.852304825924463361,,1108662
2023-04-16,optimism,68.56415507604594,50.135585806391427556,,400959
2023-04-16,starknet,38.732786510606786,30.052931004743860751,,134666
2023-04-16,zksync_era,74.59595067906076,31.147244589149065997,,307407
2023-04-17,arbitrum,209.98327998458407,161.292517747247069818,,1935794
2023-04-17,optimism,83.53829182293732,61.267568191422327158,,386773
2023-04-17,starknet,43.50555250885278,39.894685808110210362,,116882
2023-04-17,zksync_era,78.96252620011543,34.251353262827900826,,248052
2023-04-18,arbitrum,198.30880030883037,172.518783575907691235,,1372651
2023-04-18,optimism,102.85590409178856,78.03787226516987543,,342508
2023-04-18,starknet,39.1396994459684,32.744877060639837911,,77846
2023-04-18,zksync_era,93.40242191274929,38.460995236947487464,,180110
2023-04-19,arbitrum,330.3260051354882,294.376087712356866716,,1571963
2023-04-19,optimism,163.80765377239936,121.922164976665806698,,350815
2023-04-19,starknet,48.199990719287946,48.122150468616054166,,63994
2023-04-19,zksync_era,125.36184562318304,42.332459778218829472,,154180
2023-04-20,arbitrum,410.2986412445727,264.64583648100441793,,1458553
2023-04-20,optimism,122.59630236327476,97.318988501615831088,,296648
2023-04-20,starknet,59.758068539359414,52.941305666249960448,,80011
2023-04-20,zksync_era,89.48659632645672,28.100672346753984653,,116758
2023-04-21,arbitrum,145.04431099131426,118.821564484358096029,,1103229
2023-04-21,optimism,87.99038547474323,67.029599712074854632,,336891
2023-04-21,starknet,31.56809539773505,23.09552381167626985,,68498
2023-04-21,zksync_era,74.22025605199829,29.048954683904391931,,183973
2023-04-22,arbitrum,247.7407972919636,140.311424466305439795,,1383956
2023-04-22,optimism,73.47361070794184,55.743947109837520774,,318878
2023-04-22,starknet,37.28533940563744,24.681944240838671521,,92859
2023-04-22,zksync_era,81.10382273870667,31.896188563401995814,,231975
2023-04-23,arbitrum,159.02337660260022,136.755130996256898805,,1263265
2023-04-23,optimism,85.41217510088991,64.510504364146716633,,317602
2023-04-23,starknet,45.49184491229754,33.369398996063079092,,95168
2023-04-23,zksync_era,92.85013892350061,36.083600191561409525,,228800
2023-04-24,arbitrum,215.56925685218576,168.412586833194462232,,1316601
2023-04-24,optimism,82.44882480980111,64.240659286021813234,,290407
2023-04-24,starknet,38.930386355417845,32.43201251295759766,,82088
2023-04-24,zksync_era,104.33599280691,38.412179527857658715,,230858
2023-04-25,arbitrum,152.9861626116879,125.247060497193223843,,1265394
2023-04-25,optimism,74.34427430875284,57.888934762040714218,,298086
2023-04-25,starknet,37.72320624982915,20.647357304625513524,,85753
2023-04-25,zksync_era,112.41401313013685,45.942681182356905826,,291740
2023-04-26,arbitrum,167.0273227698313,137.333136019326740747,,1217592
2023-04-26,optimism,92.25101572917757,69.377060395696369002,,321785
2023-04-26,starknet,40.47386156386522,23.496215944509576899,,95848
2023-04-26,zksync_era,113.57777733442778,47.544667835206156907,,286675
2023-04-27,arbitrum,201.4519914437096,121.534390041708638964,,1258911
2023-04-27,optimism,75.38209363144098,58.633078178897917832,,285639
2023-04-27,starknet,36.95676471386188,19.899805492821780842,,93843
2023-04-27,zksync_era,122.63563099626359,52.775969128702103721,,314538
2023-04-28,arbitrum,117.21573721168788,93.187785456107685621,,903219
2023-04-28,optimism,65.55986987269705,52.608690649826033498,,249819
2023-04-28,starknet,37.00022204850381,26.772084616384961462,,89853
2023-04-28,zksync_era,115.26673546127738,53.874969934625723475,,296226
2023-04-29,arbitrum,112.73480317223782,87.390764679192673133,,907836
2023-04-29,optimism,61.39173242461085,48.81034003762189195,,243450
2023-04-29,starknet,30.467426976011755,19.142242357830232277,,77207
2023-04-29,zksync_era,111.06272600764717,50.362232794755274719,,301636
2023-04-30,arbitrum,166.17292148688327,141.893703911915540237,,1250070
2023-04-30,optimism,72.24985802172141,57.740880898632197507,,238955
2023-04-30,starknet,29.05680605992749,28.783549357027808807,,67716
2023-04-30,zksync_era,121.53710622414218,44.384714825728419207,,301690
2023-05-01,arbitrum,193.7349768954737,177.641473248135610167,,1015482
2023-05-01,optimism,80.73232487075546,69.338391214724716581,,170141
2023-05-01,starknet,19.9305476412446,16.506998970850397985,,29522
2023-05-01,zksync_era,170.89059534714733,83.273612166944686864,,266380
2023-05-02,arbitrum,247.82420191129592,228.926832432552797561,,1070941
2023-05-02,optimism,93.61979412596642,80.858585248560601354,,162368
2023-05-02,starknet,29.82949709217624,21.639545170811654109,,34097
2023-05-02,zksync_era,101.74228335810297,32.667174545339621697,,120825
2023-05-03,arbitrum,211.185383211651,204.351291013156257003,,1039670
2023-05-03,optimism,166.7276686595085,132.707340584264352835,,282067
2023-05-03,starknet,39.63330817305663,25.679055312986192176,,50622
2023-05-03,zksync_era,108.93860489673376,34.567705752940384346,,145862
2023-05-04,arbitrum,188.5519147222349,180.68897954397869974,,930705
2023-05-04,optimism,108.2069228900029,89.637288327049186169,,208585
2023-05-04,starknet,50.697521361795985,30.231982434729215781,,65847
2023-05-04,zksync_era,186.51484795805763,61.131456939664630111,,249732
2023-05-05,arbitrum,351.5949708559169,354.915889159648151018,,971183
2023-05-05,optimism,139.10977468919475,122.232364031325298301,,147845
2023-05-05,starknet,46.498666371130945,47.180549295120178343,,39603
2023-05-05,zksync_era,175.4964386034468,41.108416242353586731,,105195
2023-05-06,arbitrum,373.7909981378648,377.988342720157718858,,1143882
2023-05-06,optimism,119.11514239124702,107.759019836566576577,,131734
2023-05-06,starknet,44.05583224937743,32.766366448451385516,,35292
2023-05-06,zksync_era,146.13575137617622,30.375494076420093518,,82841
2023-05-07,arbitrum,231.9301214239792,230.004893046546865563,,871407
2023-05-07,optimism,92.56625297913956,83.369202566637438268,,127543
2023-05-07,starknet,72.30446256336154,41.467604777519304374,,70387
2023-05-07,zksync_era,112.02387116560243,27.985023825391668048,,88676
2023-05-08,arbitrum,268.2685716998377,262.514413653849684074,,874664
2023-05-08,optimism,115.61760400865748,103.434885541070541775,,148453
2023-05-08,starknet,117.55762368050695,55.739884787041506707,,126876
2023-05-08,zksync_era,178.6110003933406,49.161256648845472532,,131411
2023-05-09,arbitrum,270.1530658882488,269.043984425163827559,,1114586
2023-05-09,optimism,93.14266709195124,82.646372094890271738,,163207
2023-05-09,starknet,177.84138410012628,91.832431879322318373,,240195
2023-05-09,zksync_era,148.48725782457882,49.970948087882023872,,159137
2023-05-10,arbitrum,260.0835082842121,255.218316556628116138,,1018301
2023-05-10,optimism,122.27230113177504,104.964045840928871575,,179659
2023-05-10,starknet,55.37683523826475,85.747000154394111987,,68643
2023-05-10,zksync_era,412.08088532699287,139.736262549020826642,,341299
2023-05-11,arbitrum,390.6517410239035,305.849524479695731431,,1112555
2023-05-11,optimism,132.28597127831875,114.922598285844943859,,208587
2023-05-11,starknet,156.4482956306149,83.103934213746042161,,186330
2023-05-11,zksync_era,247.92909336573385,111.664189929271859589,,309702
2023-05-12,arbitrum,164.55298875237554,164.072440404719533106,,918050
2023-05-12,optimism,117.32299496941695,95.403268878493494387,,282237
2023-05-12,starknet,119.91482841447899,110.636803543614438525,,198602
2023-05-12,zksync_era,143.232673728832,65.795452127755420455,,305228
2023-05-13,arbitrum,100.2611222577329,86.819015265644573463,,765246
2023-05-13,optimism,68.04913830353082,55.623008618830716064,,244543
2023-05-13,starknet,101.90714467085039,81.142664587715237012,,251892
2023-05-13,zksync_era,202.6919687623316,95.185248805644454015,,704088
2023-05-14,arbitrum,101.23537974615206,86.011398199898649882,,724840
2023-05-14,optimism,69.00748685919581,55.62821549701361852,,246681
2023-05-14,starknet,79.0682062245228,73.758035951489070234,,203664
2023-05-14,zksync_era,160.4230878604099,109.463201155264978659,,580734
2023-05-15,arbitrum,186.85113284808864,117.201071884166327111,,777448
2023-05-15,optimism,90.00227457564492,74.064646782117625726,,257042
2023-05-15,starknet,100.90687810906331,112.285714643215169612,,212430
2023-05-15,zksync_era,215.93175114025067,128.823690924919503117,,587822
2023-05-16,arbitrum,128.05495052490542,119.616910482484945512,,795124
2023-05-16,optimism,110.99651594745386,89.074730232206946409,,325056
2023-05-16,starknet,126.38004297020902,89.369747518476293561,,263671
2023-05-16,zksync_era,392.7719393173625,194.327581382706882887,,1036798
2023-05-17,arbitrum,119.07355367370954,108.398062778733796428,,750572
2023-05-17,optimism,113.01871909481297,92.276673638577144543,,336642
2023-05-17,starknet,82.9223806893501,84.592004755713561573,,175304
2023-05-17,zksync_era,326.74102096058846,209.962082665435961363,,966287
2023-05-18,arbitrum,118.44263411517956,103.641926331965201761,,701860
2023-05-18,optimism,128.93273589208755,103.826300984024990443,,393508
2023-05-18,starknet,115.24824282487947,62.665819585510322797,,209827
2023-05-18,zksync_era,167.0365579331073,127.975174560568910973,,533887
2023-05-19,arbitrum,99.19545689156352,88.31075240818229698,,698897
2023-05-19,optimism,70.16908118556624,56.600262581167370675,,208775
2023-05-19,starknet,114.28420730236857,87.854066715975112558,,231736
2023-05-19,zksync_era,143.13673289741632,87.519350830357527738,,517833
2023-05-20,arbitrum,85.45880804228527,67.964123040999119712,,698109
2023-05-20,optimism,55.90489004803361,43.833229845426087757,,218270
2023-05-20,starknet,84.55603864528055,56.940052917518763937,,214899
2023-05-20,zksync_era,136.90903680531127,96.383805363366549208,,663689
2023-05-21,arbitrum,81.41610916113886,64.686260789538837487,,677176
2023-05-21,optimism,61.8867432225377,48.96943457579132515,,262603
2023-05-21,starknet,64.30469185855031,49.300442609473356938,,174327
2023-05-21,zksync_era,163.4488428365378,109.011551285235241074,,804821
2023-05-22,arbitrum,112.32595871651982,95.697286388806240869,,731214
2023-05-22,optimism,82.76604172452862,66.121361328993513362,,259175
2023-05-22,starknet,69.79653289743193,69.024013233940805184,,155148
2023-05-22,zksync_era,141.1394682424791,110.327046724680646251,,575167
2023-05-23,arbitrum,136.5459582971898,128.705157961458609975,,842483
2023-05-23,optimism,112.27566758441252,88.063668884606372626,,303815
2023-05-23,starknet,87.78771441015625,42.392711577954932175,,142223
2023-05-23,zksync_era,136.87340864715097,98.502046348373533307,,472811
2023-05-24,arbitrum,142.12380518221747,135.505372453728484611,,925747
2023-05-24,optimism,100.39004297059718,78.011115254685162744,,325427
2023-05-24,starknet,93.81932547134107,55.522111038082643359,,211795
2023-05-24,zksync_era,141.3834261788456,104.18904523366832104,,607211
2023-05-25,arbitrum,139.97400524551725,118.400393842790301091,,1109090
2023-05-25,optimism,82.77618786923144,63.674021118900912916,,319861
2023-05-25,starknet,68.01269093085959,68.083490110053246069,,184794
2023-05-25,zksync_era,128.91655020357348,91.900132163296172812,,629565
2023-05-26,arbitrum,108.66271046976613,85.485020533174217715,,990514
2023-05-26,optimism,73.28602310942958,55.095960163239139861,,326712
2023-05-26,starknet,55.361224269960324,54.469594500223261609,,178236
2023-05-26,zksync_era,141.80737451563618,101.778478107209536506,,763056
2023-05-27,arbitrum,83.71332291016978,61.549911232112614313,,844105
2023-05-27,optimism,56.49598373540205,42.756560597973783501,,305226
2023-05-27,starknet,51.6719906089459,38.906290707763849665,,209014
2023-05-27,zksync_era,127.1550818093651,101.825179208979829142,,819731
2023-05-28,arbitrum,90.09203327343852,68.602703900545842226,,824752
2023-05-28,optimism,61.83405079958725,47.239400831045846045,,289568
2023-05-28,starknet,43.70841212450381,40.691159635160331875,,159218
2023-05-28,zksync_era,133.8644606868012,103.194257120634816478,,781741
2023-05-29,arbitrum,113.17556875522548,93.458318707518856742,,871350
2023-05-29,optimism,79.28764290633978,61.195114908912203133,,290273
2023-05-29,starknet,49.48027431517174,39.310204858126407856,,142014
2023-05-29,zksync_era,125.50646014101459,94.504628472193893378,,617806
2023-05-30,arbitrum,139.0963278558052,126.071022862206867369,,1018306
2023-05-30,optimism,101.03561541469016,78.836133925595210609,,314200
2023-05-30,starknet,62.08859743395921,49.928921619359167076,,142297
2023-05-30,zksync_era,128.02395371344653,93.699684816952313213,,509671
2023-05-31,arbitrum,123.33261542579528,104.171607986160717635,,907466
2023-05-31,optimism,94.31004680051493,72.273846104840745519,,348631
2023-05-31,starknet,68.7662810771513,46.87132523546968562,,195697
2023-05-31,zksync_era,140.97839901889122,102.75515185458996137,,685269
2023-06-01,arbitrum,98.82118904002157,83.164551362153609865,,743525
2023-06-01,optimism,73.51703803328571,59.452705953132492946,,276109
2023-06-01,starknet,72.17543584850472,54.69429330989950957,,195777
2023-06-01,zksync_era,100.90957323099927,74.648251616457098559,,486021
2023-06-02,arbitrum,94.73854789688554,76.195437405721397921,,822480
2023-06-02,optimism,69.2451471420172,54.006138341994812277,,308943
2023-06-02,starknet,61.50073065096869,42.882801645816815706,,193646
2023-06-02,zksync_era,129.16842540469955,96.864558505536937522,,663066
2023-06-03,arbitrum,109.15318915041796,62.396464870469946284,,964078
2023-06-03,optimism,56.30756605407291,42.475900677283197704,,332473
2023-06-03,starknet,48.563128825904926,38.672207067864370455,,186118
2023-06-03,zksync_era,123.28593655427845,83.857626727069994013,,790380
2023-06-04,arbitrum,72.76548015947516,53.051379944787158604,,805743
2023-06-04,optimism,50.57247476339286,38.181981701984070508,,327992
2023-06-04,starknet,55.83068144950799,31.513143020766593941,,219591
2023-06-04,zksync_era,132.49097026983395,87.34516632703433854,,888058
2023-06-05,arbitrum,125.05147509587182,103.810365098918762042,,881490
2023-06-05,optimism,84.91606283640542,66.221316290795927052,,334813
2023-06-05,starknet,47.35238383190607,57.993973665544920926,,158154
2023-06-05,zksync_era,116.5045310768789,102.577180390115657527,,661209
2023-06-06,arbitrum,91.07396677679851,70.593084033140152778,,971790
2023-06-06,optimism,42.619349957529714,31.708483848526124991,,257105
2023-06-06,starknet,53.48432012766102,39.065894142326475176,,185286
2023-06-06,zksync_era,117.77792278116371,83.363415926427727856,,716786
2023-06-07,arbitrum,71.78690031848504,65.000063010649547761,,793510
2023-06-07,optimism,41.04337099119405,27.902962890012452344,,381654
2023-06-07,starknet,51.28332171842405,40.013747597383452094,,194878
2023-06-07,zksync_era,101.51338584984387,72.371695792104100371,,661483
2023-06-08,arbitrum,71.73187457569554,52.979965805732105871,,722358
2023-06-08,optimism,36.82712657395232,28.473471223485712408,,394661
2023-06-08,starknet,52.3356750043305,40.258561825520100446,,204813
2023-06-08,zksync_era,96.62252159329189,52.88536693432631854,,629013
2023-06-09,arbitrum,69.62479094488224,49.51825836527799642,,767604
2023-06-09,optimism,32.67897590124208,26.662064327584325382,,421558
2023-06-09,starknet,53.73970151776392,33.91585512304209915,,192555
2023-06-09,zksync_era,91.7891921679053,77.415119706304109736,,647695
2023-06-10,arbitrum,101.0743139190994,72.905122117620321593,,953667
2023-06-10,optimism,60.74397047438266,33.95099943852341321,,428146
2023-06-10,starknet,44.18634089854858,32.053502250237486036,,140090
2023-06-10,zksync_era,39.729987069521094,49.409165403315936527,,583048
2023-06-11,arbitrum,64.47550521408495,42.165286874343053137,,805225
2023-06-11,optimism,29.80058532966529,21.19074207606169963,,386861
2023-06-11,starknet,37.056802619675594,31.538705357467381541,,149651
2023-06-11,zksync_era,48.374942147301496,64.213840371173280364,,769275
2023-06-12,arbitrum,81.67514010852838,54.374155415305067745,,996314
2023-06-12,optimism,31.749408837783733,23.771081639752704878,,418992
2023-06-12,starknet,41.338242172877806,30.108551390819343022,,169463
2023-06-12,zksync_era,50.54249980118918,64.50601042472604179,,803193
2023-06-13,arbitrum,69.15015734097076,44.700228701353102405,,863223
2023-06-13,optimism,33.47659417743033,23.782041343333480628,,456496
2023-06-13,starknet,42.58083613676103,28.196834265606843528,,177740
2023-06-13,zksync_era,50.097720769147344,70.263285541573719665,,789636
2023-06-14,arbitrum,84.06390826332341,58.328650858449387548,,845684
2023-06-14,optimism,55.60818435867537,33.78094207163516521,,535146
2023-06-14,starknet,26.960753263073858,29.143604605199524433,,120154
2023-06-14,zksync_era,54.492287258481824,73.367132863040308159,,801284
2023-06-15,arbitrum,71.15891932083116,48.968570685453505248,,843730
2023-06-15,optimism,41.69195306228375,27.587405747612950406,,501182
2023-06-15,starknet,33.83652765973815,21.561171977979241675,,158254
2023-06-15,zksync_era,48.53095878446115,69.777219283752400725,,712046
2023-06-16,arbitrum,70.46926884021902,48.150071311103591436,,792407
2023-06-16,optimism,34.69524961665514,25.693602248600986436,,415210
2023-06-16,starknet,30.428591284781266,15.239687535841596867,,118919
2023-06-16,zksync_era,49.90777182032187,73.359605300736597545,,724987
2023-06-17,arbitrum,58.748019280572365,37.39462944100500122,,713472
2023-06-17,optimism,25.57137763606046,20.041806811891843802,,377673
2023-06-17,starknet,24.453543050972087,16.356537792378746456,,114060
2023-06-17,zksync_era,46.8831040139504,65.653237853711889089,,729036
2023-06-18,arbitrum,50.551179553591744,30.758557026571649872,,655674
2023-06-18,optimism,21.99772246779893,17.064476602227556644,,360670
2023-06-18,starknet,21.325280660837095,11.871304623697301948,,106072
2023-06-18,zksync_era,41.220013316890295,52.688320748203511168,,687056
2023-06-19,arbitrum,65.14861269088009,44.090777187599804275,,749998
2023-06-19,optimism,29.532275713035208,23.287016250479947074,,382831
2023-06-19,starknet,25.971994793268074,15.684001419292033678,,110788
2023-06-19,zksync_era,94.90661828268938,62.011133639369228387,,712105
2023-06-20,arbitrum,72.93697309687373,49.354200904029397191,,831984
2023-06-20,optimism,35.48008358689249,27.503009302037752054,,431914
2023-06-20,starknet,24.11414647834569,14.678037905800162232,,97802
2023-06-20,zksync_era,98.65809889598822,48.501189339748736846,,765145
2023-06-21,arbitrum,124.57269385797696,61.685230202787145899,,944025
2023-06-21,optimism,48.05443885869919,36.449887238795694146,,529548
2023-06-21,starknet,28.613686070005492,17.555557990156157143,,108104
2023-06-21,zksync_era,95.51583312325624,71.157928676711443299,,701337
2023-06-22,arbitrum,65.0346716041984,41.390293204776536699,,801329
2023-06-22,optimism,35.84917871905001,27.302267383359588942,,523909
2023-06-22,starknet,33.858399182256335,20.036447209335913003,,179254
2023-06-22,zksync_era,80.31563800356547,49.235918020930476386,,643675
2023-06-23,arbitrum,67.3690428737167,45.814923883466933078,,768574
2023-06-23,optimism,40.88108207606907,31.143585113749033456,,531712
2023-06-23,starknet,29.99412932050639,23.039373832943192343,,157964
2023-06-23,zksync_era,84.45829973901512,51.893038251002423717,,654693
2023-06-24,arbitrum,49.191755141421964,30.718468696818000134,,678181
2023-06-24,optimism,26.59337811792675,21.097131698272269814,,450329
2023-06-24,starknet,21.444943350100875,12.46258622332685801,,134583
2023-06-24,zksync_era,88.30063998617925,53.502158227955236346,,757898
2023-06-25,arbitrum,54.93777770196954,30.747720403807703809,,756376
2023-06-25,optimism,27.25172500831852,20.354934928625321162,,509891
2023-06-25,starknet,22.242648714991578,13.707968900639699968,,149043
2023-06-25,zksync_era,0,60.106633074422634269,,867732
2023-06-26,arbitrum,64.24073362840274,38.113069789884963675,,871456
2023-06-26,optimism,55.43453763029307,23.79659424239864093,,552346
2023-06-26,starknet,26.17614006484454,17.257874207128386315,,170033
2023-06-26,zksync_era,104.37471214558937,63.748022648241034786,,874586
2023-06-27,arbitrum,73.30530551690754,48.416872187572597148,,884659
2023-06-27,optimism,41.169659517371805,30.882907407938870432,,614205
2023-06-27,starknet,29.15899261614497,22.453048224179921151,,173808
2023-06-27,zksync_era,108.95398585190092,73.109621250914903192,,834321
2023-06-28,arbitrum,77.99070512424244,51.819252960656690854,,854142
2023-06-28,optimism,47.37653327581844,32.201790011490074412,,590862
2023-06-28,starknet,31.096157530267984,20.82797925855324981,,154991
2023-06-28,zksync_era,119.80498681951494,78.039397060437510715,,879506
2023-06-29,arbitrum,105.47404817622856,82.538376062082472431,,909686
2023-06-29,optimism,64.39203972905113,46.251875860390491766,,549664
2023-06-29,starknet,41.656667521773834,34.689374825599269351,,148894
2023-06-29,zksync_era,121.9187478225015,90.745571853766836894,,729175
2023-06-30,arbitrum,126.28957336363445,91.908520626958848789,,1002869
2023-06-30,optimism,87.61989866959404,46.42694493060598775,,518553
2023-06-30,starknet,40.119855168939175,23.664181425455694298,,145287
2023-06-30,zksync_era,118.5580467172837,74.479681661209110358,,668892
2023-07-01,arbitrum,58.13472193309986,37.614400724360844142,,704067
2023-07-01,optimism,34.4779503457711,24.551117662181986004,,520968
2023-07-01,starknet,30.617328843369688,18.884933782715138624,,169042
2023-07-01,zksync_era,102.64602286519772,65.588165695239237467,,782337
2023-07-02,arbitrum,57.48976369540512,33.999737509455921977,,752140
2023-07-02,optimism,27.402673548925826,19.737111853204017862,,446463
2023-07-02,starknet,25.18500333537716,14.686087200311963803,,150984
2023-07-02,zksync_era,110.4220324643537,74.869977289971052756,,857198
2023-07-03,arbitrum,77.60682378717014,53.882442615265414852,,835209
2023-07-03,optimism,37.56208633953301,28.853497982084783558,,475202
2023-07-03,starknet,31.996745952642232,21.215369016778087158,,154449
2023-07-03,zksync_era,110.72780608571104,82.324446788347032088,,730404
2023-07-04,arbitrum,78.08418483940994,58.043946086698578356,,758386
2023-07-04,optimism,40.87908834541008,32.308841987541877982,,425435
2023-07-04,starknet,40.42547425224273,29.305258295154529683,,174778
2023-07-04,zksync_era,129.99434220354726,113.184634049145098091,,835096
2023-07-05,arbitrum,117.0230169346943,102.319984541746038651,,670444
2023-07-05,optimism,59.29102221841108,50.250083749391501156,,316298
2023-07-05,starknet,40.3977161065025,24.992721938001044374,,72172
2023-07-05,zksync_era,116.60245398047132,83.81739554513075212,,396474
2023-07-06,arbitrum,103.48899000667254,84.91188270192094686,,746838
2023-07-06,optimism,58.05291880544282,46.87372745991780949,,385527
2023-07-06,starknet,29.279617729198016,16.068637975121722397,,69213
2023-07-06,zksync_era,119.43360073758582,77.729507674395647616,,517061
2023-07-07,arbitrum,86.33854709609349,66.451488671597890876,,741084
2023-07-07,optimism,42.51979777048495,33.827622861329041132,,354177
2023-07-07,starknet,35.11017106149343,24.287884081408885151,,107652
2023-07-07,zksync_era,129.92452628575595,93.483455831076140162,,745432
2023-07-08,arbitrum,61.99943448326636,42.169979168095537072,,717472
2023-07-08,optimism,34.239127827587225,25.843679711230921316,,443758
2023-07-08,starknet,24.865555963153895,17.076267503479430462,,117018
2023-07-08,zksync_era,135.43150002672226,83.113103402747831174,,970832
2023-07-09,arbitrum,57.25306591066206,37.309815796276542827,,686810
2023-07-09,optimism,31.970426993983065,23.31640033521045804,,442521
2023-07-09,starknet,38.00870014407624,26.92908439966401811,,206216
2023-07-09,zksync_era,111.70164004475933,82.39773767647975631,,846314
2023-07-10,arbitrum,73.5575766139837,51.140664544615135248,,748112
2023-07-10,optimism,38.5585611642918,29.27605670251839746,,430965
2023-07-10,starknet,43.618929420625406,30.564445416423744403,,195836
2023-07-10,zksync_era,132.47167564074604,94.172140028047715141,,946544
2023-07-11,arbitrum,71.2483135747972,50.381940850436139805,,738193
2023-07-11,optimism,38.57952447128322,30.174882954278710908,,440557
2023-07-11,starknet,50.35696369107644,33.501355159704518538,,217033
2023-07-11,zksync_era,139.0967990246186,101.06217249037091076,,972504
2023-07-12,arbitrum,81.3907318024237,60.957988258351950762,,744556
2023-07-12,optimism,46.59707853864015,36.737677875916608202,,442771
2023-07-12,starknet,51.833274606865245,56.885470106578742233,,204085
2023-07-12,zksync_era,137.4534953700675,110.851272301400870442,,933710
2023-07-13,arbitrum,111.42372230730408,92.055806282566668802,,839790
2023-07-13,linea,0.06236194538254464,0.028498380152284197,,76
2023-07-13,optimism,66.48290640819158,51.416534363161760198,,494740
2023-07-13,starknet,56.37658090120224,61.666663893750011798,,203712
2023-07-13,zksync_era,142.3093686388266,104.841595337169828189,,898459
2023-07-14,arbitrum,95.62088719057064,70.016807234626080922,,894953
2023-07-14,linea,1.6126733990740794,1.138016784144133042,,837
2023-07-14,optimism,69.92214587368163,44.092669358739824154,,569236
2023-07-14,starknet,46.581446987807034,31.886968150016769771,,170223
2023-07-14,zksync_era,128.74433054330814,93.893822033767506575,,824284
2023-07-15,arbitrum,52.645967527139405,31.559417125111902754,,750234
2023-07-15,linea,3.5680196072297696,0.717119982700133161,,672
2023-07-15,optimism,31.28061998791728,21.772897084487556968,,523797
2023-07-15,starknet,40.079274044902675,23.558993154894822808,,217785
2023-07-15,zksync_era,136.55530500232453,75.478461713705194215,,1088594
2023-07-16,arbitrum,53.51913779518791,33.565797259476829451,,695299
2023-07-16,linea,4.341963412535832,0.238594431275411732,,215
2023-07-16,optimism,29.834042020308225,21.318858268534576586,,449218
2023-07-16,starknet,35.87350211157419,23.318159543917848523,,174041
2023-07-16,zksync_era,125.60824653867968,85.972988774211304941,,977719
2023-07-17,arbitrum,74.52631080270035,52.283633615846499457,,801128
2023-07-17,linea,2.110258912128355,0.811150026034214263,,552
2023-07-17,optimism,49.74242481320562,33.768450244381364312,,526167
2023-07-17,starknet,50.42823426595939,30.636197003876609154,,193045
2023-07-17,zksync_era,128.79468613738956,89.479993395592856813,,877658
2023-07-18,arbitrum,85.2485163246293,66.845793630734564168,,714457
2023-07-18,linea,28.715436716867437,1.649483079664478891,,35717
2023-07-18,optimism,56.76448008249584,43.994723194094262796,,510209
2023-07-18,starknet,51.906014229790976,53.586665486589194904,,188398
2023-07-18,zksync_era,121.13761413230125,87.541426471770737665,,731294
2023-07-19,arbitrum,77.28612849233242,56.754744233514715196,,735593
2023-07-19,linea,62.46171051244441,0,,128253
2023-07-19,optimism,49.0309507312859,38.587043842036518718,,534494
2023-07-19,starknet,64.47101264721351,58.249100893149047081,,232731
2023-07-19,zksync_era,136.5999212812376,90.41925513220918531,,891407
2023-07-20,arbitrum,79.5001848055365,59.248825619139503081,,744102
2023-07-20,linea,40.04713316501004,0,,123193
2023-07-20,optimism,53.11958800804665,41.681282082066162768,,585415
2023-07-20,starknet,50.94297663215336,40.629787127390687953,,200933
2023-07-20,zksync_era,131.3212922993048,95.203307888461249922,,856400
2023-07-21,arbitrum,74.01183968506581,56.683167769542198752,,682530
2023-07-21,linea,40.75785728125267,17.421726346141427441,,107814
2023-07-21,optimism,52.04981411250162,39.121546361465207384,,484860
2023-07-21,starknet,43.466253057576324,32.045274483827252049,,150083
2023-07-21,zksync_era,126.32593731969719,88.986570105725964452,,804022
2023-07-22,arbitrum,54.4830605618726,35.990267114942692965,,637143
2023-07-22,linea,40.98660979475898,17.515568220012508684,,132716
2023-07-22,optimism,44.198485694444166,29.886054765380664456,,524951
2023-07-22,starknet,53.24706935873042,31.743536827181510447,,238177
2023-07-22,zksync_era,123.77180692472932,71.289201655870349422,,920761
2023-07-23,arbitrum,57.89087757745866,39.432350180812971656,,651672
2023-07-23,linea,38.21387004641605,20.741909870888008148,,140787
2023-07-23,optimism,43.861803411028966,30.57525898834664536,,489801
2023-07-23,starknet,47.07554634945007,34.600993973874225192,,223428
2023-07-23,zksync_era,127.55779226424131,101.917434413373773909,,942915
2023-07-24,arbitrum,83.82113957999702,67.896642471745489071,,679323
2023-07-24,linea,35.783148796367556,81.6433120144550707,,103350
2023-07-24,optimism,116.03860892697864,77.881156437066448838,,650109
2023-07-24,starknet,43.91144832664833,39.40222654169229083,,157342
2023-07-24,zksync_era,126.5293447079442,88.428542272330616642,,762812
2023-07-25,arbitrum,73.70380526248725,56.8998446188268535,,630598
2023-07-25,linea,35.36352050444981,53.931120430565846532,,100955
2023-07-25,optimism,121.15777036836327,83.162466775692159158,,843553
2023-07-25,starknet,47.78765867853304,31.929375315998722744,,159239
2023-07-25,zksync_era,194.6632516960587,106.098703810565515369,,1109993
2023-07-26,arbitrum,72.18152042093602,53.807257098186109457,,664915
2023-07-26,linea,30.72472909432151,77.536271458225300951,,98689
2023-07-26,optimism,107.54642895967716,71.444708347133065482,,808336
2023-07-26,starknet,62.00588003006255,44.62144815928687226,,228166
2023-07-26,zksync_era,147.58091272392326,107.233740335940072878,,1000923
2023-07-27,arbitrum,77.24729243458289,60.352529601559585206,,656523
2023-07-27,linea,30.09064845339754,71.020384335121104475,,85748
2023-07-27,optimism,166.60299473071166,98.731773451221125684,,900586
2023-07-27,starknet,106.09379599824499,82.197787185132430351,,356018
2023-07-27,zksync_era,95.0606512384687,88.954345664593257162,,649872
2023-07-28,arbitrum,76.38778109551234,61.244823992352503635,,582396
2023-07-28,linea,29.366103234081713,30.816352902549583727,,79429
2023-07-28,optimism,89.3760836405979,67.090977068355729998,,660967
2023-07-28,starknet,121.86238250478574,118.997265819419719368,,560437
2023-07-28,zksync_era,67.09641005775018,72.891101472451944538,,365130
2023-07-29,arbitrum,51.60300277239994,36.643982329616632035,,562494
2023-07-29,linea,30.397033631045964,74.687435504253135417,,120343
2023-07-29,optimism,59.9586875915985,43.24518805233183414,,631843
2023-07-29,starknet,56.638604897743946,45.481527015832846218,,262979
2023-07-29,zksync_era,131.35874174504482,82.202273732123232672,,964834
2023-07-30,arbitrum,53.35920698881188,36.402570108283968758,,599171
2023-07-30,base,231.77402371317663,28.850925987170603812,,565070
2023-07-30,linea,33.82039722696895,111.143892838645889519,,140769
2023-07-30,optimism,57.04563312627791,39.270634626362355214,,613084
2023-07-30,starknet,64.86332507855194,39.678419009543441002,,321309
2023-07-30,zksync_era,131.35459170800925,74.161258643388277303,,997820
2023-07-31,arbitrum,67.41985405467518,48.475970600516987641,,671521
2023-07-31,base,184.99859135550665,32.111696657187714934,,542793
2023-07-31,linea,33.599155756309905,34.565774019154645907,,127368
2023-07-31,optimism,75.74745577336206,54.029730944520376914,,679221
2023-07-31,starknet,68.26629793420067,44.310337969860157849,,315270
2023-07-31,zksync_era,82.65836639539829,87.151836842017369796,,596948
2023-08-01,arbitrum,65.01329716910442,44.144746327865753302,,644793
2023-08-01,base,41.25960744514524,11.196534441231198882,,158837
2023-08-01,linea,30.095148043630175,52.772243605805959227,,112814
2023-08-01,optimism,75.49512738405103,51.467753228449944122,,675865
2023-08-01,starknet,72.06699228597607,44.378712490383124493,,275287
2023-08-01,zksync_era,49.159139169486615,72.648321204294694446,,341418
2023-08-02,arbitrum,63.68862368661645,45.487276822625471855,,630957
2023-08-02,base,38.127749336011526,11.239549151188303716,,145005
2023-08-02,linea,27.316375345163,40.531862080542751344,,99927
2023-08-02,optimism,64.65838358107885,45.971094171546108838,,547768
2023-08-02,starknet,59.11483828819484,42.789383843073278963,,252010
2023-08-02,zksync_era,117.23071581182326,70.495322914520371064,,839064
2023-08-03,arbitrum,65.95256234496915,47.317967964846040219,,673608
2023-08-03,base,80.3614310471781,27.965020707546573206,,458089
2023-08-03,linea,23.08460683104044,27.757280002202931809,,78569
2023-08-03,optimism,68.80714134697548,49.628519162630541652,,660791
2023-08-03,starknet,58.177067516984444,43.430313732305679958,,271242
2023-08-03,zksync_era,119.740054182107,78.830278103473842242,,890110
2023-08-04,arbitrum,58.89364139930364,39.72083618510873135,,653077
2023-08-04,base,50.9311813137853,14.03370321633518429,,253225
2023-08-04,linea,20.91170892350591,23.507361618142418066,,68110
2023-08-04,optimism,61.14196791381553,41.59554864156035342,,645983
2023-08-04,starknet,62.43380982583585,39.075124149548495624,,305333
2023-08-04,zksync_era,114.55740356927566,71.485714919664026838,,881637
2023-08-05,arbitrum,45.7612038524252,28.533923084973527981,,576730
2023-08-05,base,49.72831553916375,12.311453962192692014,,264869
2023-08-05,linea,22.18977200365445,20.245772292381377004,,75127
2023-08-05,optimism,41.34142719721567,29.298242455186730118,,559862
2023-08-05,starknet,58.30355938943917,29.157808947518537666,,312764
2023-08-05,zksync_era,114.10919362125834,56.865851275067528111,,933510
2023-08-06,arbitrum,44.43616697669858,27.547299466810838569,,562423
2023-08-06,base,49.02937737663804,11.904153850556842372,,313187
2023-08-06,linea,20.855366993540574,24.631773389073048338,,86426
2023-08-06,optimism,33.73520182672274,23.068474542339746074,,474943
2023-08-06,starknet,58.93753580700549,26.689881420378139537,,332164
2023-08-06,zksync_era,115.63415837999186,69.158370724074983516,,992280
2023-08-07,arbitrum,71.13263825001961,53.889994144032845436,,637634
2023-08-07,base,74.98655082122104,22.765175619684268456,,354775
2023-08-07,linea,26.3584225879957,28.2931180971915301,,77327
2023-08-07,optimism,106.19772676361126,77.59857630671533261,,782923
2023-08-07,starknet,72.18073397806602,47.569257136716669814,,302973
2023-08-07,zksync_era,117.17412862599473,72.438618709522068628,,841085
2023-08-08,arbitrum,70.54480413445592,51.608656800937680429,,653147
2023-08-08,base,68.78711842753701,21.594874779665244084,,303337
2023-08-08,linea,22.72042905632615,27.872554442783025202,,67823
2023-08-08,optimism,94.10272113405132,69.82704767005437983,,824269
2023-08-08,starknet,62.38567809727202,37.450902274521377771,,265998
2023-08-08,zksync_era,122.46217148709316,75.336528087193635212,,862871
2023-08-09,arbitrum,64.91405091611155,46.590695711615366025,,625504
2023-08-09,base,115.07745487886568,28.780989987922813806,,444801
2023-08-09,linea,26.909376023501874,18.80197930530578378,,98470
2023-08-09,optimism,57.01960763851997,42.1823314474507191,,567350
2023-08-09,starknet,87.83275336216415,46.361727017741847941,,351018
2023-08-09,zksync_era,125.87317576976713,80.987149395023616562,,926390
2023-08-10,arbitrum,62.20434268378386,44.303836368505857781,,617056
2023-08-10,base,131.12820412851403,34.286327744615938228,,694769
2023-08-10,linea,23.288765561698597,17.417371002693131707,,91624
2023-08-10,optimism,51.28391060016496,37.714123617779566468,,528229
2023-08-10,starknet,78.9706484667428,47.132756217914359294,,335541
2023-08-10,zksync_era,119.90582376977262,75.906256094996852869,,881824
2023-08-11,arbitrum,53.65266618162569,35.758970880130548094,,584317
2023-08-11,base,116.67958174659096,27.65336157959816398,,610243
2023-08-11,linea,19.385403339637833,12.890321985751187843,,79160
2023-08-11,optimism,40.39029722735441,29.85983788362826849,,448094
2023-08-11,starknet,57.73028110256182,30.289700612498995372,,287399
2023-08-11,zksync_era,120.41242084459118,68.796580503449686692,,969449
2023-08-12,arbitrum,37.22518123750002,22.585701372330320207,,485264
2023-08-12,base,69.4099727825374,17.639717720682020706,,503122
2023-08-12,linea,17.784855273394232,10.574390524570633513,,88299
2023-08-12,optimism,26.13848096481448,17.749399525839182476,,388472
2023-08-12,starknet,64.93454285910083,35.144495756632772218,,404450
2023-08-12,zksync_era,128.74509393792658,68.17932710083368419,,1124856
2023-08-13,arbitrum,41.2076828571001,25.100325771386189567,,543223
2023-08-13,base,71.62212179380737,19.12878013206420701,,562998
2023-08-13,linea,18.540753963455806,11.96305958020462277,,101431
2023-08-13,optimism,26.07574512032256,18.373186587427228784,,394903
2023-08-13,starknet,57.21958205763427,32.197147206669573365,,404478
2023-08-13,zksync_era,125.65290633204108,72.454377938246217414,,1114978
2023-08-14,arbitrum,55.32610701569988,38.54432519743886685,,579855
2023-08-14,base,85.63954059084651,28.209737311776950714,,526134
2023-08-14,linea,17.882347243268548,13.805475438617275716,,77892
2023-08-14,optimism,75.41975491036489,57.98234689482879255,,650374
2023-08-14,starknet,56.63078758604987,39.220033849234443532,,305454
2023-08-14,zksync_era,120.82670879793075,73.904480116243529232,,951445
2023-08-15,arbitrum,69.35192368626394,51.250339556902515673,,586654
2023-08-15,base,73.30964763549629,34.036907935944428748,,531194
2023-08-15,linea,17.251432064991015,13.407275275921213994,,76620
2023-08-15,optimism,168.08747874210195,113.007740009116847388,,894051
2023-08-15,starknet,69.41098125623341,55.03328924857797575,,330316
2023-08-15,zksync_era,118.14803861304318,65.612703055435568846,,846799
2023-08-16,arbitrum,72.25331907265465,56.02073047539769108,,593320
2023-08-16,base,58.98062373882045,33.180938954730470354,,423244
2023-08-16,linea,17.132093603162105,5.819185907926846266,,62959
2023-08-16,optimism,86.30537889412143,67.538523810059473028,,611121
2023-08-16,starknet,69.2926707697693,46.739072703087873167,,281175
2023-08-16,zksync_era,128.2291792922092,111.654297213661638486,,748857
2023-08-17,arbitrum,205.4581497729748,117.628904157566094893,,894699
2023-08-17,base,53.23484000618016,35.1484937722355591,,372773
2023-08-17,linea,16.713521058266448,15.134867653281131731,,67098
2023-08-17,optimism,132.47116880541347,77.070353828441881458,,560502
2023-08-17,starknet,63.4519890675227,49.015123221149363895,,256772
2023-08-17,zksync_era,133.0747721772504,88.195143332597350393,,800795
2023-08-18,arbitrum,69.41342351172372,55.845791041864509621,,704062
2023-08-18,base,45.784709075183045,28.385600012553147032,,434297
2023-08-18,linea,14.289063834168807,15.679444573034863232,,62216
2023-08-18,optimism,52.26124133662434,36.992114561543195318,,432042
2023-08-18,starknet,69.88225800807419,44.238624881576188329,,286918
2023-08-18,zksync_era,116.36397157871293,89.308600522536454893,,776053
2023-08-19,arbitrum,48.77635652262195,26.110168634765726608,,636610
2023-08-19,base,58.07952323867186,20.14202694968980185,,650016
2023-08-19,linea,12.222743766692812,10.13598562080804858,,86916
2023-08-19,optimism,29.77080945284218,18.747196572374811264,,381864
2023-08-19,starknet,74.38472412389524,32.407012412106435851,,451461
2023-08-19,zksync_era,131.88495588349977,68.907319161307591037,,1161399
2023-08-20,arbitrum,45.21162486365181,23.191569304267804558,,532122
2023-08-20,base,77.86641456232942,25.674030672039786246,,842575
2023-08-20,linea,12.229133148209996,12.048752754439800265,,93208
2023-08-20,optimism,27.06949550106362,17.864288024634987936,,359393
2023-08-20,starknet,61.65568548267933,40.7633320395895375,,414692
2023-08-20,zksync_era,117.09741536588346,68.166753742940037789,,1056167
2023-08-21,arbitrum,56.591917642079565,38.879259679151226423,,557963
2023-08-21,base,142.81143646398627,55.888981576341101256,,1356944
2023-08-21,linea,18.494962000196313,15.337101964374416168,,89085
2023-08-21,optimism,39.8615083216756,28.479482973234399272,,405521
2023-08-21,starknet,55.36584820861939,49.576217036573370999,,308776
2023-08-21,zksync_era,116.65699417272579,86.445259277459678212,,942803
2023-08-22,arbitrum,76.07553613303016,55.647644208694720353,,577255
2023-08-22,base,111.25057126937637,56.047936714411516834,,925234
2023-08-22,linea,30.170364150854635,15.465987036567446905,,100196
2023-08-22,optimism,54.12516028634496,38.671797798655931684,,408387
2023-08-22,starknet,59.50251388357179,58.404928039029714463,,291551
2023-08-22,zksync_era,117.70137434647725,95.523322610858808279,,837332
2023-08-23,arbitrum,59.382682918602086,40.734924236686834242,,607553
2023-08-23,base,70.13961491374333,36.847562741536707802,,736010
2023-08-23,linea,28.136405653177114,20.982901598504529731,,116480
2023-08-23,optimism,40.96694733271877,30.012590209134973766,,431832
2023-08-23,starknet,76.96752249565232,53.965507713738619374,,427779
2023-08-23,zksync_era,131.04500678025096,85.036586305963356324,,1010441
2023-08-24,arbitrum,51.46774100183031,34.918397343836535214,,537924
2023-08-24,base,62.78331591451988,32.684194280982742204,,677920
2023-08-24,linea,30.580768038516144,23.156748788548919573,,146142
2023-08-24,optimism,35.88208252263886,24.473944986283583266,,385821
2023-08-24,starknet,82.22611755780466,53.974636844518384736,,480117
2023-08-24,zksync_era,128.5066742914228,71.769108148139195879,,1031357
2023-08-25,arbitrum,95.10689530832752,66.322180601180939929,,694542
2023-08-25,base,110.07780844195744,32.96355245616041554,,661591
2023-08-25,linea,27.877483759427385,28.933536477601455913,,123364
2023-08-25,optimism,34.22252524856139,24.164375837975477136,,328085
2023-08-25,starknet,74.36403563255232,54.772937135233103853,,393401
2023-08-25,zksync_era,109.03391729970664,86.264847221489780463,,863856
2023-08-26,arbitrum,40.03212662230004,22.776648354662034832,,531696
2023-08-26,base,125.37823931065502,13.196621403487418562,,393225
2023-08-26,linea,21.835045386579452,14.638778398131638253,,155032
2023-08-26,optimism,18.83998711274237,13.262104106700754654,,319108
2023-08-26,starknet,73.57044392843038,39.995242337195231148,,598198
2023-08-26,zksync_era,132.9433782866286,72.382311849383686803,,1317468
2023-08-27,arbitrum,32.2969195496263,18.338366481261662281,,472081
2023-08-27,base,71.60343835398533,13.797703163990374774,,391499
2023-08-27,linea,21.632278985819415,12.006343076687659599,,149855
2023-08-27,optimism,20.353965762163384,13.102000452739882592,,311962
2023-08-27,starknet,66.81194244325536,39.60189319568477897,,550575
2023-08-27,zksync_era,125.45946937902133,79.640440599766839324,,1220221
2023-08-28,arbitrum,52.1571665288523,38.326731651982897034,,504002
2023-08-28,base,76.80329216349134,24.523047960554437048,,353847
2023-08-28,linea,25.82046598077874,8.360860871953260118,,102174
2023-08-28,optimism,72.80788531851078,59.358248505327429546,,374491
2023-08-28,starknet,80.75557371109707,68.814198767247808508,,448331
2023-08-28,zksync_era,105.27751507855609,90.367619738552430015,,849845
2023-08-29,arbitrum,89.5422091470586,61.580108602564531536,,561346
2023-08-29,base,76.66783028368283,30.543543915465113586,,353574
2023-08-29,linea,29.90458507753123,35.484184847345831314,,99120
2023-08-29,optimism,82.46969245905964,54.495093131040509176,,383659
2023-08-29,starknet,112.1920182584536,109.455674448739753665,,594939
2023-08-29,zksync_era,120.12920993113657,94.349401451192853408,,878394
2023-08-30,arbitrum,51.38471552166536,36.471819790222300584,,516007
2023-08-30,base,64.21907207419584,24.293679882143480592,,362835
2023-08-30,linea,26.573367183383006,27.937346569389913634,,105338
2023-08-30,optimism,40.13563584057879,31.196940014575506336,,379635
2023-08-30,starknet,118.23708142032919,82.334293648525652797,,625747
2023-08-30,zksync_era,112.37499833001003,84.476509010848105459,,897607
2023-08-31,arbitrum,63.82041901010601,44.930784852475701553,,656984
2023-08-31,base,79.1996930376348,27.819363782759989046,,478984
2023-08-31,linea,25.651799520038974,16.987636898020091661,,114937
2023-08-31,optimism,47.349451561668594,31.759210464730193022,,422753
2023-08-31,starknet,118.5188278901484,99.522205364903991559,,737020
2023-08-31,zksync_era,124.66678304736308,86.160011458244843373,,1045698
2023-09-01,arbitrum,49.78822812512704,32.907321164404782446,,574096
2023-09-01,base,53.524267410755066,17.275608025416687818,,346144
2023-09-01,linea,19.338830025755676,27.455126947249266352,,118091
2023-09-01,optimism,32.03540775519382,22.164953821231148948,,342105
2023-09-01,starknet,83.35547011793935,75.805736325383682265,,591040
2023-09-01,zksync_era,100.99347665120202,67.005575664418267728,,922815
2023-09-02,arbitrum,33.79208331269999,19.136611093399013054,,508040
2023-09-02,base,35.66262460236598,10.413199960546913676,,302048
2023-09-02,linea,17.134385564986054,13.591815691795151307,,131557
2023-09-02,optimism,20.327122683186783,12.676323839079571536,,298565
2023-09-02,starknet,89.0310914910034,47.776026609150821036,,736136
2023-09-02,zksync_era,108.50448059133808,60.430954205452728805,,1107868
2023-09-03,arbitrum,29.44057715379491,16.166277840952728449,,430582
2023-09-03,base,30.135131406928146,10.315475606358830766,,298633
2023-09-03,linea,17.630927561189274,14.023507593910052819,,133522
2023-09-03,optimism,16.945957809040028,11.211883995653454102,,278496
2023-09-03,starknet,94.67406365212902,53.874770372294637917,,778508
2023-09-03,zksync_era,110.5029237675232,60.061129796134887244,,1132370
2023-09-04,arbitrum,37.70735967711586,23.342395192336782155,,468599
2023-09-04,base,31.014040155349598,14.207641392237034142,,308383
2023-09-04,linea,24.819458937136844,15.945412924510448338,,144990
2023-09-04,optimism,24.038639445650915,15.836208481659132366,,302299
2023-09-04,starknet,77.03588029250488,61.598766982417283028,,562068
2023-09-04,zksync_era,101.30506857408403,73.257251622025326047,,957801
2023-09-05,arbitrum,50.38912086005869,34.17212705774945345,,569614
2023-09-05,base,34.229986024878926,15.679092607227631676,,339306
2023-09-05,linea,18.472089587934335,28.379082582064693822,,194892
2023-09-05,optimism,28.51607248231374,17.469374635042982338,,331085
2023-09-05,starknet,85.24118887982743,72.376124520433226298,,670322
2023-09-05,zksync_era,106.60026539922875,73.409062148017422224,,1027656
2023-09-06,arbitrum,49.077747376834495,32.847289363985495062,,507782
2023-09-06,base,32.90186620827169,18.119184540836315292,,332740
2023-09-06,linea,26.048764375324517,34.979271999746372534,,147173
2023-09-06,optimism,33.89969521921083,22.006237584835474646,,352441
2023-09-06,starknet,90.0291832321248,83.892143097391908339,,622563
2023-09-06,zksync_era,100.38267032693373,72.20598543443843965,,895419
2023-09-07,arbitrum,43.8192699840711,29.756518488568053001,,509672
2023-09-07,base,32.802707656560564,16.911436177978099462,,325736
2023-09-07,linea,24.168762598955738,25.786521175356006701,,160815
2023-09-07,optimism,31.358216290348164,20.507690206843761562,,354349
2023-09-07,starknet,93.84238562044754,88.358415942821910596,,707000
2023-09-07,zksync_era,103.92318939655301,74.572326557455739395,,924865
2023-09-08,arbitrum,37.88077938348054,23.415302190145406722,,506702
2023-09-08,base,33.423183768162524,16.394285515961065854,,354645
2023-09-08,linea,21.512546859911026,20.579924844307902362,,142277
2023-09-08,optimism,24.679004285447263,15.94579220327630749,,347196
2023-09-08,starknet,90.13512055041338,72.083208812919161604,,750584
2023-09-08,zksync_era,106.43195346897824,68.031177490232782583,,1009761
2023-09-09,arbitrum,27.432233570200022,14.559303421209938609,,433448
2023-09-09,base,29.77369468295276,12.47704061890027286,,511810
2023-09-09,linea,17.15165662762245,14.558631474676450464,,174438
2023-09-09,optimism,19.35668844653128,10.205693211781167044,,320019
2023-09-09,starknet,89.68424018458674,45.445076605481915565,,877589
2023-09-09,zksync_era,113.85765828902004,62.962734744232081933,,1155414
2023-09-10,arbitrum,29.279379033230587,14.444228871799162305,,470429
2023-09-10,base,34.550279097202775,14.296881462230576268,,741088
2023-09-10,linea,15.675959599476535,14.012649826971395037,,158742
2023-09-10,optimism,20.957676965713446,9.584292873174894616,,294016
2023-09-10,starknet,81.59470461488554,46.498187006711734867,,861525
2023-09-10,zksync_era,109.5171453241897,59.700905434747645245,,1147160
2023-09-11,arbitrum,54.278708459149264,35.945352004142473854,,553427
2023-09-11,base,45.6760954645782,24.500926236799516712,,566435
2023-09-11,linea,19.48604949058482,21.66760601511055693,,118651
2023-09-11,optimism,63.77607442288569,44.721592491726989056,,350430
2023-09-11,starknet,78.41553541804468,91.190585969315481262,,608449
2023-09-11,zksync_era,106.76756630588702,88.833599284265902097,,962463
2023-09-12,arbitrum,41.96874580212194,25.797909251938998223,,528771
2023-09-12,base,45.14201151016555,22.406222104069558886,,728807
2023-09-12,linea,17.700550224013934,18.29084976702825107,,118486
2023-09-12,optimism,39.09318525287837,26.615950053216414698,,441382
2023-09-12,starknet,84.81066273733664,64.780856143601304561,,692177
2023-09-12,zksync_era,104.15682814426407,70.060718208431842721,,915351
2023-09-13,arbitrum,45.83292743189392,31.069640710468074597,,482992
2023-09-13,base,80.09563899877715,40.41248472526986431,,1354606
2023-09-13,linea,17.976575609031286,15.139696974088649822,,91217
2023-09-13,optimism,29.32965573216946,20.06490425166515052,,311577
2023-09-13,starknet,82.90445164973863,55.778878414766714704,,554178
2023-09-13,zksync_era,95.0769754740565,69.711259434220072758,,760719
2023-09-14,arbitrum,40.216228920012185,27.20470797850071888,,502437
2023-09-14,base,116.20343049345864,53.884901604573690248,,1833845
2023-09-14,linea,17.24837393459309,19.773030978292800668,,109839
2023-09-14,optimism,28.033798273204457,19.524382129436838352,,334824
2023-09-14,starknet,89.04245760096833,85.530345828391328727,,690866
2023-09-14,zksync_era,110.55808967192876,70.253053272844374291,,958417
2023-09-15,arbitrum,24.859161186757603,23.525929189984310324,,479045
2023-09-15,base,93.474481846355,40.678947665357834438,,1686753
2023-09-15,linea,17.05364779498632,17.28313402292334588,,113822
2023-09-15,optimism,32.71967252917134,19.900666502739519208,,353269
2023-09-15,starknet,86.44773923915443,75.733447146442912839,,656337
2023-09-15,zksync_era,104.93978834266616,72.932855837666078034,,938894
2023-09-16,arbitrum,19.864156963240227,13.894413937242159076,,441575
2023-09-16,base,63.97000794304872,26.625846048487762622,,1686306
2023-09-16,linea,15.329076931238978,13.944844639979698006,,148277
2023-09-16,optimism,82.19736051947953,9.63921759671178848,,277459
2023-09-16,starknet,79.51657970683551,47.413680201798408297,,796225
2023-09-16,zksync_era,108.54665034440318,63.760510467494203267,,1094009
2023-09-17,arbitrum,18.98268534041296,12.054491505750346966,,422230
2023-09-17,base,39.37920761852681,17.102297049078363114,,1112420
2023-09-17,linea,14.604890592410966,12.106959054262924733,,138601
2023-09-17,optimism,53.44390828631046,8.007350249976814738,,257140
2023-09-17,starknet,78.92171224732421,46.84001002195489571,,845712
2023-09-17,zksync_era,105.28887355222345,58.911485662724987609,,1081315
2023-09-18,arbitrum,27.92201858272996,24.419255107980841684,,535097
2023-09-18,base,93.36377653214204,40.210670816984234122,,1305126
2023-09-18,linea,17.256955435911202,22.767072998292851834,,134614
2023-09-18,optimism,56.27667577779551,16.243301060954404136,,277050
2023-09-18,starknet,64.28892601486339,84.779982484926574107,,575829
2023-09-18,zksync_era,106.2407885303693,80.729136963185687734,,959454
2023-09-19,arbitrum,26.07080410330372,21.698690924728316768,,559501
2023-09-19,base,49.79479320994591,24.628583050550006404,,1115378
2023-09-19,linea,17.615371939575137,16.669943099115701691,,129766
2023-09-19,optimism,37.42642501901194,13.071993767788928886,,307084
2023-09-19,starknet,70.78767567640102,50.971274241733662107,,625215
2023-09-19,zksync_era,113.65675642908347,70.588098259664921729,,1079730
2023-09-20,arbitrum,30.5588452228421,27.786962022406290742,,637126
2023-09-20,base,45.14109793778459,21.71399022507027861,,917341
2023-09-20,linea,16.283409946833373,18.735385471882821915,,118434
2023-09-20,optimism,34.96120479529932,14.698968237293754168,,301268
2023-09-20,starknet,67.94463388584484,64.984825715889385043,,580681
2023-09-20,zksync_era,109.19439884381381,70.427490953275200056,,1025527
2023-09-21,arbitrum,65.12704251526766,41.416626219704671749,,922749
2023-09-21,base,45.674009822935005,23.217606884558151446,,631019
2023-09-21,linea,15.330952053785083,14.665558780881948161,,110693
2023-09-21,optimism,40.095876290537774,17.409908312820944836,,318848
2023-09-21,starknet,73.09924535588534,58.091179338969710659,,596070
2023-09-21,zksync_era,106.60876530480854,78.941905669020849145,,998241
2023-09-22,arbitrum,33.57512227269998,16.704322606320401926,,593898
2023-09-22,base,35.1687973083793,15.09607867081777496,,861751
2023-09-22,linea,12.874475246494303,11.147374397192629662,,121439
2023-09-22,optimism,33.918483063652864,10.56844427904453082,,300451
2023-09-22,starknet,60.81364179510996,33.737338289101838601,,644600
2023-09-22,zksync_era,102.060156330015,59.44522194424124809,,1052848
2023-09-23,arbitrum,26.08876756210004,11.609765225715823023,,462604
2023-09-23,base,28.07133557303424,12.322152343768718864,,633134
2023-09-23,linea,11.352931044814,9.571760443707948954,,125977
2023-09-23,optimism,28.69454999348985,8.091413015506199596,,276369
2023-09-23,starknet,53.07642796957428,30.329306422235017899,,653756
2023-09-23,zksync_era,99.78033611474962,55.574253261601847995,,1087164
2023-09-24,arbitrum,27.646657779728123,11.934259118385385834,,497398
2023-09-24,base,26.82335408492085,10.046934196918907622,,654023
2023-09-24,linea,11.521774415356159,9.480741740287553988,,137284
2023-09-24,optimism,26.490352054941603,6.545065523415325882,,253297
2023-09-24,starknet,53.48420000932803,30.870551552832262368,,704835
2023-09-24,zksync_era,100.20658741509811,51.281061798755954497,,1112855
2023-09-25,arbitrum,37.83769279824793,20.257923295901750681,,523551
2023-09-25,base,34.01473562953053,17.335433350999073018,,725778
2023-09-25,linea,14.544905957544637,17.052487121555464267,,126883
2023-09-25,optimism,51.517426750865575,22.806289604110032972,,281349
2023-09-25,starknet,58.38319614055713,56.932650975096163882,,576571
2023-09-25,zksync_era,97.01076941440776,66.054894878122859879,,968403
2023-09-26,arbitrum,45.532519016091896,26.2846089533697461,,590822
2023-09-26,base,58.91530368051206,28.297049316156617604,,1185010
2023-09-26,linea,18.301999480389256,15.644249704737057369,,106096
2023-09-26,optimism,47.30488186221019,25.231090117074202304,,315923
2023-09-26,starknet,61.67217238049125,55.137774337353859953,,543896
2023-09-26,zksync_era,99.61766243873362,68.01942080345198416,,960522
2023-09-27,arbitrum,59.5284189448697,27.873456553401299947,,678595
2023-09-27,base,51.46987298183611,25.181219578192507614,,1193512
2023-09-27,linea,15.39564080731677,14.382726094020171084,,125173
2023-09-27,optimism,33.175547050503674,14.618394013406591658,,320844
2023-09-27,starknet,63.59510224371388,49.884470850673295118,,639539
2023-09-27,zksync_era,104.12463356807291,60.596420658224771975,,1050811
2023-09-28,arbitrum,63.155885321592585,30.353965249609921735,,749134
2023-09-28,base,48.33562146961389,22.941508720385263558,,984838
2023-09-28,linea,17.131563848001,10.84881684138946169,,137043
2023-09-28,optimism,35.331401161821006,14.645053758826117454,,343815
2023-09-28,starknet,62.535981025744604,45.057454597611678439,,658307
2023-09-28,zksync_era,99.67724350602066,56.359474081100882367,,1004633
2023-09-29,arbitrum,57.4581723718268,24.807361589696534714,,726293
2023-09-29,base,29.5686534746173,14.08698953484747184,,733279
2023-09-29,linea,15.650618327344208,15.081173589352006229,,137793
2023-09-29,optimism,29.40523834117236,10.038042266795988186,,285151
2023-09-29,starknet,58.21767391695337,34.983084237519586832,,652460
2023-09-29,zksync_era,91.71211307264089,55.257901499504255416,,934880
2023-09-30,arbitrum,57.026816928661,20.606929981077133556,,701544
2023-09-30,base,31.695498856157645,14.02781589863654223,,874197
2023-09-30,linea,19.390660791856725,16.464462988737696929,,191447
2023-09-30,optimism,23.86463783931462,9.222043334578798514,,381855
2023-09-30,starknet,58.08036774370625,36.377799581883352341,,721545
2023-09-30,zksync_era,95.24504321774121,50.928621670746325541,,1044123
2023-10-01,arbitrum,67.64811825059331,19.781643559685815595,,703660
2023-10-01,base,35.844078204504555,14.80458634213578991,,1105750
2023-10-01,linea,15.945438595460812,14.809025779523016438,,167413
2023-10-01,optimism,24.835548336457418,6.733847954373053802,,247948
2023-10-01,starknet,46.325879415598166,29.486230392115397129,,587725
2023-10-01,zksync_era,80.45297086342825,42.198040417866248846,,896162
2023-10-02,arbitrum,60.28304566287567,33.694012420803033902,,612469
2023-10-02,base,81.83084500975382,43.197474788740834708,,1433352
2023-10-02,linea,22.943827043105035,18.523040798584451009,,140982
2023-10-02,optimism,32.1010054881476,15.176300756037333532,,242649
2023-10-02,starknet,53.61786339059819,69.555031664855279523,,451209
2023-10-02,zksync_era,77.5118043275726,57.270236378690116727,,748742
2023-10-03,arbitrum,46.66006129110954,24.803311595129598464,,652875
2023-10-03,base,34.054546449589374,15.507461382915939568,,725071
2023-10-03,linea,21.751781598447213,18.704335512518607119,,170415
2023-10-03,optimism,21.418097291180818,9.986487099751235128,,287527
2023-10-03,starknet,56.277002256268545,46.611569990546283114,,553832
2023-10-03,zksync_era,82.57656387883685,49.855831294548118189,,873502
2023-10-04,arbitrum,40.89815821617314,19.653284786933061989,,635102
2023-10-04,base,30.799182629266507,13.78666038290449812,,702190
2023-10-04,linea,22.532551572785874,13.798394152130195629,,204565
2023-10-04,optimism,21.26685768563557,8.100160598068132928,,238384
2023-10-04,starknet,61.06337941164564,44.9809020518715188,,604203
2023-10-04,zksync_era,79.94849045129526,45.53427864247433425,,868440
2023-10-05,arbitrum,40.14320769665636,19.35923799798239689,,626671
2023-10-05,base,59.25017374172226,12.718539055953541538,,818590
2023-10-05,linea,20.800140857544122,22.479950467056672795,,197443
2023-10-05,optimism,18.737575979811798,7.779592636149185044,,246163
2023-10-05,starknet,44.90010044207426,37.152104895070873475,,539836
2023-10-05,zksync_era,79.32952636764553,44.954581431700525823,,876289
2023-10-06,arbitrum,39.66600760934816,17.854950363599743017,,701125
2023-10-06,base,21.457315039009423,9.381673868685155506,,570780
2023-10-06,linea,21.57277763865614,14.799848730364056403,,213450
2023-10-06,optimism,18.32517880838306,7.014851327244061696,,242644
2023-10-06,starknet,45.71001542292757,32.574927343343704241,,566309
2023-10-06,zksync_era,85.38387493430632,44.669400532208208119,,936651
2023-10-07,arbitrum,27.96786117469999,10.778999963461176237,,583636
2023-10-07,base,17.322959431810425,7.119074191731807238,,542638
2023-10-07,linea,25.797932588675145,17.639123510737926241,,294643
2023-10-07,optimism,13.048596122742786,4.555525187954570108,,218883
2023-10-07,starknet,42.41356347720712,22.985764740604082827,,631657
2023-10-07,zksync_era,86.98225483043426,42.215627424757957377,,1015786
2023-10-08,arbitrum,25.44697054631504,9.789901555185790074,,476792
2023-10-08,base,17.63283447378444,7.125604804075679608,,503537
2023-10-08,linea,31.559541415149013,18.393449884836578962,,353115
2023-10-08,optimism,14.329117401285956,4.69541290404149563,,210861
2023-10-08,starknet,40.36647753860977,26.051856236230743477,,598722
2023-10-08,zksync_era,88.28503042781907,43.738799622722596042,,1009501
2023-10-09,arbitrum,36.161488744478085,15.546438293152961974,,544765
2023-10-09,base,24.05009010380236,9.661989897477986994,,568345
2023-10-09,linea,38.794557767787865,23.859770760560407232,,363725
2023-10-09,optimism,33.41862296288306,12.21287693317063124,,247818
2023-10-09,starknet,43.51241612590631,32.21296833911879757,,526519
2023-10-09,zksync_era,84.3033104569548,44.831922633356175354,,930729
2023-10-10,arbitrum,32.52113872432492,14.503913665837344267,,743887
2023-10-10,base,25.795314964266304,8.411833470177680806,,536679
2023-10-10,linea,33.89366517017261,22.58040415944330871,,357355
2023-10-10,optimism,26.91289170953933,9.534601940319094454,,239149
2023-10-10,starknet,44.829684456396244,31.502730443204330669,,555345
2023-10-10,zksync_era,87.0746704660003,48.24663443321363793,,958344
2023-10-11,arbitrum,31.852171605553732,14.242663655743137039,,522438
2023-10-11,base,16.17637315431609,8.011372378655882934,,418725
2023-10-11,linea,12.116777666906643,29.149984222209617926,,132998
2023-10-11,optimism,21.56816998423153,9.175575381099855994,,255648
2023-10-11,starknet,43.92782439074126,30.274215104865501712,,534961
2023-10-11,zksync_era,84.31780394024649,49.221637140173929292,,919468
2023-10-12,arbitrum,30.541646560500304,13.59164495166373039,,488994
2023-10-12,base,15.092108474128205,7.995083030820107624,,360307
2023-10-12,linea,12.502300580035742,11.027956803553587533,,134063
2023-10-12,optimism,22.16358163868337,10.107887283176995322,,269042
2023-10-12,starknet,38.38353943784883,27.352470468464800628,,471646
2023-10-12,zksync_era,81.30210419303734,38.351450283579157161,,878843
2023-10-13,arbitrum,25.420996853158613,11.372345342249944414,,426781
2023-10-13,base,12.16518827385691,6.673441975766102764,,313327
2023-10-13,linea,14.696062475528159,6.248393292440108578,,139279
2023-10-13,optimism,18.625083142421197,7.670794661858750858,,223778
2023-10-13,starknet,38.33548591305242,31.429852748896259394,,496042
2023-10-13,zksync_era,82.61451447808435,56.61071037712339685,,895276
2023-10-14,arbitrum,17.302630816599997,6.335136109960005586,,360155
2023-10-14,base,11.11539979258435,5.594630573655821036,,388411
2023-10-14,linea,12.68162038839898,11.27703808885880176,,162414
2023-10-14,optimism,11.072655413650264,4.13085455315280895,,201200
2023-10-14,starknet,32.11379636291736,18.013332373272899085,,517291
2023-10-14,zksync_era,80.59192831762388,39.669425714451571074,,920829
2023-10-15,arbitrum,18.585249918100857,6.836650749299019935,,353891
2023-10-15,base,12.329437462585457,6.552791549482153074,,442081
2023-10-15,linea,12.185587616028178,8.402011719996881774,,156604
2023-10-15,optimism,11.632897218776574,4.563416692234096842,,210043
2023-10-15,starknet,34.211826115016805,20.234453737989138119,,529272
2023-10-15,zksync_era,75.773385623053,38.97891673550560286,,872817
2023-10-16,arbitrum,63.673047972048025,25.829022308812186386,,565362
2023-10-16,base,21.704664545693213,12.389773556688093562,,407122
2023-10-16,linea,16.016010895925483,9.46510539413787467,,142150
2023-10-16,optimism,33.475528381485525,11.93580191158837259,,216124
2023-10-16,starknet,40.03983806048784,43.114754136561823474,,433094
2023-10-16,zksync_era,86.17479330024801,50.931461032627838877,,852442
2023-10-17,arbitrum,31.45867986670826,14.937103152569547364,,463086
2023-10-17,base,17.158571293372525,9.27297905164892818,,417469
2023-10-17,linea,14.556623508357108,10.497991458812066481,,146247
2023-10-17,optimism,18.58245853299361,8.195872582685460822,,265685
2023-10-17,scroll,9.291507117671461,3.975560551715279988,,41277
2023-10-17,starknet,42.30600168415455,31.347948671102695967,,487381
2023-10-17,zksync_era,85.8112248088817,51.133448792519948172,,910995
2023-10-18,arbitrum,32.996601422229894,15.938845136860963767,,478704
2023-10-18,base,18.099635677628974,10.203264019950272668,,451347
2023-10-18,linea,15.148930361892582,9.519968662477400634,,144597
2023-10-18,optimism,16.116843645921733,8.192930325570484314,,238850
2023-10-18,scroll,12.555171458196225,6.160702513516177707,,77340
2023-10-18,starknet,44.07423589915486,34.866851167173395224,,490712
2023-10-18,zksync_era,85.23829446592408,49.092438599293736122,,875404
2023-10-19,arbitrum,32.40165068353259,14.923856949037380213,,484837
2023-10-19,base,21.605478297221904,9.843673844308320236,,419350
2023-10-19,linea,14.026950164001972,5.712938928083061001,,141916
2023-10-19,optimism,15.91918450884446,7.837440167221213414,,237265
2023-10-19,scroll,11.903651028420871,5.947233241052415114,,81046
2023-10-19,starknet,40.823526196072876,31.663693473264510818,,454516
2023-10-19,zksync_era,76.43485659113762,37.827378694824885731,,807665
2023-10-20,arbitrum,40.89648783750817,21.749357639986948709,,518429
2023-10-20,base,19.718302274723182,12.50045696807649939,,383769
2023-10-20,linea,14.86092404271071,8.121890428441937713,,109884
2023-10-20,optimism,22.589639167290034,11.197928619944455296,,253972
2023-10-20,scroll,11.996202486688793,7.245902270599924835,,66159
2023-10-20,starknet,47.61547562046877,41.238579299379239352,,416771
2023-10-20,zksync_era,79.89986129599525,59.193271843843475117,,740065
2023-10-21,arbitrum,30.0767033530564,13.815083772494074502,,469817
2023-10-21,base,14.894423472338142,8.615228907099004992,,365250
2023-10-21,linea,12.187904824405397,12.269388941610561677,,134657
2023-10-21,optimism,20.46905545322065,7.26253342330238749,,225475
2023-10-21,scroll,11.126211658865932,6.087147782421343594,,88759
2023-10-21,starknet,45.04551193288023,32.731445071495428327,,555975
2023-10-21,zksync_era,82.73494647456728,42.512312751181110199,,878198
2023-10-22,arbitrum,29.6869166093481,13.1719214358354515,,488026
2023-10-22,base,15.71002811064769,8.635004260648506246,,374770
2023-10-22,linea,13.68899213714315,9.380262314588758616,,147016
2023-10-22,optimism,16.250746863322703,6.818008157106832902,,221556
2023-10-22,scroll,12.80293762459829,6.94175157318662752,,96332
2023-10-22,starknet,45.120570067033604,32.931417166239100504,,559902
2023-10-22,zksync_era,80.21805236965689,42.883105095266785664,,869648
2023-10-23,arbitrum,90.41148073799476,47.03979947130654009,,625639
2023-10-23,base,24.500027994079566,16.631548105106535146,,315400
2023-10-23,linea,17.11824533328147,2.486591861312285741,,108122
2023-10-23,optimism,90.59700421481672,50.551245811159731272,,294023
2023-10-23,scroll,16.622430186830446,12.136264927723487003,,81183
2023-10-23,starknet,48.50310786843771,47.553465918135669165,,387223
2023-10-23,zksync_era,84.76625315140096,72.644744069890559936,,719842
2023-10-24,arbitrum,98.24890382970456,68.769161828070923334,,767333
2023-10-24,base,32.20697414791966,21.598176612880890892,,305058
2023-10-24,linea,19.695051804425077,29.261897310845722677,,71578
2023-10-24,optimism,61.13887295497049,43.357270273658107512,,313247
2023-10-24,scroll,15.692180182170782,12.454191914244210956,,57603
2023-10-24,starknet,44.21694120624856,34.948972990491168319,,211852
2023-10-24,zksync_era,78.95022718352138,57.719590770795998896,,510201
2023-10-25,arbitrum,74.28838152592182,51.101533287812161718,,645394
2023-10-25,base,27.5416341011899,20.277163094490372368,,314075
2023-10-25,linea,19.0936883160104,9.981989981838381153,,91251
2023-10-25,optimism,45.60641230682256,33.376728000001435994,,248669
2023-10-25,scroll,17.993973414469444,12.081794142433228569,,64461
2023-10-25,starknet,59.66691836283892,55.785319589687932899,,345723
2023-10-25,zksync_era,90.31275904521847,58.954926869478039558,,709094
2023-10-26,arbitrum,79.34729234875253,54.753195564059157801,,703268
2023-10-26,base,27.67877741437223,20.210175442353335774,,305383
2023-10-26,linea,19.160618042249,17.827828372083236228,,75741
2023-10-26,optimism,40.0105175354394,29.917581887088634058,,268158
2023-10-26,scroll,32.96697100688134,21.841763666662493478,,84022
2023-10-26,starknet,49.57074856635219,36.732134274305860326,,238993
2023-10-26,zksync_era,82.29462187662315,73.845449847938038376,,587705
2023-10-27,arbitrum,60.71517514448173,38.664558787941625711,,638300
2023-10-27,base,25.613748379544557,16.39421273181006978,,333316
2023-10-27,linea,17.035492274359566,13.713528779174242944,,86932
2023-10-27,optimism,28.34764104824615,18.465856839958374762,,242450
2023-10-27,scroll,51.234885337201455,34.651296577564401189,,160914
2023-10-27,starknet,61.631113398052825,46.499891601083539066,,365085
2023-10-27,zksync_era,80.67056102341458,48.686648975364594379,,694711
2023-10-28,arbitrum,41.04465093412841,23.794013104056379917,,534858
2023-10-28,base,21.84581773764611,12.874049704312612084,,350372
2023-10-28,linea,16.622408488368976,13.945255086395222199,,112648
2023-10-28,optimism,20.551122445244904,11.28212472233510622,,236011
2023-10-28,scroll,41.64217898624008,25.838916152657247314,,185359
2023-10-28,starknet,67.12208735602204,50.260364505682452514,,535253
2023-10-28,zksync_era,86.54652430435172,57.034792775587914799,,832503
2023-10-29,arbitrum,37.818631573068416,22.158432332506211118,,469227
2023-10-29,base,16.8323623137819,11.96162917058441996,,305073
2023-10-29,linea,17.839017676317148,14.85762051423310786,,121092
2023-10-29,optimism,18.5736000158504,11.230740544676102608,,204115
2023-10-29,scroll,46.21051373564467,27.499614343458333862,,198216
2023-10-29,starknet,70.42213803014401,52.927408478464707848,,554112
2023-10-29,zksync_era,88.06481011175153,56.595092329595720722,,837486
2023-10-30,arbitrum,57.19168318172118,38.620035106130232247,,515100
2023-10-30,base,23.34034771196812,17.073988525949924006,,294189
2023-10-30,linea,18.43661661848002,5.99905156933720681,,100451
2023-10-30,optimism,25.30224765637046,19.103371448017926456,,203605
2023-10-30,scroll,50.72913955492939,33.751131763547442545,,191104
2023-10-30,starknet,66.11113043159625,58.480194323657956075,,441012
2023-10-30,zksync_era,87.95070546851295,66.733250052156366281,,737379
2023-10-31,arbitrum,69.26580665278712,47.862035646874435672,,629599
2023-10-31,base,29.491301412290397,18.071670142385231006,,260789
2023-10-31,linea,20.644513470846668,23.750018234833915756,,87203
2023-10-31,optimism,36.851775704963096,28.070434964809032328,,215702
2023-10-31,scroll,51.66262590661091,35.507528251563824185,,178679
2023-10-31,starknet,81.71214833188407,57.995750848860227447,,406547
2023-10-31,zksync_era,86.09917015515113,77.277660296792329512,,657209
2023-11-01,arbitrum,91.21681514568756,63.955070191197896263,,741205
2023-11-01,base,29.89172022758218,19.197129785090521692,,266848
2023-11-01,linea,19.60093692211131,5.834958640042930007,,92107
2023-11-01,optimism,36.256573767173606,26.6809908555042292,,244845
2023-11-01,scroll,52.116367293923716,35.117185020536546161,,178502
2023-11-01,starknet,70.38965256259308,67.980770125081806361,,371526
2023-11-01,zksync_era,79.9141819933024,59.008020451905128017,,638909
2023-11-02,arbitrum,82.9579561620394,58.518104542463106468,,698354
2023-11-02,base,26.474660963236605,18.737679224965950776,,244879
2023-11-02,linea,20.790963966530512,19.077496668745106825,,82879
2023-11-02,optimism,38.143022278629466,29.148019625295972774,,245989
2023-11-02,scroll,56.31723872876187,37.126631088251781932,,181077
2023-11-02,starknet,72.71617988929701,53.607160261624132283,,323563
2023-11-02,zksync_era,75.95794664885489,55.312979451330645023,,559121
2023-11-03,arbitrum,75.41606660988892,51.012224712372868721,,720278
2023-11-03,base,20.65183431554885,15.841869907849074568,,246916
2023-11-03,linea,18.30630707736492,18.469598117420088702,,85326
2023-11-03,optimism,29.94438411992831,21.044908228945342048,,261622
2023-11-03,scroll,54.722837514312346,39.329046953063133959,,201549
2023-11-03,starknet,75.6287700110114,61.145564497087768737,,412320
2023-11-03,zksync_era,81.84523996063959,64.252564461783437679,,655110
2023-11-04,arbitrum,62.380047221892646,38.780722607915254822,,722799
2023-11-04,base,17.638142265130544,13.001744766978078868,,263998
2023-11-04,linea,22.075385217415263,15.134214438245710294,,122266
2023-11-04,optimism,23.768584536978203,16.302879882008310326,,266637
2023-11-04,scroll,60.79599335315724,37.309958064095640666,,266142
2023-11-04,starknet,91.30397810008544,60.928966455452526862,,582415
2023-11-04,zksync_era,95.79015428987404,54.664090308656763882,,843935
2023-11-05,arbitrum,63.19040819886818,40.918659951193575747,,641402
2023-11-05,base,20.44667777922804,15.420161381911377084,,263238
2023-11-05,linea,23.465983630039837,18.206156096226301984,,114131
2023-11-05,optimism,33.08429184182709,22.18073345702069435,,312664
2023-11-05,scroll,61.630784641742366,42.679891245958498471,,264449
2023-11-05,starknet,97.92919906169075,75.059509243325332286,,564702
2023-11-05,zksync_era,97.30972986585805,77.930732804453571522,,788116
2023-11-06,arbitrum,81.75572341829657,60.340352844194766245,,582579
2023-11-06,base,24.43737580279937,19.945242268858394812,,220256
2023-11-06,linea,22.684677205072557,7.313273322792923346,,82443
2023-11-06,optimism,88.10086360295571,79.027154854077587024,,312144
2023-11-06,scroll,70.05393072421991,49.606266804024738898,,215961
2023-11-06,starknet,76.60060813018006,65.987519751942906581,,312632
2023-11-06,zksync_era,81.1745409737309,73.157769806684641501,,540351
2023-11-07,arbitrum,91.36870524353024,65.5008726482782243,,676865
2023-11-07,base,23.25761181677481,19.646561126467607764,,227685
2023-11-07,linea,25.879511917652508,25.047186913302649946,,87332
2023-11-07,optimism,61.65716410220124,49.554693331394906052,,338587
2023-11-07,scroll,83.97983920787897,62.509654960167390611,,295270
2023-11-07,starknet,80.53252529889362,60.270252832717976573,,333833
2023-11-07,zksync_era,85.84936649916969,66.360282853051862031,,591013
2023-11-08,arbitrum,97.69079920859984,72.221209263114354707,,721152
2023-11-08,base,30.181637324800494,24.640115336424619588,,267423
2023-11-08,linea,50.93147137953187,10.801062482459316603,,137954
2023-11-08,optimism,58.12205041200304,49.097867802350613202,,312683
2023-11-08,scroll,127.47598797498573,95.813616193392068371,,405276
2023-11-08,starknet,93.62241290248383,84.684801221816505623,,396732
2023-11-08,zksync_era,88.77492210919768,72.494731451783228528,,608227
2023-11-09,arbitrum,206.76398649269157,163.43634180058017377,,927152
2023-11-09,base,41.32974584803238,35.971791144177157522,,232602
2023-11-09,linea,59.7350502625684,15.817517086353608746,,126221
2023-11-09,optimism,123.85347448235304,91.513016176953371868,,381562
2023-11-09,scroll,184.44730838733585,145.182354467124939919,,433119
2023-11-09,starknet,87.95412765510963,95.270542051616424466,,273451
2023-11-09,zksync_era,84.10822509201623,66.055346155760247826,,410483
2023-11-10,arbitrum,114.53731994379396,88.485650726943443499,,742548
2023-11-10,base,27.54193010018581,22.518774076158155182,,182214
2023-11-10,linea,66.71809405929085,61.547599879739866223,,120886
2023-11-10,optimism,59.52147529538037,46.142856531404688248,,303577
2023-11-10,scroll,32.744581250128434,25.917946366590986638,,88861
2023-11-10,starknet,45.616189061666084,34.424505265062584269,,136633
2023-11-10,zksync_era,62.88747118933539,51.043452695711787848,,350324
2023-11-11,arbitrum,92.26484751341094,65.811860276845617887,,739874
2023-11-11,base,22.446825586259543,18.91706658649064383,,214172
2023-11-11,linea,95.2339667539682,108.884508112338821004,,237588
2023-11-11,optimism,48.30249111729587,36.565920926800337378,,324524
2023-11-11,scroll,29.48416440645051,17.973575665791520845,,85559
2023-11-11,starknet,78.46096847383394,57.661006187014798203,,320811
2023-11-11,zksync_era,93.68799837523576,72.626017743456336259,,648661
2023-11-12,arbitrum,77.59308021451218,55.966992045793737931,,617145
2023-11-12,base,21.295324256297977,18.082079734345941596,,211308
2023-11-12,linea,102.59717241068383,88.672743265690771036,,258093
2023-11-12,optimism,41.41143328725744,32.374161883569252016,,308235
2023-11-12,scroll,30.505782580021837,21.700689541340434599,,101856
2023-11-12,starknet,102.05663642949776,76.799018653025139267,,447023
2023-11-12,zksync_era,105.17734208778327,73.83104934217575383,,753215
2023-11-13,arbitrum,128.83346450691926,101.192299685832791173,,644561
2023-11-13,base,29.30388686542443,26.531761193988576936,,178526
2023-11-13,linea,129.47089343811024,45.761862315330784859,,221980
2023-11-13,optimism,68.93716041078767,59.446420370848391284,,314102
2023-11-13,scroll,32.18815676625397,27.239677300788328064,,75738
2023-11-13,starknet,68.15362139575359,62.677634477261226429,,202877
2023-11-13,zksync_era,80.6444483939747,82.473045931141236346,,412681
2023-11-14,arbitrum,121.06593043540784,88.426983610745582391,,690209
2023-11-14,base,26.02076521334276,22.528508446325204262,,194130
2023-11-14,linea,114.59629846117542,82.420492693939459261,,235930
2023-11-14,optimism,56.186945544209,44.155604379221390828,,300828
2023-11-14,scroll,31.241475763464656,24.299998729406359479,,85112
2023-11-14,starknet,96.79766957080471,67.941930140372733758,,332017
2023-11-14,zksync_era,86.25761498566719,67.641990228135477949,,525243
2023-11-15,arbitrum,103.99780817442362,78.955124110145699286,,688074
2023-11-15,base,24.914901792976966,22.248298330586158894,,212507
2023-11-15,linea,69.2993295507046,90.204009743079512898,,224000
2023-11-15,optimism,48.25650672544421,38.985228141474548626,,302788
2023-11-15,scroll,32.59407149239601,23.956152364381209283,,90748
2023-11-15,starknet,108.19577715636282,80.004122006175385091,,386777
2023-11-15,zksync_era,87.43292049743192,70.233073917451916682,,551201
2023-11-16,arbitrum,112.685976325509,84.882810199415392651,,796373
2023-11-16,base,31.98883034488474,24.669422748427523098,,230546
2023-11-16,linea,55.600291780523,94.910534756178621579,,201411
2023-11-16,optimism,61.952255436700895,48.623117931317733036,,396809
2023-11-16,scroll,29.13012683631854,16.433860562051844984,,64054
2023-11-16,starknet,105.29999740639468,76.764443640381104631,,366633
2023-11-16,zksync_era,76.26445324771112,61.006778443167459456,,464547
2023-11-17,arbitrum,99.03496358559086,71.936338953735556386,,917510
2023-11-17,base,24.256177991285117,19.186363974477243754,,227821
2023-11-17,linea,53.244328007430006,46.219577678801818013,,255318
2023-11-17,optimism,53.60449505946518,41.690199179553173524,,494842
2023-11-17,scroll,26.333301675218106,15.398058792325044021,,71118
2023-11-17,starknet,128.46052350209362,92.439292733138088749,,538326
2023-11-17,zksync_era,108.10776351003435,80.420137392304503125,,935591
2023-11-18,arbitrum,64.61598938035394,44.790887068844414022,,684184
2023-11-18,base,24.3142533903864,19.295573566234716264,,312845
2023-11-18,linea,59.29558923161098,41.879449638232134369,,315140
2023-11-18,optimism,31.27932145156225,24.551496812390698894,,328232
2023-11-18,scroll,31.160516759367688,20.662962189402582526,,110625
2023-11-18,starknet,142.57939827502466,86.220067221329799197,,723720
2023-11-18,zksync_era,107.23244026896693,77.540500551538898785,,856294
2023-11-19,arbitrum,56.48428725110751,37.784253542005491161,,652473
2023-11-19,base,28.48940078192798,20.248902641431114424,,371007
2023-11-19,linea,79.31312685615835,54.991652925242657156,,376184
2023-11-19,optimism,28.58822658815101,21.811135066894177582,,308417
2023-11-19,scroll,29.456660259344517,21.876602911545272957,,136282
2023-11-19,starknet,136.1555871275,107.677116292331767628,,810318
2023-11-19,zksync_era,108.00013908251407,82.258074941833826789,,906850
2023-11-20,arbitrum,96.99819316193997,74.658128020501580458,,678373
2023-11-20,base,32.965757994827584,28.446660694281854658,,273310
2023-11-20,linea,152.48398849938218,52.086080941193588742,,422390
2023-11-20,optimism,103.81726494963672,98.259967355987263824,,358962
2023-11-20,scroll,26.56589140352876,21.467015420457234203,,72095
2023-11-20,starknet,79.84238301419116,89.001313035167753095,,297257
2023-11-20,zksync_era,77.95796168222229,71.629903766947586563,,481258
2023-11-21,arbitrum,135.6133806374233,105.237516131145866377,,825123
2023-11-21,base,34.67025854716604,30.599923524331956124,,270989
2023-11-21,linea,171.76910103161538,62.326876990914667683,,470421
2023-11-21,optimism,85.00578831655031,75.69291400001278649,,363842
2023-11-21,scroll,27.156762872234335,20.779130040236520704,,67554
2023-11-21,starknet,84.96638084165001,71.056050079254532675,,273304
2023-11-21,zksync_era,83.91958074551233,69.375156131801002042,,491568
2023-11-22,arbitrum,120.62694051694862,93.439583560167947559,,783339
2023-11-22,base,34.06552369575316,30.144911658023670314,,290611
2023-11-22,linea,137.70023475541598,84.850039787319968549,,436547
2023-11-22,optimism,62.71004123653318,50.213896410151082968,,317687
2023-11-22,scroll,25.982309508493543,18.721707509977747223,,60928
2023-11-22,starknet,93.3322774958064,72.919536561055405011,,315336
2023-11-22,zksync_era,83.62568728350905,68.453031872993706187,,491889
2023-11-23,arbitrum,101.94611590412391,77.22507075039115245,,778972
2023-11-23,base,28.93328687622473,23.400437899351559144,,250937
2023-11-23,linea,111.033085541512,165.93130602965509852,,353834
2023-11-23,optimism,44.85669961126952,36.445309229136286184,,285401
2023-11-23,scroll,25.307729067118863,17.813598076151205187,,76184
2023-11-23,starknet,101.57353180196077,61.050258753303883358,,352250
2023-11-23,zksync_era,87.88322312166817,67.386530015771499617,,567988
2023-11-24,arbitrum,93.95439418465952,67.972316537551411325,,744934
2023-11-24,base,23.70946339778553,20.645259667589469302,,255465
2023-11-24,linea,112.74040144371784,125.997965005812464211,,451551
2023-11-24,optimism,41.632974288432834,33.834945954120144186,,283229
2023-11-24,scroll,26.385927830335397,19.773996632678686923,,93340
2023-11-24,starknet,123.23691040368382,91.069293397243921769,,509750
2023-11-24,zksync_era,97.1046147207198,75.568863926427508338,,681063
2023-11-25,arbitrum,140.7486291669711,105.546977765197638852,,2429998
2023-11-25,base,20.275925263927075,18.496379219983994982,,271999
2023-11-25,linea,136.52183125258176,99.434060093848692385,,621901
2023-11-25,optimism,26.695552285362485,22.076721865835278166,,258324
2023-11-25,scroll,20.134275644339723,15.146838863892788666,,91390
2023-11-25,starknet,183.52179720663432,101.163509508482146387,,882004
2023-11-25,zksync_era,131.04589754301642,91.350868338068168523,,1026980
2023-11-26,arbitrum,78.84740995526674,56.017967051297841189,,818435
2023-11-26,base,21.55094005070837,19.734709268821323866,,272000
2023-11-26,linea,125.5066765515323,108.644737962162472696,,557256
2023-11-26,optimism,30.208624625784427,23.504963371018133694,,260347
2023-11-26,scroll,20.374032785386653,15.530267944330296108,,88538
2023-11-26,starknet,191.01106950505925,132.255968944813151561,,870894
2023-11-26,zksync_era,124.12339384846473,95.627895950946230995,,965325
2023-11-27,arbitrum,98.27454892070608,73.022532881809815153,,674539
2023-11-27,base,26.76231746681208,23.293574394408734878,,244354
2023-11-27,linea,147.98865256474156,47.495552729361333035,,452739
2023-11-27,optimism,36.38503071308885,29.784396396213073294,,240272
2023-11-27,scroll,20.258066194355994,16.411241596020328714,,70412
2023-11-27,starknet,140.98574720983336,116.842778663439095129,,525026
2023-11-27,zksync_era,93.16391681186725,75.293717802549402887,,615771
2023-11-28,arbitrum,99.56531975451212,77.929877830378910032,,640102
2023-11-28,base,26.7550259006608,25.391153777536400084,,208520
2023-11-28,linea,164.23792244009317,88.797189817564430425,,482594
2023-11-28,optimism,40.43846249819492,35.484609355426983076,,229207
2023-11-28,scroll,20.12968119732865,16.80880467676773457,,61237
2023-11-28,starknet,111.1019987401836,93.801448711313824878,,381249
2023-11-28,zksync_era,91.11741794061483,80.008225534351214125,,534505
2023-11-29,arbitrum,93.41204712416408,73.577577840248087288,,610055
2023-11-29,base,26.619325934082923,25.404913625713174534,,221339
2023-11-29,linea,122.63880470476083,83.859903405034735853,,310688
2023-11-29,optimism,38.71099738147687,34.481278562272749714,,235714
2023-11-29,scroll,20.18030370873729,16.898542591183551651,,61789
2023-11-29,starknet,119.09009788059736,84.211701528371232128,,383487
2023-11-29,zksync_era,90.63006073517685,71.42984650751902189,,527850
2023-11-30,arbitrum,95.80496425765315,76.791338498330398074,,542430
2023-11-30,base,33.3264025339805,30.129015470710608586,,219091
2023-11-30,linea,123.54716537060438,54.993339429529759557,,319899
2023-11-30,optimism,50.49729488638245,42.80828072943282416,,268459
2023-11-30,scroll,22.95917916967965,19.690528522239071378,,63178
2023-11-30,starknet,153.57052661206657,120.750203258236301659,,494069
2023-11-30,zksync_era,108.67813990236144,91.424865985316538886,,598001
2023-12-01,arbitrum,95.3230393056061,75.606285069404666325,,516315
2023-12-01,base,29.97158256581168,26.79758765032522839,,192173
2023-12-01,linea,126.68829673951329,50.469126411964051311,,314404
2023-12-01,optimism,48.08483207435303,39.56524047677998763,,246613
2023-12-01,scroll,19.50818695065484,16.662931481204603948,,54174
2023-12-01,starknet,121.8777974407362,98.667614251674918632,,371608
2023-12-01,zksync_era,80.90825973442863,64.426759741331189002,,434875
2023-12-02,arbitrum,84.25406255612324,63.468418934252756925,,568921
2023-12-02,base,29.62065921008134,27.23190107347840235,,258099
2023-12-02,linea,241.27952235559616,81.524479071263362673,,648236
2023-12-02,optimism,41.51468411429721,33.408209565707709516,,246609
2023-12-02,scroll,24.246418843751034,19.76637496221483077,,79589
2023-12-02,starknet,104.55262294925672,77.271320582306354638,,395597
2023-12-02,zksync_era,106.64029638403863,85.711439858377847872,,648451
2023-12-03,arbitrum,79.40196090563879,59.789828584795904321,,554151
2023-12-03,base,27.019070572521912,25.184270049056550664,,238917
2023-12-03,linea,307.44079435214024,104.787876954935340359,,858317
2023-12-03,optimism,37.85961022362408,29.253432208468629564,,237331
2023-12-03,scroll,28.53000963554216,22.901206702346366787,,97095
2023-12-03,starknet,99.97643017905125,73.19640706002631786,,392478
2023-12-03,zksync_era,139.38295121635065,119.344714336947965119,,885044
2023-12-04,arbitrum,141.04016355074896,111.061487125787143678,,696563
2023-12-04,base,35.476666875359136,33.339363145174259568,,199516
2023-12-04,linea,238.66382043008588,14.717337620927499744,,471617
2023-12-04,optimism,128.17121398335323,116.461304300040851944,,331434
2023-12-04,scroll,27.448929199250156,23.770526823651905651,,65644
2023-12-04,starknet,61.67079632153963,50.425976486953662725,,176956
2023-12-04,zksync_era,102.37170486980418,83.314363913797801098,,755809
2023-12-05,arbitrum,151.85667906998816,125.402469767090956532,,615970
2023-12-05,base,47.70617672929766,43.9486614567742975,,211609
2023-12-05,linea,282.2101151788621,146.857438492822581947,,546587
2023-12-05,optimism,109.50966604446349,110.325590464701968016,,290742
2023-12-05,scroll,32.634921410467555,28.314541427497905804,,69693
2023-12-05,starknet,44.89787179085461,36.357443501161845814,,104966
2023-12-05,zksync_era,156.3738362899929,149.636961950575629953,,1123646
2023-12-06,arbitrum,139.3148598223498,117.06992287180689122,,618104
2023-12-06,base,40.02996468593212,36.370387671867854606,,188525
2023-12-06,linea,186.98550785532402,420.224024151773131122,,284694
2023-12-06,optimism,76.61658646030625,70.36163086537943679,,265082
2023-12-06,scroll,32.24948145643808,27.16102112967152884,,69942
2023-12-06,starknet,48.32071671418834,39.357797775355776418,,112404
2023-12-06,zksync_era,154.11578659391614,128.398591404410684443,,1149987
2023-12-07,arbitrum,146.33513625919358,118.229038544088494951,,704794
2023-12-07,base,39.74074712780263,34.67771578469263738,,219376
2023-12-07,linea,322.4506984034431,92.841029173098125491,,544310
2023-12-07,optimism,75.39181479338022,63.388140844618437044,,304671
2023-12-07,scroll,35.1237428299924,28.982543747946214598,,88606
2023-12-07,starknet,76.79850376425233,58.612543405778523929,,210364
2023-12-07,zksync_era,116.01249492975037,86.949516937552064699,,896411
2023-12-08,arbitrum,118.1735648674661,95.249102373672978892,,657418
2023-12-08,base,32.880699942947444,30.291475346452240008,,211332
2023-12-08,linea,318.6236629886845,226.766458326855953689,,568264
2023-12-08,optimism,59.723985833405465,52.539772254487289736,,370946
2023-12-08,scroll,38.91354028354983,31.395356282174116469,,104640
2023-12-08,starknet,63.25313015647775,43.405976289725095692,,180995
2023-12-08,zksync_era,110.84255455923488,78.338302224515680413,,900141
2023-12-09,arbitrum,103.62790629265324,79.90521993541700937,,696828
2023-12-09,base,32.86891903937674,27.434052684692210294,,249336
2023-12-09,linea,535.0788933066344,199.327728120679833752,,1106194
2023-12-09,optimism,59.48147408625082,44.543862453891279068,,358300
2023-12-09,scroll,91.25786694547696,70.374665301720830069,,275770
2023-12-09,starknet,78.818609745835,57.795185155966860973,,299245
2023-12-09,zksync_era,122.43148732030605,81.203040054261674753,,1128859
2023-12-10,arbitrum,83.98851751498009,62.592213226626491826,,611662
2023-12-10,base,34.22141214591073,28.975480715317077164,,269107
2023-12-10,linea,491.3746797290753,50.766683419589791861,,1288883
2023-12-10,optimism,50.867345640476685,37.56762575600557392,,345897
2023-12-10,scroll,35.311777568166804,27.479313618283920616,,133882
2023-12-10,starknet,66.8602474609354,50.892752583372935235,,280842
2023-12-10,zksync_era,136.82190905153521,85.394500978430258155,,1350570
2023-12-11,arbitrum,167.95856678865803,104.945431489643835945,,752455
2023-12-11,base,37.319951276798655,30.321913296419948424,,246024
2023-12-11,linea,321.3953962844841,211.888460659186714359,,775295
2023-12-11,optimism,87.29121662884334,55.17812673429885503,,371284
2023-12-11,scroll,27.944871461998297,23.255146491020048275,,92669
2023-12-11,starknet,62.94894199070545,54.923285664127273906,,205200
2023-12-11,zksync_era,101.08419995453225,75.675902594563387646,,976377
2023-12-12,arbitrum,139.05656487580163,110.916079074481721517,,800795
2023-12-12,base,41.55330956921868,33.990172868502364108,,251495
2023-12-12,linea,313.98778805376213,403.239000183342063601,,684609
2023-12-12,optimism,61.22218527412003,51.390070835754916004,,309185
2023-12-12,scroll,26.495198967470685,21.911529617215738271,,77475
2023-12-12,starknet,68.46679992385751,48.67800918394633106,,182125
2023-12-12,zksync_era,93.67532043262645,71.442805663153704471,,849631
2023-12-13,arbitrum,135.9521180473257,110.13788137229244115,,680299
2023-12-13,base,41.07150080385232,35.000598454140511816,,231391
2023-12-13,linea,311.2235937923905,544.430169973405253214,,638472
2023-12-13,optimism,61.64914312581438,55.50688158915625611,,301537
2023-12-13,scroll,25.952990706032306,21.880094584731286835,,69129
2023-12-13,starknet,51.64065906905271,44.570883043270037078,,124963
2023-12-13,zksync_era,88.20497726890616,67.384910578329262157,,755198
2023-12-14,arbitrum,113.57414967763718,89.599756998110867086,,598720
2023-12-14,base,47.124708126703446,31.721395886556764458,,209996
2023-12-14,linea,240.7094003863557,499.102063228207222448,,496783
2023-12-14,optimism,54.47291978881753,48.296714584254441444,,270717
2023-12-14,scroll,38.846148666028995,30.828638605607244362,,93873
2023-12-14,starknet,41.570235017852056,31.395126802171852788,,97498
2023-12-14,zksync_era,77.56599734214726,61.387834693899081373,,666881
2023-12-15,arbitrum,947.0444495859434,764.304534138918197533,,4385430
2023-12-15,base,43.14110120807612,36.547922245992151396,,189841
2023-12-15,linea,341.54221701806637,83.572663285808819997,,784595
2023-12-15,optimism,65.11644219230492,59.879906992636857098,,254023
2023-12-15,scroll,214.4491868016222,199.918787661133313001,,280258
2023-12-15,starknet,40.06065888690219,32.245508458484591769,,83128
2023-12-15,zksync_era,75.03919729417203,63.607350967028217563,,615307
2023-12-16,arbitrum,526.7665169799287,498.315643664069673744,,5089670
2023-12-16,base,41.759402782204745,33.505578346478999596,,199258
2023-12-16,linea,413.36130554766254,322.603395575145468302,,763644
2023-12-16,optimism,60.44426303050222,56.114055242494387864,,264323
2023-12-16,scroll,90.6535478786659,82.554613607620235803,,137907
2023-12-16,starknet,41.26759607411816,27.034708165283589373,,87938
2023-12-16,zksync_era,338.9863693322001,118.968763219268735837,,5362921
2023-12-17,arbitrum,89.33739205126211,73.091012608183263655,,562042
2023-12-17,base,36.93786328314797,32.023660011451332372,,263050
2023-12-17,linea,451.0024211622118,230.202259840109998283,,902241
2023-12-17,optimism,54.17644619654196,47.158942236917506642,,300126
2023-12-17,scroll,98.73791741726498,87.20508552533228803,,193703
2023-12-17,starknet,41.65660499881674,28.45685424721507399,,117344
2023-12-17,zksync_era,177.6125347870957,179.18986779205444411,,2935589
2023-12-18,arbitrum,309.4183244285066,272.853718120429198698,,1836090
2023-12-18,base,43.6990848677147,38.799620166140873192,,216895
2023-12-18,linea,299.8779538501064,95.38769300409048046,,524432
2023-12-18,optimism,169.9500351834843,184.779721973442327324,,341444
2023-12-18,scroll,68.04055290885356,60.29298775320396502,,117347
2023-12-18,starknet,45.834265402469605,45.343014427391258142,,108023
2023-12-18,zksync_era,83.35869296710494,118.289544076436697337,,711193
2023-12-19,arbitrum,210.5351150373438,184.712285354339541476,,1538386
2023-12-19,base,40.00297806826218,36.037376670679156008,,198614
2023-12-19,linea,290.58786355317767,259.641542122022280572,,457239
2023-12-19,optimism,138.30682773383924,142.200772441567067538,,469477
2023-12-19,scroll,59.20335452037555,47.817723293883275896,,96053
2023-12-19,starknet,77.38523522133602,49.782800991845082191,,323871
2023-12-19,zksync_era,88.26344506007197,70.793018041211306199,,757604
2023-12-20,arbitrum,164.1409710343106,140.912024105076158084,,739199
2023-12-20,base,39.91744067575688,37.779564421133744284,,208207
2023-12-20,linea,240.95562539827526,178.95113310274458926,,418536
2023-12-20,optimism,94.31832897452936,100.954809839194660814,,329562
2023-12-20,scroll,57.68127508506447,48.711020755257047458,,102676
2023-12-20,starknet,96.24879257518513,64.005599005315266432,,430702
2023-12-20,zksync_era,141.90023858293108,101.214310220590317741,,1594334
2023-12-21,arbitrum,137.10926798341927,112.623934782743386887,,793036
2023-12-21,base,40.12886169030273,34.187787632503471712,,260525
2023-12-21,linea,46.800408430353656,61.21935159149446091,,140793
2023-12-21,optimism,88.2908744532502,68.568676036396589186,,400656
2023-12-21,scroll,57.99194664301234,48.594791775500306796,,125593
2023-12-21,starknet,38.265939003474294,29.467983255446045409,,119389
2023-12-21,zksync_era,97.4678619224621,78.380917304739455574,,961126
2023-12-22,arbitrum,167.30150233396708,130.935954984282388421,,1160798
2023-12-22,base,38.44278415647717,31.809801951117025826,,296886
2023-12-22,linea,40.40957213024047,36.821451547365178582,,145297
2023-12-22,optimism,74.95066051882647,60.564172448959809028,,479003
2023-12-22,scroll,56.04321902693735,45.544175174975677957,,134274
2023-12-22,starknet,47.89292789194512,32.063515903286012058,,148808
2023-12-22,zksync_era,93.17291785731294,71.069462860483326443,,1026220
2023-12-23,arbitrum,89.3388721989898,64.882192730663598043,,917594
2023-12-23,base,43.260291725799256,24.74125485448546235,,347546
2023-12-23,linea,38.90661054535608,29.452051095623352572,,184625
2023-12-23,optimism,46.2631746487104,34.59281169622624905,,415059
2023-12-23,scroll,69.6277907100534,50.844622737498714297,,218966
2023-12-23,starknet,33.38133658518634,23.407803981395762979,,148638
2023-12-23,zksync_era,87.46914741077231,65.876263187385337373,,1298715
2023-12-24,arbitrum,77.34537548062653,53.944359872825518656,,798260
2023-12-24,base,25.35035366143832,20.340382298528305632,,284639
2023-12-24,linea,28.473145265696918,25.66103226328930033,,145394
2023-12-24,optimism,39.447880984032174,30.044768338833849184,,363854
2023-12-24,scroll,55.163929128237385,40.20761463507255757,,182870
2023-12-24,starknet,28.700423085144365,20.199875790601597823,,135783
2023-12-24,zksync_era,82.08408433719181,61.632280731314441252,,1220779
2023-12-25,arbitrum,71.32220441509764,50.990391075397118684,,721892
2023-12-25,base,25.11096955019416,18.929428739153241262,,269037
2023-12-25,linea,26.936188484760244,24.703016217807259635,,155935
2023-12-25,optimism,34.57229906240131,26.446975085671629586,,335992
2023-12-25,scroll,72.40361862621404,32.817652063559747281,,184135
2023-12-25,starknet,29.903717315433223,20.790994779465853967,,150601
2023-12-25,zksync_era,68.28820108024978,49.220621033235493986,,1004204
2023-12-26,arbitrum,81.8733423967084,53.866381272244241438,,848205
2023-12-26,base,26.94293132299253,19.682241839857496988,,330719
2023-12-26,linea,27.542929288039737,29.206992034304095363,,197945
2023-12-26,optimism,44.55084356536766,29.616459043634515344,,421945
2023-12-26,scroll,65.13480416147509,42.630752697964010147,,291827
2023-12-26,starknet,32.33777737869481,21.88682667566440566,,170710
2023-12-26,zksync_era,93.20358368353558,64.966083614893602033,,1519355
2023-12-27,arbitrum,137.23063632724956,102.156937003293268761,,1118160
2023-12-27,base,32.542302148026195,26.456270752035077086,,311243
2023-12-27,linea,31.070617016989548,33.918587340743579018,,154163
2023-12-27,optimism,59.39906564650563,46.636488329584190178,,425124
2023-12-27,scroll,75.54129110860043,54.137828172029553255,,288028
2023-12-27,starknet,39.39759753442149,31.118395433958259493,,142738
2023-12-27,zksync_era,110.61987206237217,85.734480219926203957,,1463025
2023-12-28,arbitrum,137.30609083465671,105.794076912156155636,,1131634
2023-12-28,base,32.489829548537166,27.127697429278071182,,289831
2023-12-28,linea,31.639009410164615,26.864105997450284069,,122987
2023-12-28,optimism,56.56586226181878,47.449918087283233054,,414468
2023-12-28,scroll,39.74147361967102,29.506060582388014346,,121176
2023-12-28,starknet,45.18562466420623,33.965054734503064037,,140251
2023-12-28,zksync_era,97.81506416069854,77.509853480736536668,,1191346
2023-12-29,arbitrum,102.60718241900692,74.651132958148463203,,978974
2023-12-29,base,26.98950852879336,22.279156540177863862,,294839
2023-12-29,linea,26.218014665693808,23.91110128430754707,,131037
2023-12-29,optimism,42.31107150898142,33.454058025415680332,,366787
2023-12-29,scroll,41.83956370162859,26.091329957105694915,,134070
2023-12-29,starknet,43.75897796655205,29.071755452125448241,,171976
2023-12-29,zksync_era,90.04669142557711,67.722091906353090298,,1295359
2023-12-30,arbitrum,78.31332089533795,54.241535267756728224,,892709
2023-12-30,base,26.74202475039811,19.382455706873146166,,351759
2023-12-30,linea,25.72073806006021,24.654199621844362316,,157430
2023-12-30,optimism,33.72842158178582,26.78869340149538934,,357405
2023-12-30,scroll,37.61635862000886,24.949832061988372777,,164235
2023-12-30,starknet,30.606787881747675,23.35434412876037288,,157311
2023-12-30,zksync_era,83.6426664536484,59.185510613184998674,,1396515
2023-12-31,arbitrum,69.08186758413085,43.947340607848614911,,988239
2023-12-31,base,20.77084070659735,15.298347927096136012,,354580
2023-12-31,linea,23.8551720188849,18.727548743205524407,,158671
2023-12-31,optimism,27.86188646237376,18.555323912339681676,,368691
2023-12-31,scroll,29.7568394832077,20.21657263653813941,,166873
2023-12-31,starknet,25.396122071812123,17.497818868399285548,,164217
2023-12-31,zksync_era,78.11773072129368,49.682721563531525685,,1445726
2024-01-01,arbitrum,65.30983045498473,39.928675395348095323,,1059189
2024-01-01,base,16.949152606589763,12.464730087683443536,,370840
2024-01-01,linea,20.079140748023352,17.448267220705038913,,156324
2024-01-01,optimism,57.11035445249321,37.837022303003827652,,359188
2024-01-01,scroll,26.439066996767757,15.854189987513242989,,166159
2024-01-01,starknet,18.57699252834405,10.910587025664694208,,135335
2024-01-01,zksync_era,60.81179119421618,36.314582383201964791,,1198387
2024-01-02,arbitrum,97.90356357400788,66.834835345666082087,,1173638
2024-01-02,base,23.190010888045453,18.54407462300913513,,325447
2024-01-02,linea,23.351293604819997,22.901403378389992675,,127116
2024-01-02,optimism,83.5181181722531,64.492878833895465324,,375435
2024-01-02,scroll,34.50190943118798,23.517480968339163385,,165491
2024-01-02,starknet,24.94706975810045,17.698177438474065352,,120109
2024-01-02,zksync_era,74.40459626728118,51.792528692156474063,,1310105
2024-01-03,arbitrum,307.5593529649848,144.708602805566775767,,1412349
2024-01-03,base,36.98291297035655,31.050682446005458124,,297442
2024-01-03,linea,24.213754906662793,29.463657304377236125,,105979
2024-01-03,optimism,116.660660471331,73.143696246191595496,,369843
2024-01-03,scroll,34.78935192865758,27.794289654662799346,,129292
2024-01-03,starknet,27.20537185328959,28.808865370063941387,,95905
2024-01-03,zksync_era,83.60922600445187,64.233965547699783778,,1242716
2024-01-04,arbitrum,116.2079921261504,82.429475769198159368,,1211444
2024-01-04,base,26.947595014704955,20.631813839790039096,,292896
2024-01-04,linea,69.78114352834166,26.950995173181516341,,207613
2024-01-04,optimism,42.0153445424013,33.712212171940566814,,351338
2024-01-04,scroll,32.904245546010756,23.104326473794527722,,145096
2024-01-04,starknet,56.29443390166855,21.362649826815069267,,208232
2024-01-04,zksync_era,88.42265116548549,63.738423572215925285,,1667932
2024-01-05,arbitrum,92.4060572985847,61.635512064027073866,,990689
2024-01-05,base,21.844198210727964,17.451531801889456084,,286335
2024-01-05,linea,246.86476927254628,105.404524161296246317,,645755
2024-01-05,optimism,38.16743378180077,28.096124230870667548,,341170
2024-01-05,scroll,27.690463969704172,19.156593570893327015,,136674
2024-01-05,starknet,36.442963491028124,31.986231158053088374,,170481
2024-01-05,zksync_era,74.36475870215605,55.717333712672161096,,1390354
2024-01-06,arbitrum,66.19505212842978,43.750292761271629268,,753376
2024-01-06,base,20.23987782774599,16.15529521290520961,,290483
2024-01-06,linea,318.8788107801223,238.518192653291059243,,768165
2024-01-06,optimism,31.632946571905364,22.310591353162669898,,328723
2024-01-06,scroll,26.842563715848208,18.406809199928493601,,140436
2024-01-06,starknet,28.824249180192957,20.594811472327092892,,152316
2024-01-06,zksync_era,68.70848010905351,51.764195440912199775,,1381355
2024-01-07,arbitrum,89.71270516632475,67.207614805646537692,,717092
2024-01-07,base,26.46813583588949,22.595920801338625464,,226738
2024-01-07,linea,360.55459782125536,351.043275165866885993,,609209
2024-01-07,optimism,38.13834302673898,31.626906686459546076,,281851
2024-01-07,scroll,31.287816799552445,24.36412848602226691,,112475
2024-01-07,starknet,29.029167783585265,21.263319774389293232,,91148
2024-01-07,zksync_era,81.28335480772559,67.915890812732881454,,1237273
2024-01-08,arbitrum,107.71852374256368,75.460720645804659857,,971195
2024-01-08,base,31.1051802490678,23.624468025580983236,,316698
2024-01-08,linea,37.01622601014955,177.837917895883353985,,138625
2024-01-08,optimism,45.2921571315381,32.763549736607704182,,358169
2024-01-08,scroll,33.626764611995505,24.719795528970663476,,144086
2024-01-08,starknet,27.77777449949136,18.554842550153645786,,106261
2024-01-08,zksync_era,85.36979578976052,66.770622831414632382,,1498793
2024-01-09,arbitrum,156.18562000543338,84.055799771517341414,,1338972
2024-01-09,base,27.694019525995166,21.865391005411583284,,354051
2024-01-09,linea,37.44362976196115,24.542292723334447132,,170780
2024-01-09,optimism,53.7632805552656,33.318502509397601426,,411965
2024-01-09,scroll,35.578192857191695,25.249878945648330582,,169225
2024-01-09,starknet,27.21941256581558,21.42426877894154827,,126071
2024-01-09,zksync_era,76.25147240671765,60.062984226482813653,,1469672
2024-01-10,arbitrum,187.95809160922252,143.677633127691142541,,1237036
2024-01-10,base,42.78603472595033,35.30659108279007127,,294616
2024-01-10,linea,45.59350682394551,17.86861189183371631,,150482
2024-01-10,optimism,76.85325605082456,64.440994567512876498,,446936
2024-01-10,scroll,37.52055934352799,31.046104190399399649,,118106
2024-01-10,starknet,26.883873671949207,25.760632661772292179,,81272
2024-01-10,zksync_era,79.63764191003997,64.753863574090162225,,1054888
2024-01-11,arbitrum,152.3308976466613,114.941011962103132091,,1108332
2024-01-11,base,34.765823672352994,28.275852908947048358,,262299
2024-01-11,linea,51.187091554345564,50.288691251418350298,,159738
2024-01-11,optimism,63.367351663726055,52.646070768007325834,,400452
2024-01-11,scroll,33.064137973264984,25.874436180937020164,,113841
2024-01-11,starknet,27.57709704787381,26.340949647347921622,,104627
2024-01-11,zksync_era,82.92685204439573,66.4739015402223078,,1261635
2024-01-12,arbitrum,130.59790718520853,87.061250307175026224,,1107769
2024-01-12,base,28.127997931075985,22.338834530906668354,,296855
2024-01-12,linea,49.49436092616507,34.692927528819583738,,194151
2024-01-12,optimism,56.50009284708562,42.941447306032348978,,422908
2024-01-12,scroll,31.376864352223294,23.577080610083448312,,137593
2024-01-12,starknet,22.176476492572753,23.917692183453548398,,113553
2024-01-12,zksync_era,82.17927939555193,63.14110097447519345,,1584577
2024-01-13,arbitrum,65.57981984717941,42.495411902371707553,,773901
2024-01-13,base,20.93141026624348,16.69169511843939918,,295239
2024-01-13,linea,46.34896844147415,28.044095190662695744,,222980
2024-01-13,optimism,29.62439610571274,23.050516333652172398,,372317
2024-01-13,scroll,34.69177918316413,23.382346529447971921,,201802
2024-01-13,starknet,20.452259298759074,17.6496699756559722,,151086
2024-01-13,zksync_era,68.99110843111356,49.843390616570951421,,1496714
2024-01-14,arbitrum,85.03052636814314,62.397873207409220618,,639566
2024-01-14,base,28.74333909992277,23.527396659894290096,,225419
2024-01-14,linea,45.70209272542007,29.456023895715628541,,147211
2024-01-14,optimism,40.48694622931363,33.766117452723266536,,293080
2024-01-14,scroll,34.10802861848768,26.881362043903263304,,118438
2024-01-14,starknet,19.791761323896083,17.770936601193917031,,87463
2024-01-14,zksync_era,76.64990049603799,59.648925673580448435,,1194474
2024-01-15,arbitrum,76.00734744438573,51.40715748836151292,,719955
2024-01-15,base,24.004490813790127,20.111193063025946916,,274908
2024-01-15,linea,46.11742750700083,30.17311695719262444,,193987
2024-01-15,optimism,74.01443218183573,63.71160027420418211,,369680
2024-01-15,scroll,33.28336387425476,24.602619387757935899,,152590
2024-01-15,starknet,20.153475898597954,18.432172723763184838,,119769
2024-01-15,zksync_era,74.7378785175749,57.421526780536276734,,1386182
2024-01-16,arbitrum,98.51262633565656,73.668848171459644358,,697236
2024-01-16,base,29.460303693082118,26.915421329603277802,,243863
2024-01-16,linea,42.53120112124603,16.790419404007698117,,139048
2024-01-16,optimism,103.16471846280058,96.817700853514807426,,359028
2024-01-16,scroll,33.63941479887391,26.895800823669394299,,115269
2024-01-16,starknet,25.02497686568294,24.264000814777485254,,97642
2024-01-16,zksync_era,80.52933316087974,59.823780623691345106,,1113176
2024-01-17,arbitrum,103.86311833484972,79.718188163369678528,,702132
2024-01-17,base,40.70002424398459,30.71849202415008253,,247157
2024-01-17,linea,60.11747087559817,61.481681163857473111,,162611
2024-01-17,optimism,77.00705301547566,70.075359886990045836,,337916
2024-01-17,scroll,30.80595114496598,24.99334301019564311,,94040
2024-01-17,starknet,24.31860533546478,24.161137866343263404,,94194
2024-01-17,zksync_era,106.63122423098342,68.958343490391375444,,1404392
2024-01-18,arbitrum,112.90734570680291,84.051209601312317012,,762696
2024-01-18,base,35.48357845460687,27.901889165131273052,,240983
2024-01-18,linea,58.825054708466126,52.724108623369420982,,183178
2024-01-18,optimism,53.52218013811295,47.104346330384304146,,305049
2024-01-18,scroll,31.27914236372263,25.139499242720938477,,98224
2024-01-18,starknet,24.454823078721716,21.917740182487082955,,96258
2024-01-18,zksync_era,96.14787795238702,63.666866359699366137,,1280282
2024-01-19,arbitrum,109.69230377781363,79.735323267158297838,,830908
2024-01-19,base,30.321776677673665,25.452097563807156738,,271399
2024-01-19,linea,51.84154946768562,38.501565341768678645,,187249
2024-01-19,optimism,46.67527638584344,39.357170213860392214,,315744
2024-01-19,scroll,35.11193295634211,26.296111400610312048,,138033
2024-01-19,starknet,23.251946090467477,21.354806157576509991,,112460
2024-01-19,zksync_era,87.06435185094134,55.79075884936007471,,1233484
2024-01-20,arbitrum,66.24840530700328,40.664350740045800538,,835068
2024-01-20,base,24.116782016268186,16.653455147647020674,,350581
2024-01-20,linea,54.81713666355912,32.471546482802906861,,261184
2024-01-20,optimism,27.68377859365452,20.876441984667463812,,358107
2024-01-20,scroll,37.43066413126043,22.890605833662845742,,187820
2024-01-20,starknet,22.322473816264818,18.165046881277516304,,188902
2024-01-20,zksync_era,81.94169357301779,51.098411310007680873,,1659688
2024-01-21,arbitrum,54.688993189786416,30.83564645549009822,,714874
2024-01-21,base,21.03334764146487,13.207785595447052424,,307311
2024-01-21,linea,54.21118120228442,31.815434504553102774,,286420
2024-01-21,optimism,21.45099096709149,16.035302312777384324,,306139
2024-01-21,scroll,40.57554423758319,22.235150302739321846,,220653
2024-01-21,starknet,19.373007743620086,16.92261474514784327,,201396
2024-01-21,zksync_era,82.28180835593385,50.024957816647193147,,1855156
2024-01-22,arbitrum,93.74036878815788,58.742267324617080484,,1141195
2024-01-22,base,25.306237625497204,16.88217822669703634,,309368
2024-01-22,linea,44.93226423450195,34.113008107203695341,,197274
2024-01-22,optimism,29.39011409476417,21.81380404626748619,,340017
2024-01-22,scroll,34.85531866097881,21.835561914727608834,,164818
2024-01-22,starknet,18.997104359795063,17.011087790552709386,,143090
2024-01-22,zksync_era,77.35339360935036,49.349610920841625296,,1439293
2024-01-23,arbitrum,87.99535532207368,51.91507560383123733,,1076764
2024-01-23,base,23.59880435054414,16.168712533780743296,,364975
2024-01-23,linea,37.5962507912656,19.777997719391879146,,181818
2024-01-23,optimism,30.110981032337733,21.679353955906510756,,396012
2024-01-23,scroll,28.593409115449404,19.000660506317511637,,171458
2024-01-23,starknet,20.763588547795003,18.887397631286758358,,178922
2024-01-23,zksync_era,70.1099921899134,42.907216231341184934,,1424958
2024-01-24,arbitrum,66.61606097076333,36.095744573042166829,,1043148
2024-01-24,base,22.90583022477088,15.514292735992520504,,485827
2024-01-24,linea,25.973758074089723,25.172110936148345241,,199880
2024-01-24,optimism,25.49998937055564,17.43503963196415657,,457337
2024-01-24,scroll,29.16064936428744,18.930185488373099175,,204907
2024-01-24,starknet,19.591135881559335,16.440969661199800388,,212036
2024-01-24,zksync_era,69.30014252675993,39.841920378574214631,,1610842
2024-01-25,arbitrum,91.02103646311858,62.696321992890494541,,881272
2024-01-25,base,45.15744816424928,25.469432291227219272,,347030
2024-01-25,linea,38.555452413658244,23.2872583594027716,,152253
2024-01-25,optimism,46.11101176636314,31.5177869754639494,,416941
2024-01-25,scroll,34.196419039869035,26.739018691827105381,,137960
2024-01-25,starknet,17.736238225290546,18.930196532795383986,,120506
2024-01-25,zksync_era,92.8419402770224,56.319532742708312325,,1761451
2024-01-26,arbitrum,74.85646610097551,48.287244582850967602,,797358
2024-01-26,base,28.85837441561183,20.235870944402781724,,334589
2024-01-26,linea,58.2369520084122,27.885368016247375119,,168404
2024-01-26,optimism,35.8079870360042,25.288713496679581206,,358966
2024-01-26,scroll,38.7225126227294,30.059651105663692915,,174099
2024-01-26,starknet,18.281357595359918,14.486991869605472711,,132279
2024-01-26,zksync_era,79.93062198701317,54.806298277463907723,,1632471
2024-01-27,arbitrum,50.56012819639301,28.403370045407112125,,709749
2024-01-27,base,16.94525713822028,12.9502980719679705,,320451
2024-01-27,linea,29.903022176451664,21.724234433558378504,,202412
2024-01-27,optimism,21.13423692366163,15.683218918223291364,,309057
2024-01-27,scroll,30.894381133014157,19.543976367903063004,,200889
2024-01-27,starknet,15.209664339009473,13.899118642795556991,,167214
2024-01-27,zksync_era,61.26241840164474,36.852237830396094624,,1359764
2024-01-28,arbitrum,58.12880874299268,31.113473724188887779,,841050
2024-01-28,base,18.696490711409268,13.849053440295897356,,399296
2024-01-28,linea,29.84762037001499,21.138113621032109811,,211652
2024-01-28,optimism,23.5607592343029,15.537436590852076262,,365096
2024-01-28,scroll,37.49457447859853,23.481233426684668667,,256966
2024-01-28,starknet,14.922700013405613,12.240681497182793424,,174915
2024-01-28,zksync_era,61.92143555100087,36.379384376896444453,,1410228
2024-01-29,arbitrum,65.96028979842917,37.307674453157805619,,868161
2024-01-29,base,22.23899295350602,16.638149408241726044,,416832
2024-01-29,linea,29.7071380264109,26.185380330957754945,,209589
2024-01-29,optimism,32.01493911715402,25.186609352353660652,,351489
2024-01-29,scroll,35.00799614263072,22.075521524084677871,,232288
2024-01-29,starknet,16.37552346768441,15.372658265561656109,,175293
2024-01-29,zksync_era,61.0872865893107,39.225272439464108612,,1292901
2024-01-30,arbitrum,100.92375872425264,70.605363118766060417,,840086
2024-01-30,base,30.419803121168396,25.524840501605038336,,278906
2024-01-30,linea,35.57525802552191,23.029613444441656487,,144760
2024-01-30,optimism,83.33574715449865,75.17650800698726305,,331790
2024-01-30,scroll,34.49870983298736,26.322951745528169961,,128208
2024-01-30,starknet,23.453318063956953,24.17224260883910836,,140872
2024-01-30,zksync_era,109.23508134640092,82.735902497877761874,,1219450
2024-01-31,arbitrum,94.52174497394792,64.772074104678629114,,791808
2024-01-31,base,27.537655633796785,24.54182663431724492,,294157
2024-01-31,linea,41.24374675631155,15.957019961891213321,,147144
2024-01-31,mode,7.379642079082702,2.25299233875638342,,23837
2024-01-31,optimism,91.75139657006876,71.782262323854933026,,334820
2024-01-31,scroll,37.279338429321804,27.112877761846559305,,147748
2024-01-31,starknet,27.158674689079525,27.059338083580601544,,163012
2024-01-31,zksync_era,117.38643031300003,84.628367842216041233,,1468043
2024-02-01,arbitrum,86.04972198757392,60.588241830135563558,,735082
2024-02-01,base,35.216858537929,29.663481836226787922,,296069
2024-02-01,linea,28.776051690742076,20.532452149710064946,,123896
2024-02-01,mode,15.595971234598629,3.648820746726372304,,53645
2024-02-01,optimism,49.350431325158105,47.121559215761638366,,365302
2024-02-01,scroll,26.689237110491895,19.496779518070699179,,103248
2024-02-01,starknet,21.47608843736562,26.787739870079676234,,109375
2024-02-01,zksync_era,104.36460244270071,76.439440950142745614,,1264291
2024-02-02,arbitrum,69.73485522362886,46.937043496450625602,,666361
2024-02-02,base,32.88053571644197,27.233928636485291202,,359678
2024-02-02,linea,55.37471597667631,39.896205452319158562,,298792
2024-02-02,mode,15.911733546165973,3.298188649383629476,,67014
2024-02-02,optimism,33.41674337756329,29.435008292278562738,,329022
2024-02-02,scroll,23.88120857565535,16.484760446294148888,,110530
2024-02-02,starknet,19.94683347322347,2.224074703685941819,,117081
2024-02-02,zksync_era,85.4830515661049,59.924278533739055443,,1185849
2024-02-03,arbitrum,57.51956708293739,36.582034141552021723,,630826
2024-02-03,base,31.08048187964467,23.922767773118489776,,396587
2024-02-03,linea,61.72834549440071,41.144052053666054258,,434087
2024-02-03,mode,19.150702912971592,3.94175026199920796,,106554
2024-02-03,optimism,27.2253465047509,25.274205226127072476,,308537
2024-02-03,scroll,29.267185380526374,17.498883486231820595,,146134
2024-02-03,starknet,16.766988562237746,2.405936369408282723,,118969
2024-02-03,zksync_era,85.34237853535511,59.93027197891470316,,1385249
2024-02-04,arbitrum,54.02224000179063,32.472883503443756738,,633671
2024-02-04,base,36.775412848847424,25.284858593870443714,,454388
2024-02-04,linea,35.98708210446965,25.211527080998851975,,233691
2024-02-04,mode,22.645145883502487,5.064731526782188012,,164525
2024-02-04,optimism,23.42664676742993,20.212790490039506976,,292148
2024-02-04,scroll,34.07416816327475,19.889241898245126497,,175684
2024-02-04,starknet,16.841634574137306,2.128393527057413479,,128062
2024-02-04,zksync_era,83.69167701847383,57.002217390986974114,,1445435
2024-02-05,arbitrum,67.70046957878618,43.337849141595802558,,710430
2024-02-05,base,50.888657386955614,31.303741995963027618,,482955
2024-02-05,linea,36.18429347757282,25.454335766018133479,,210930
2024-02-05,mode,21.005784318559442,5.960651436461395712,,177828
2024-02-05,optimism,26.81569296532432,23.120060567777989274,,307019
2024-02-05,scroll,28.63429994897182,17.844836122251797095,,137921
2024-02-05,starknet,15.825353296191022,2.745432142717974504,,112418
2024-02-05,zksync_era,101.31758149100702,92.224962151609796833,,1939354
2024-02-06,arbitrum,99.13776829218703,74.826556984906414554,,693689
2024-02-06,base,62.85835542158334,49.334678175885721082,,423004
2024-02-06,linea,38.76672749539266,6.114109540885435481,,146331
2024-02-06,mode,17.639031867646494,8.268772883922392668,,135934
2024-02-06,optimism,44.48353388625277,41.839206970534621946,,304871
2024-02-06,scroll,29.488035268700543,22.429843894497777173,,88754
2024-02-06,starknet,22.098323445939926,3.943220448771325218,,73130
2024-02-06,zksync_era,81.2594062799857,154.498261092781688965,,1192175
2024-02-07,arbitrum,120.36519362478768,93.842992964045423591,,744731
2024-02-07,base,79.11988927099084,55.57342443748786358,,403933
2024-02-07,linea,37.5655808214482,52.734688907010726891,,121444
2024-02-07,mode,21.386722039617155,9.609868358284033748,,147164
2024-02-07,optimism,50.12726073134184,49.374305671684981128,,297289
2024-02-07,scroll,36.5141140440037,27.691073602802557111,,98192
2024-02-07,starknet,24.371932752546872,4.680421665839317776,,77211
2024-02-07,zksync_era,95.63506411039658,84.741530108108463401,,1071559
2024-02-08,arbitrum,139.9622624360815,116.661545655539732178,,673145
2024-02-08,base,108.77280859834894,87.078435302227370886,,400579
2024-02-08,linea,39.098569891898116,8.466073220306425395,,102968
2024-02-08,mode,30.121783538083218,14.13336553849977274,,124434
2024-02-08,optimism,55.94881539097885,56.241407067761843696,,256977
2024-02-08,scroll,43.399989181061116,33.155378832036536718,,83889
2024-02-08,starknet,27.10841364368461,4.933977385060379865,,59342
2024-02-08,zksync_era,110.25149191395155,100.404101756944171151,,957430
2024-02-09,arbitrum,154.56971701283135,131.807197745651721651,,625932
2024-02-09,base,103.93929803828216,88.822052878872794482,,428634
2024-02-09,linea,42.59844659792221,48.67260010183191129,,75484
2024-02-09,mode,26.10600654603286,13.290621333946657016,,99006
2024-02-09,optimism,62.887604085361176,63.771580875827779564,,236257
2024-02-09,scroll,40.09904857172205,31.674404371940046358,,65597
2024-02-09,starknet,26.055222592578176,4.756373610598569501,,46715
2024-02-09,zksync_era,64.27268660190215,63.46975767671126316,,571256
2024-02-10,arbitrum,96.88034107760016,76.088913524414965612,,669054
2024-02-10,base,63.60154811252507,49.327236482892628514,,429777
2024-02-10,linea,43.41909068773687,45.839914261733148407,,117841
2024-02-10,mode,21.755446136194045,7.349372045712678672,,107652
2024-02-10,optimism,35.815036109224934,34.51838391159846119,,255230
2024-02-10,scroll,47.000502536797455,27.649095370246396962,,115830
2024-02-10,starknet,26.019471103987797,3.487338063048264081,,86524
2024-02-10,zksync_era,67.34100181790845,53.147846553015263406,,873524
2024-02-11,arbitrum,87.84544952346562,63.319284672829211634,,724170
2024-02-11,base,56.44027567012913,41.805295527199983378,,454752
2024-02-11,linea,43.78554796184617,30.669481931133386223,,144226
2024-02-11,mode,19.073414082308997,6.092115071446088684,,107516
2024-02-11,optimism,31.126133134515985,28.624438088215491484,,274363
2024-02-11,scroll,60.832507089174314,31.639794414065502101,,173435
2024-02-11,starknet,26.71208987716731,4.396614592728110151,,107008
2024-02-11,zksync_era,80.25344810669193,62.532889539837610924,,1134876
2024-02-12,arbitrum,120.85324821399416,92.224609067516746504,,772596
2024-02-12,base,70.08186036686597,52.392612603739114842,,412639
2024-02-12,linea,41.64781497495794,14.093381520467534023,,131607
2024-02-12,mode,23.0550232187241,9.65121015516554098,,112218
2024-02-12,optimism,99.40129598795993,101.710696677807981606,,300079
2024-02-12,scroll,50.295745990988706,34.385513372844167833,,151694
2024-02-12,starknet,37.58876369296487,5.974102356142109997,,140918
2024-02-12,zksync_era,67.62042897264507,55.789387412801083449,,960785
2024-02-13,arbitrum,113.71939955509998,83.171948185804107903,,856256
2024-02-13,base,51.43567619246863,42.231196949022543476,,459183
2024-02-13,linea,38.4169955028004,50.627342929242832847,,122309
2024-02-13,mode,26.141691470994438,8.99026001425705406,,145701
2024-02-13,optimism,102.36244020592724,95.318488198830395516,,351928
2024-02-13,scroll,45.35744705515375,34.256244600303840116,,169626
2024-02-13,starknet,53.54207406773648,6.335104645881744848,,296696
2024-02-13,zksync_era,65.47839154793785,51.635948701713620234,,948741
2024-02-14,arbitrum,93.49450783048424,66.617901939780457465,,772637
2024-02-14,base,38.389656828307366,30.4741140638164214,,346446
2024-02-14,linea,32.685236982608984,6.831244163505807874,,157715
2024-02-14,mode,22.70249223986727,7.385195803111890364,,139741
2024-02-14,optimism,86.61531825000128,75.790642948703374972,,326916
2024-02-14,scroll,39.397832344360765,28.317276463134874679,,164581
2024-02-14,starknet,54.98456760618028,7.265145575772112257,,349129
2024-02-14,zksync_era,106.86768523795466,87.822454943214694606,,1298496
2024-02-15,arbitrum,113.6576117046113,86.009681131516018333,,795035
2024-02-15,base,47.13530191339412,40.529518910832043938,,360764
2024-02-15,linea,39.94841810193534,10.609799650441316256,,194500
2024-02-15,mode,21.5627269909401,8.404622634447542432,,114420
2024-02-15,optimism,63.62315802618616,60.084566841365082608,,317818
2024-02-15,scroll,52.41545469326691,41.669966186359478814,,176223
2024-02-15,starknet,41.53363561419924,6.266061819907769141,,229381
2024-02-15,zksync_era,95.67301856032604,81.468362491554049859,,1208052
2024-02-16,arbitrum,95.54969697172076,70.493575965466611405,,778207
2024-02-16,base,50.37047203324479,40.431517723024059066,,455773
2024-02-16,linea,25.559112546546288,12.128267570819309588,,218527
2024-02-16,mode,19.501642558443656,6.663258952939111908,,114126
2024-02-16,optimism,46.47655969941047,48.206424798481816456,,343457
2024-02-16,scroll,62.56125562540455,45.04426324741019525,,246108
2024-02-16,starknet,29.51908346153248,3.800781156002325507,,180533
2024-02-16,zksync_era,83.69593288088883,63.747244150112705257,,1184227
2024-02-17,arbitrum,71.38342714559033,48.300768277523799938,,725705
2024-02-17,base,41.88294735472272,33.430202061194384686,,587744
2024-02-17,linea,22.87296670876616,15.885812453205501989,,255984
2024-02-17,mode,17.990726760744575,4.897970014930812448,,118199
2024-02-17,optimism,34.77158556660767,35.273112161995815432,,367065
2024-02-17,scroll,79.35695584212462,55.743399488072138736,,381491
2024-02-17,starknet,23.06413235023433,3.611733928412642214,,171669
2024-02-17,zksync_era,87.3817608162922,61.666200349592101129,,1499641
2024-02-18,arbitrum,78.90970608674407,54.64750723143738951,,746843
2024-02-18,base,41.28119264744813,35.40051786010211081,,520161
2024-02-18,linea,28.289173957632244,15.433188618861292733,,285739
2024-02-18,mode,16.020513253499338,4.993453610550695492,,103858
2024-02-18,optimism,39.15588567581978,44.367319543721563372,,356679
2024-02-18,scroll,96.49188275974811,65.7623019901961088,,412794
2024-02-18,starknet,23.422438391595797,3.698017834090905238,,163647
2024-02-18,zksync_era,100.44371942813844,74.486589038664960046,,1581223
2024-02-19,arbitrum,109.8699102604774,83.920172114725134492,,759045
2024-02-19,base,53.534675076850704,44.65508121379404003,,422003
2024-02-19,linea,37.53958633408567,17.126121154536237033,,275241
2024-02-19,mode,14.576395756784937,6.05495777409814012,,79248
2024-02-19,optimism,61.448947051219264,65.842504632486911784,,390211
2024-02-19,scroll,100.65902225679037,74.188169667963276237,,327113
2024-02-19,starknet,29.85447362783271,4.788705430440668929,,146153
2024-02-19,zksync_era,97.02041285651812,78.295799558666792541,,1286070
2024-02-20,arbitrum,134.74839152923053,104.691886149475171503,,872079
2024-02-20,base,51.31293530652379,45.665367363748276512,,384293
2024-02-20,linea,54.63126994406721,18.53521521939931943,,347521
2024-02-20,mode,13.998016786919681,6.286837654689196928,,73462
2024-02-20,optimism,74.14149197883239,93.282574981697077076,,442715
2024-02-20,scroll,98.09145422773666,73.787083994416909743,,309683
2024-02-20,starknet,257.57861457389,11.2573171018864777,,1063076
2024-02-20,zksync_era,139.2747086447017,123.356224956884213827,,1400726
2024-02-21,arbitrum,134.89612069598778,107.50328126782518509,,820510
2024-02-21,base,61.399177492553214,54.857713138134210006,,437924
2024-02-21,linea,136.8287700296105,21.198155711131458763,,672202
2024-02-21,mode,12.852770909660203,6.229654075737711692,,62542
2024-02-21,optimism,74.43356898848262,77.574848100565486964,,438297
2024-02-21,scroll,114.63344028469324,87.764398988978530966,,322297
2024-02-21,starknet,203.98591605089445,26.652887704841556898,,956539
2024-02-21,zksync_era,129.81907112513574,110.103701124120864497,,1346094
2024-02-22,arbitrum,137.62668384893007,111.464191152742599167,,795116
2024-02-22,base,59.89944077094525,49.835891050572378176,,350578
2024-02-22,linea,156.62970833143936,22.810248053487465746,,780262
2024-02-22,mode,13.549662913799999,5.596486575279556404,,65576
2024-02-22,optimism,89.52489124803778,91.347840214683220178,,425594
2024-02-22,scroll,118.4732974429638,98.04045774978906994,,308445
2024-02-22,starknet,156.76595765163398,16.81135702523719901,,629917
2024-02-22,zksync_era,134.16042801264257,116.375431974817221129,,1358973
2024-02-23,arbitrum,123.77465444238705,99.33382544125582137,,751173
2024-02-23,base,49.32479764420559,41.576082228419191128,,325273
2024-02-23,linea,174.70250347962354,60.422193229648643438,,954956
2024-02-23,mode,8.282449986753747,5.58934035301647984,,76618
2024-02-23,optimism,67.86816247545661,64.842973815121255522,,390562
2024-02-23,scroll,121.09805875624812,90.942109102972245268,,348567
2024-02-23,starknet,115.60188135611651,19.141331041304945414,,419539
2024-02-23,zksync_era,142.2984560068037,118.087435154491916293,,1479930
2024-02-24,arbitrum,89.66193271730683,66.460486843869068238,,747451
2024-02-24,base,45.808573150170496,37.598428265176044358,,443833
2024-02-24,linea,146.6964450377251,41.012409130230059875,,1047454
2024-02-24,mode,5.6967462107312885,3.563886497494064984,,72714
2024-02-24,optimism,47.715914979246,44.80062344396935789,,391488
2024-02-24,scroll,130.08661497382718,87.313770271239817622,,482973
2024-02-24,starknet,77.12599360746488,13.330299003345228094,,303619
2024-02-24,zksync_era,165.4625725794933,132.613183336490242082,,2027168
2024-02-25,arbitrum,99.50689508203097,74.419756262728417093,,800537
2024-02-25,base,54.26244445804864,45.013646211431533204,,482009
2024-02-25,linea,166.32872898730966,27.277632247495492631,,1114190
2024-02-25,mode,6.385991055210402,4.131509391900994072,,84128
2024-02-25,optimism,50.74389923120025,46.930374122159778668,,397202
2024-02-25,scroll,161.13477994898562,98.938451512581593866,,534117
2024-02-25,starknet,73.0417365666662,12.298676491298960617,,274686
2024-02-25,zksync_era,160.17758567642787,119.325740501682026938,,2224753
2024-02-26,arbitrum,140.71080417783918,112.534899763628764749,,857600
2024-02-26,base,57.18944066874732,46.082945617877324178,,388389
2024-02-26,linea,197.55991905549126,30.811473715575203872,,1118154
2024-02-26,mode,7.183109618396596,4.756314752195535752,,65323
2024-02-26,optimism,88.39530844509882,88.50070112472563505,,416974
2024-02-26,scroll,143.05131360628133,106.383955709394334009,,435579
2024-02-26,starknet,69.6888440605274,89.978987324973380906,,207660
2024-02-26,zksync_era,150.41728793155738,124.184409100054091366,,1885023
2024-02-27,arbitrum,161.32791490712486,135.111828680440326415,,816129
2024-02-27,base,72.28363177083693,57.413968175516933686,,405481
2024-02-27,linea,213.50245958102778,51.814887133406203534,,889421
2024-02-27,mode,6.846878117169849,4.678311048964895488,,52158
2024-02-27,optimism,119.11887811179878,123.26586666574343341,,437487
2024-02-27,scroll,132.61628558123246,104.544908449996190255,,331829
2024-02-27,starknet,68.87793599143254,84.449336944957383787,,170496
2024-02-27,zksync_era,145.1139508401397,121.294436343954246905,,1597721
2024-02-28,arbitrum,260.83368119731807,205.80635986058788666,,1032380
2024-02-28,base,96.1904603142088,72.08546752669235869,,421010
2024-02-28,linea,218.8735599034247,30.236601936570545965,,953111
2024-02-28,mode,8.134560079477442,5.673098530476028684,,47480
2024-02-28,optimism,197.2769346256485,186.728830506083455284,,463657
2024-02-28,scroll,146.358573937143,119.254160565406687735,,329310
2024-02-28,starknet,80.03919481866079,97.264996182903757148,,164020
2024-02-28,zksync_era,184.85858930988417,161.460340892665402409,,1643403
2024-02-29,arbitrum,229.6000981651281,199.017756097633288521,,983722
2024-02-29,base,105.79053250762315,87.25798824620275281,,436764
2024-02-29,linea,195.6407862131344,42.650663923539243545,,706243
2024-02-29,mode,9.224965416457298,6.785028018763504356,,48260
2024-02-29,optimism,201.780094574068,201.821366097619907525,,465409
2024-02-29,scroll,204.49331018446384,159.85511272531212899,,387178
2024-02-29,starknet,70.27624931802721,66.969343416158289876,,128200
2024-02-29,zksync_era,176.4294664054506,158.083885242625242173,,1429608
2024-03-01,arbitrum,154.2506987237333,130.299051298110480434,,825455
2024-03-01,base,72.95242176459944,58.168687721969787252,,370651
2024-03-01,linea,206.26797821613366,71.817392260063209614,,822198
2024-03-01,mode,7.830320730184868,5.651312848994272116,,54725
2024-03-01,optimism,137.5138749816066,138.815369092620375336,,386785
2024-03-01,scroll,89.12397216671765,72.9359955453121754,,204453
2024-03-01,starknet,46.29394505423429,56.885014668412400149,,96468
2024-03-01,zksync_era,106.77788964738949,84.735585185142488117,,1086138
2024-03-02,arbitrum,136.31498484509976,113.102168912665574624,,757158
2024-03-02,base,69.17384106932818,56.038374240677906572,,399568
2024-03-02,linea,264.2427148788027,53.86973818500075639,,1120783
2024-03-02,mode,8.500191841516598,5.87395698198659908,,62831
2024-03-02,optimism,116.5933531097044,115.6753971133230955,,381395
2024-03-02,scroll,112.24260760920426,87.2285854690876375,,279415
2024-03-02,starknet,44.15128491743265,45.861739892567940247,,100869
2024-03-02,zksync_era,122.56924383042876,96.385309709400211056,,1282187
2024-03-03,arbitrum,150.1937502331325,122.869954789655807408,,810704
2024-03-03,base,77.04635755066438,59.981765724362157918,,399953
2024-03-03,linea,219.63723062607028,48.496809172947895653,,1030102
2024-03-03,mode,9.01146954591852,6.384820786715186024,,64121
2024-03-03,optimism,117.92182109635544,126.171431905244388573,,380864
2024-03-03,scroll,132.84340134793518,104.190942272367638521,,322744
2024-03-03,starknet,54.360334735265575,58.952423318294697335,,119481
2024-03-03,zksync_era,120.92481194904076,96.983127696116604979,,1279690
2024-03-04,arbitrum,209.55491089312952,184.90958849901143299,,709611
2024-03-04,base,106.7910223151136,83.719444145933444514,,341936
2024-03-04,linea,137.49878096220675,17.350689341964790049,,487373
2024-03-04,mode,10.373773552631908,7.649568554842763432,,50949
2024-03-04,optimism,151.92272155965972,155.122422631870208934,,355982
2024-03-04,scroll,98.62369621414726,83.672888392117818837,,163442
2024-03-04,starknet,46.41269403769467,48.728867579059673155,,80310
2024-03-04,zksync_era,102.341893237054,91.551801068026396426,,938369
2024-03-05,arbitrum,355.55289237996965,281.753629021170004209,,937203
2024-03-05,base,160.63524851069744,115.992312610419756554,,418381
2024-03-05,linea,133.82430191647802,35.410559319263062447,,428508
2024-03-05,mode,12.105688973984034,9.034804980549908268,,50852
2024-03-05,optimism,249.72080525701648,237.378274257670553442,,441419
2024-03-05,scroll,116.65633850587562,101.830170301368996056,,160742
2024-03-05,starknet,88.1482204979531,101.467013972076338753,,161476
2024-03-05,zksync_era,99.35393648266734,87.211277942607898025,,815236
2024-03-06,arbitrum,211.78928463523303,190.40460814563573314,,818866
2024-03-06,base,151.87096568198209,103.880929326852984148,,476352
2024-03-06,linea,184.32046298302737,49.290824559279077839,,682145
2024-03-06,mode,9.041033644201404,6.722691077217683544,,41943
2024-03-06,optimism,129.3462111603926,121.796188257790827989,,402424
2024-03-06,scroll,96.75274212954191,76.407406341382505005,,145531
2024-03-06,starknet,76.28371066257127,75.01734768227606867,,180413
2024-03-06,zksync_era,101.9291173948879,83.353344592676187487,,922937
2024-03-07,arbitrum,184.21973012157883,158.879700174583735825,,746793
2024-03-07,base,126.9938777473077,90.273990572811240378,,463739
2024-03-07,linea,182.48314535656533,77.672322515287146053,,830055
2024-03-07,mode,9.893282037814034,7.309294802072133084,,56502
2024-03-07,optimism,104.38457439576231,102.084123214381876588,,374887
2024-03-07,scroll,104.24945203852931,77.344370524204417698,,179492
2024-03-07,starknet,63.07759050553674,68.513095856105194998,,166277
2024-03-07,zksync_era,108.39120908796176,84.527330569525497008,,1016087
2024-03-08,arbitrum,172.142614498024,145.317809656037038335,,747871
2024-03-08,base,100.99351381492644,70.526748178784227596,,394798
2024-03-08,linea,166.81501876358584,63.588808148853328387,,899775
2024-03-08,mode,8.043562677540121,5.848777364885348396,,45708
2024-03-08,optimism,94.31787051307036,91.07816869377611284,,361870
2024-03-08,scroll,95.72036175960383,69.714060386828065706,,182479
2024-03-08,starknet,60.8965440881838,55.188034941485115756,,170135
2024-03-08,zksync_era,95.10022294225972,71.937181310990990194,,998738
2024-03-09,arbitrum,123.3403804149999,105.400382256189005855,,650473
2024-03-09,base,93.40595041345732,62.533410035466370608,,401427
2024-03-09,linea,279.82091706233086,102.732151077796860407,,1411875
2024-03-09,mode,8.15023299762494,5.804144511201352488,,49422
2024-03-09,optimism,99.34534283596884,100.490236492694948226,,405861
2024-03-09,scroll,117.59337080249963,84.026754782886809768,,246901
2024-03-09,starknet,54.442570303677094,65.758015327306310227,,172534
2024-03-09,zksync_era,96.3576814663,73.044916241605698645,,1063012
2024-03-10,arbitrum,134.94626690817557,114.78796105663376118,,642392
2024-03-10,base,101.37076560989848,70.69186423456650615,,421370
2024-03-10,linea,277.1048675299368,86.505421885572241986,,1287246
2024-03-10,mode,9.618858680790622,6.813948934136012952,,57016
2024-03-10,optimism,69.51752944432029,66.579396514189071807,,317787
2024-03-10,scroll,126.51205793228388,94.438157426384445913,,251895
2024-03-10,starknet,41.90793693100867,54.012361012128522551,,132520
2024-03-10,zksync_era,98.48851777804416,74.844042315089010423,,1048899
2024-03-11,arbitrum,176.10691305954276,150.049045614799054248,,734523
2024-03-11,base,120.37016140298935,80.822836068966721618,,411652
2024-03-11,linea,233.79089472162394,31.227380329244580759,,938863
2024-03-11,mode,9.250838775635765,6.817741512574647272,,45758
2024-03-11,optimism,86.13866049684715,78.076395346624420964,,339123
2024-03-11,scroll,109.92134207787421,85.346382355078873667,,211747
2024-03-11,starknet,39.420919461395734,47.199770953694475058,,89778
2024-03-11,zksync_era,87.75508712216558,71.536284556360768734,,880326
2024-03-12,arbitrum,184.22392643060024,158.271014515217591163,,856023
2024-03-12,base,99.3779341066392,71.946202218118586472,,406248
2024-03-12,linea,192.39775277698166,102.311629752832186004,,805610
2024-03-12,mode,10.82490756716264,8.059640649817254428,,64112
2024-03-12,optimism,82.30686868635404,73.647474507826190528,,327665
2024-03-12,scroll,103.64238613008038,79.985623987077392894,,206027
2024-03-12,starknet,33.32743816700784,43.623878270383945151,,82074
2024-03-12,zksync_era,91.79669418702092,63.440247875773090384,,932734
2024-03-13,arbitrum,163.26373134493792,143.402614678161065252,,757942
2024-03-13,base,114.85366534619769,77.197720598378934158,,526962
2024-03-13,linea,156.41397035448898,61.438925679680910872,,637674
2024-03-13,mode,9.684976841177734,7.206300250382903312,,57209
2024-03-13,optimism,84.9221051346719,79.085920671433166184,,301763
2024-03-13,scroll,87.46296730073405,68.326304075017201364,,172617
2024-03-13,starknet,15.285283708524835,55.687143282878937623,,224254
2024-03-13,zksync_era,78.70986948797996,66.059123596756191954,,909398
2024-03-14,arbitrum,116.06049377347593,84.302876948069359723,,974454
2024-03-14,base,57.18324192488015,1.145417522395299522,,1181906
2024-03-14,linea,173.04959930227278,73.849355402004090437,,725460
2024-03-14,mode,0.5103749678333829,0.085616869937298432,,102034
2024-03-14,optimism,19.80514396873652,0.388075630254086866,,515561
2024-03-14,scroll,95.01017339856719,71.61230356781105557,,204292
2024-03-14,starknet,5.575356204991732,84.971100364680605654,,518021
2024-03-14,zksync_era,48.65310296362583,30.882896234949244363,,1179295
2024-03-15,arbitrum,66.86202739333544,4.686528503024930765,,1303373
2024-03-15,base,43.83980727739485,0.349974332460675542,,1325278
2024-03-15,linea,195.94776969757896,81.216540264087848682,,874537
2024-03-15,mode,0.2964950757368814,0.021275312174378704,,102606
2024-03-15,optimism,15.544907767939424,0.255482455875174313,,723669
2024-03-15,scroll,95.79617617669876,68.504070825209014183,,243757
2024-03-15,starknet,3.5653300300475452,23.788357121981999385,,336670
2024-03-15,zksync_era,42.351482428082896,30.024515496377076433,,1201148
2024-03-16,arbitrum,38.79696939669621,3.478895204382426912,,1113079
2024-03-16,base,62.298900714360144,0.330379343473776014,,2068077
2024-03-16,linea,190.885791833042,94.075422735908457642,,1086960
2024-03-16,mode,0.1486234829365881,0.013305602893333192,,97858
2024-03-16,optimism,14.90350598679158,0.184838907296613521,,584727
2024-03-16,scroll,106.89339450314904,72.598408550635862075,,319512
2024-03-16,starknet,2.0951051513721595,13.794259284163206938,,275208
2024-03-16,zksync_era,35.15933586249849,22.456418988520465296,,1199308
2024-03-17,arbitrum,34.83571893063762,2.725370937407989429,,991043
2024-03-17,base,30.764875146918808,0.219770688130149474,,1103458
2024-03-17,linea,182.94913269259254,85.795132368673570945,,1224871
2024-03-17,mode,0.17883616948383416,0.018994911152284,,128666
2024-03-17,optimism,10.504280143900573,0.202944297690348394,,542000
2024-03-17,scroll,123.27743140842023,85.300449128032278783,,442618
2024-03-17,starknet,1.4937285631176884,10.825225811745245247,,238227
2024-03-17,zksync_era,34.020479258172905,18.688130015716055892,,1296362
2024-03-18,arbitrum,39.30830527427217,3.835158371996009976,,1175360
2024-03-18,base,38.73724392675694,0.28197868553208625,,1141680
2024-03-18,linea,144.71947962349398,64.386585966753261324,,924521
2024-03-18,mode,0.2749809210701894,0.021188783038677072,,139705
2024-03-18,optimism,9.14894749725247,0.260298095264566503,,618175
2024-03-18,scroll,110.04636522459265,83.872366515192932804,,353293
2024-03-18,starknet,1.8361188332780063,11.568191367926286185,,218692
2024-03-18,zksync_era,27.082956086382776,17.301115050317811911,,1123278
2024-03-19,arbitrum,26.63137497276113,4.818050152229423047,,1713716
2024-03-19,base,72.38935470185913,0.30829677089742952,,1167072
2024-03-19,linea,162.1960267990601,56.85287714376423172,,928703
2024-03-19,mode,0.8665073063230669,0.022910827216936864,,144587
2024-03-19,optimism,13.07989788216757,0.27928630055520722,,735057
2024-03-19,scroll,102.39696570110686,77.823189982568286799,,300042
2024-03-19,starknet,2.327311147115598,12.865164641622913176,,229699
2024-03-19,zksync_era,18.55013039794248,12.256048529293539241,,1146312
2024-03-20,arbitrum,12.666542026989982,4.58982511073832946,,1862635
2024-03-20,base,478.531556267448,0.346904226726996596,,1596839
2024-03-20,linea,182.45318606744348,61.250530996520084823,,1203316
2024-03-20,mode,0.4966383775547565,0.020722147781064072,,141414
2024-03-20,optimism,18.269584724171292,0.251037643073689769,,737944
2024-03-20,scroll,110.14335205470559,82.066010890825442849,,340618
2024-03-20,starknet,1.8708291266712247,10.858561293262024828,,197797
2024-03-20,zksync_era,18.50542320416086,11.101288804355740803,,1242335
2024-03-21,arbitrum,5.970920634289753,3.662836861144697414,,1499596
2024-03-21,base,234.33540347164657,0.27720597195967918,,1352882
2024-03-21,linea,193.54195950848035,60.872997226848280436,,1513740
2024-03-21,mode,0.36701276770460417,0.015855293178649776,,123644
2024-03-21,optimism,10.605723255329004,0.20783820424983726,,628844
2024-03-21,scroll,118.37746245571802,79.667090004481002813,,411523
2024-03-21,starknet,1.6732814346383118,9.274091851107217136,,192506
2024-03-21,zksync_era,16.365784879038102,7.363032511606852219,,1228252
2024-03-22,arbitrum,6.001661163997251,3.034839879962398692,,1534588
2024-03-22,base,139.8075516691789,0.226226199337663728,,1278840
2024-03-22,linea,171.26742525808456,52.856797016933244691,,1561873
2024-03-22,mode,0.3814912410124737,0.015851591819345576,,148692
2024-03-22,optimism,8.626782273022137,0.162732299141532877,,631183
2024-03-22,scroll,105.09896251874957,69.122215793539673954,,416254
2024-03-22,starknet,1.1582007487284185,6.407712220065130029,,168945
2024-03-22,zksync_era,14.958014146071925,5.658816225265996024,,1282707
2024-03-23,arbitrum,4.675639684358893,2.236706182162184847,,1314561
2024-03-23,base,99.24725318280464,0.184752642704675494,,1269964
2024-03-23,linea,170.70188876813853,47.483974696511395555,,1941169
2024-03-23,mode,0.31890887226991943,0.009954221907610064,,134917
2024-03-23,optimism,5.5370050678859055,0.115614350755767551,,555458
2024-03-23,scroll,103.32244422422046,58.661975731882462319,,475237
2024-03-23,starknet,0.6882733215601438,3.965267296836238738,,120186
2024-03-23,zksync_era,14.178182811946744,6.351061085280670473,,1402475
2024-03-24,arbitrum,5.030815081684493,2.153064903180478744,,1311866
2024-03-24,base,253.31996936685556,0.178986060759163746,,1430965
2024-03-24,linea,174.96446702921259,52.867114686059638763,,2117776
2024-03-24,mode,0.35901902149500375,0.01237908770094372,,151843
2024-03-24,optimism,8.301993400938308,0.112341268020812546,,556122
2024-03-24,scroll,108.98513644483538,58.946988988811600788,,458937
2024-03-24,starknet,0.5305042614868641,2.996113096277665523,,117255
2024-03-24,zksync_era,14.005677176991805,5.616784429778646976,,1405024
2024-03-25,arbitrum,6.466040473960022,3.133423165201833567,,1500551
2024-03-25,base,493.8299924673592,0.253558159445202416,,1486270
2024-03-25,linea,200.93215202278537,26.278141240052114168,,1858209
2024-03-25,mode,0.4547200508861998,0.017358311433706216,,148896
2024-03-25,optimism,13.535606929373047,0.218493909608970226,,674498
2024-03-25,scroll,135.99286677946435,74.272424986035739334,,490323
2024-03-25,starknet,0.9360607205128355,3.579824726004837328,,126080
2024-03-25,zksync_era,14.718537696191175,6.035205153904000749,,1282698
2024-03-26,arbitrum,8.312769712891628,3.83491502610021309,,1825826
2024-03-26,base,666.4991483753854,0.300604778790592572,,1567796
2024-03-26,linea,198.37238903605876,3.411487338003312159,,1767149
2024-03-26,mode,0.4296389551670683,0.017960373261777072,,140489
2024-03-26,optimism,22.63963269338496,0.286137872671658964,,800936
2024-03-26,scroll,118.93021150532302,125.962178202265168299,,455177
2024-03-26,starknet,1.0507083556375394,4.313156345495071396,,93603
2024-03-26,zksync_era,15.601784310406682,8.315324122940088414,,1297447
2024-03-27,arbitrum,19.099909413630385,7.838196620021674624,,1777075
2024-03-27,base,423.8683349286885,5.00589317962710685,,1622193
2024-03-27,linea,111.17653723496622,15.212876396278685661,,1461774
2024-03-27,mode,1.0782449733112947,0.18541269379183736,,166226
2024-03-27,optimism,25.057898439523257,4.339597838396436063,,975203
2024-03-27,scroll,151.23862659217582,108.988708750454528963,,444759
2024-03-27,starknet,1.5454922103693822,5.980375648967582162,,104930
2024-03-27,zksync_era,18.64935347106293,11.086361208130650283,,1262380
2024-03-28,arbitrum,14.049962527753902,10.714806296938000116,,1663577
2024-03-28,base,251.06063983902908,10.889937671426118828,,2116467
2024-03-28,linea,47.53906999362341,16.789981566915510446,,2027161
2024-03-28,mode,1.1916811965195537,0.580928231208494,,136159
2024-03-28,optimism,27.038399385640613,6.459547271497096844,,942566
2024-03-28,scroll,148.38082534396258,94.465446133382773829,,438753
2024-03-28,starknet,2.25292702237588,5.827642526767135082,,85056
2024-03-28,zksync_era,18.986667270403764,9.488199170420460933,,1235312
2024-03-29,arbitrum,12.356517665247535,8.111215129995817762,,1765261
2024-03-29,base,399.5903463339685,6.769351643791621554,,2220433
2024-03-29,linea,53.607577373018444,15.089176253339820641,,2630381
2024-03-29,mode,0.7315377085590624,0.27052452230616808,,132769
2024-03-29,optimism,22.944370166554403,4.968144027702258975,,886491
2024-03-29,scroll,157.94993626031854,84.498266861742436758,,514090
2024-03-29,starknet,1.4721091959717836,3.894379014496603209,,83179
2024-03-29,zksync_era,15.906667798994372,9.058975768812609116,,1219495
2024-03-30,arbitrum,10.391676452264065,6.865506065657327225,,1457636
2024-03-30,base,371.0051589261072,7.784198165279005044,,2329945
2024-03-30,linea,64.75574831268722,3.503963472523667824,,3985154
2024-03-30,mode,0.8558228609341343,0.313878008493730312,,114498
2024-03-30,optimism,25.319025823797737,4.376176834655593594,,833154
2024-03-30,scroll,119.3196186767637,68.599336106007882859,,503473
2024-03-30,starknet,1.3646940301086328,2.968625541377092693,,78153
2024-03-30,zksync_era,13.86860348462675,6.684407037478186701,,1175646
2024-03-31,arbitrum,15.590141667515278,13.006402314230091119,,1222510
2024-03-31,base,265.13237206407,20.71786487520900654,,2207413
2024-03-31,linea,74.33349366886117,1.972985622881815668,,4812417
2024-03-31,mode,1.3181163287927997,0.888496715405523376,,122530
2024-03-31,optimism,34.16680072721576,12.430271919042787262,,701014
2024-03-31,scroll,119.38020920334625,63.798326974543279411,,450101
2024-03-31,starknet,2.484583543835668,5.0541636307695177,,60277
2024-03-31,zksync_era,17.450627533511565,9.199014053848547129,,1178690
2024-04-01,arbitrum,20.41308044808618,11.64053162953062477,,1281647
2024-04-01,base,303.6065610272603,19.186724548894711506,,2295243
2024-04-01,linea,84.39790201688795,37.162037350791859543,,4603218
2024-04-01,mode,1.4356966148571035,0.55182302320869032,,106829
2024-04-01,optimism,33.91739952414476,12.074431316042239152,,600225
2024-04-01,scroll,84.38835707754622,57.347738242532907007,,337353
2024-04-01,starknet,2.5345952632036313,3.860183355616028829,,63816
2024-04-01,zksync_era,15.055009297661044,8.454913614029809038,,1013668
2024-04-02,arbitrum,32.94273204595485,18.179244059316154212,,1579367
2024-04-02,base,273.67939171810923,27.060926303289858042,,2574559
2024-04-02,linea,175.54137814685657,50.13263342756496007,,4398099
2024-04-02,mode,1.3956681360219079,0.729815454517024928,,87036
2024-04-02,optimism,43.81576187300891,15.00089103567034019,,635788
2024-04-02,scroll,85.487277188755,63.978577703182698501,,254153
2024-04-02,starknet,3.151816245742444,6.301206479859907093,,63584
2024-04-02,zksync_era,17.16032616701081,11.798995572238247525,,917404
2024-04-03,arbitrum,15.52761890974033,12.612578810386837795,,1403396
2024-04-03,base,273.9437817779627,17.642047902250068552,,2668790
2024-04-03,linea,141.63365442583648,40.561128536301188467,,4487765
2024-04-03,mode,1.2314433216191358,0.479340384620552984,,80708
2024-04-03,optimism,31.906991890649422,10.375414250127173708,,634039
2024-04-03,scroll,71.87275295191063,50.070047890309473137,,243711
2024-04-03,starknet,2.9306009435083142,4.812345442280407205,,106009
2024-04-03,zksync_era,14.420248469256777,7.815259410181727455,,902281
2024-04-04,arbitrum,5.940385066293364,2.638748540579413465,,1605153
2024-04-04,base,124.2216454085856,0.46707370361060955,,2950118
2024-04-04,linea,117.79908160100422,28.538534622577407274,,3334409
2024-04-04,mode,0.5907214021574371,0.012978940433419432,,118072
2024-04-04,optimism,20.356362193341248,0.265492340026734369,,758156
2024-04-04,scroll,66.42738942866391,47.386674915882880053,,250095
2024-04-04,starknet,0.877865886895146,2.680547626191156321,,93108
2024-04-04,zksync_era,10.482372208480308,4.713773099177121011,,899477
2024-04-05,arbitrum,5.376718777746411,1.902646351003458326,,1537387
2024-04-05,base,180.60056761891136,0.368013778272792216,,3030163
2024-04-05,linea,20.459193159050393,11.340847144966939339,,784488
2024-04-05,mode,0.4879041363399595,0.011327958940710936,,166758
2024-04-05,optimism,15.645140574499877,0.167148186817131496,,749908
2024-04-05,scroll,64.09197639836532,38.645750530977285475,,285693
2024-04-05,starknet,0.6144789254629787,1.972209340085111233,,69797
2024-04-05,zksync_era,11.32951526622,4.382034971009606447,,1006777
2024-04-06,arbitrum,3.7184970805597226,1.179428140738517323,,1434328
2024-04-06,base,130.21893568479106,0.230183743366207782,,3031288
2024-04-06,linea,15.084398766539657,6.000974648692317311,,976239
2024-04-06,mode,0.41829557342702506,0.007666009747657368,,183847
2024-04-06,optimism,7.980179855638002,0.089330272976025773,,507706
2024-04-06,scroll,67.67162103557955,29.881100199175209469,,352531
2024-04-06,starknet,0.27252160093623307,1.433352358712548516,,63283
2024-04-06,zksync_era,10.567299907900567,3.577106324607822682,,1110800
2024-04-07,arbitrum,4.478176956413581,1.427037244451991767,,1652293
2024-04-07,base,115.19935832364624,0.281287559771224656,,3104299
2024-04-07,linea,13.762568985337353,4.766546160446815863,,786597
2024-04-07,mode,0.5259951673303801,0.010856084127231528,,222581
2024-04-07,optimism,7.075203732108384,0.098690540737538014,,584091
2024-04-07,scroll,69.16920369281353,33.278764035419105853,,341426
2024-04-07,starknet,0.39328969524004365,1.107125752205368599,,56490
2024-04-07,zksync_era,11.388839850984285,4.092272631223119459,,1136268
2024-04-08,arbitrum,7.0613850782140775,2.244741789217886812,,1703617
2024-04-08,base,169.841376816618,0.414645829930646916,,3186272
2024-04-08,linea,11.834492292678082,2.528470834791519229,,452002
2024-04-08,mode,0.6719270440989547,0.016873611452227392,,242162
2024-04-08,optimism,18.6592001167178,0.225413059415606114,,643501
2024-04-08,scroll,86.0121298575267,51.531749173318629645,,325305
2024-04-08,starknet,0.716943402782296,2.594008646500144315,,71115
2024-04-08,zksync_era,12.625830334219582,5.350667676306563379,,1111695
2024-04-09,arbitrum,8.545758850559517,2.755240922588549613,,1771712
2024-04-09,base,165.0944755145142,0.502978691079453366,,2980657
2024-04-09,linea,12.959574402686552,3.010301129041214606,,546251
2024-04-09,mode,0.7275542521753665,0.018588370787952528,,226281
2024-04-09,optimism,19.72928679360707,0.259593028750924384,,646032
2024-04-09,scroll,84.27675539860091,60.155239332331040939,,299693
2024-04-09,starknet,0.6120315204859893,2.352090482739019872,,64628
2024-04-09,zksync_era,13.201329929976884,6.028445558921599857,,1077663
2024-04-10,arbitrum,10.709923818153785,1.942412780620378627,,1832036
2024-04-10,base,173.4795315397049,0.359043635110836996,,2944745
2024-04-10,linea,12.626341332739898,2.489690304492992251,,584762
2024-04-10,mode,1.0492828743034845,0.01358849779934796,,227620
2024-04-10,optimism,23.329753509369866,0.186992235355225525,,666551
2024-04-10,scroll,84.55611531866847,43.579521605404358034,,315523
2024-04-10,starknet,0.5628686350808179,2.101656146094787512,,69147
2024-04-10,zksync_era,11.916791068511415,4.079806411788935399,,1097629
2024-04-11,arbitrum,5.737561152022923,2.122772757961701557,,1617383
2024-04-11,base,190.3146256311248,0.357717661523185584,,3009829
2024-04-11,linea,11.867060419755582,2.449981119215744078,,541292
2024-04-11,mode,0.8593874249427845,0.012535659197929848,,198697
2024-04-11,optimism,20.432067966646795,0.193024333905619898,,674596
2024-04-11,scroll,79.46086809714924,42.805305818166681359,,305258
2024-04-11,starknet,0.4235136455343837,2.157371086372711423,,55460
2024-04-11,zksync_era,11.503888119471933,3.664148579307262303,,1068004
2024-04-12,arbitrum,185.77852785301488,3.8833389281911509,,1706527
2024-04-12,base,114.32757674283224,0.458058581088406044,,2716617
2024-04-12,linea,31.855348286445786,2.535700943049077524,,573439
2024-04-12,mode,1.1065120826020736,0.020993473085102448,,203514
2024-04-12,optimism,49.31384583585791,0.246025083487127916,,670828
2024-04-12,scroll,79.33120550609499,46.433209886234158568,,262100
2024-04-12,starknet,1.655613298113486,3.192839389424643046,,92590
2024-04-12,zksync_era,12.298307327095245,6.960710822764316692,,999637
2024-04-13,arbitrum,242.15224126144795,5.738700613644126681,,1789380
2024-04-13,base,108.75234865539876,0.672371482992575136,,2592758
2024-04-13,linea,11.56035489820283,1.371555665309288879,,503409
2024-04-13,mode,3.558944838994275,0.029504479695196368,,175645
2024-04-13,optimism,51.30671533034074,0.332276517956099394,,667164
2024-04-13,scroll,100.33580289976132,60.215515740619787557,,249263
2024-04-13,starknet,3.6041684406357892,1.899849361201130851,,108949
2024-04-13,zksync_era,12.14754895472203,11.950913947268571584,,922281
2024-04-14,arbitrum,15.136188915527663,1.68709205370686975,,1914162
2024-04-14,base,75.06642273398423,0.222518169566048922,,2604772
2024-04-14,linea,10.267546596960932,1.843009253720975095,,502947
2024-04-14,mode,0.41496187761448494,0.006955846609242936,,169431
2024-04-14,optimism,24.270622975592246,0.12161157137935323,,661227
2024-04-14,scroll,71.28604696716812,30.20946220095019535,,365752
2024-04-14,starknet,0.5598330276174346,2.298153166164125241,,90176
2024-04-14,zksync_era,9.803860677159262,2.794073911825108272,,1065495
2024-04-15,arbitrum,7.774221637247007,2.004397633404942003,,1810051
2024-04-15,base,130.76755025916202,0.285011904339131796,,2971306
2024-04-15,linea,8.545590637569129,1.640322199190490894,,434306
2024-04-15,mode,0.4877357276323303,0.007840363779693504,,159963
2024-04-15,optimism,21.62991161820784,0.149602966624033236,,669688
2024-04-15,scroll,76.30410792418013,35.153191339487431756,,335381
2024-04-15,starknet,0.6801500460896361,1.235472169607599792,,91290
2024-04-15,zksync_era,11.471690060632575,4.033577845724119391,,1155137
2024-04-16,arbitrum,7.08128002933424,1.58950702362193231,,1860546
2024-04-16,base,90.70238816446236,0.234729317059781436,,2769653
2024-04-16,linea,7.559865841173523,1.28630898202364845,,437155
2024-04-16,mode,0.4520548903258904,0.0070717695249858,,177084
2024-04-16,optimism,19.92780158675508,0.122031347054627226,,663673
2024-04-16,scroll,75.1880631254888,28.264105146420377374,,341691
2024-04-16,starknet,0.40025727089009405,1.0467916632687731,,89243
2024-04-16,zksync_era,10.297640471705291,3.149335685422602859,,1113986
2024-04-17,arbitrum,10.69477242849499,2.684586353303741807,,1739243
2024-04-17,base,102.32134841204868,0.342283342326326832,,2678938
2024-04-17,linea,9.621068666119074,1.566550459819244425,,421056
2024-04-17,mode,0.584319384955047,0.00976326232108464,,140961
2024-04-17,optimism,20.53325132421092,0.19051577086042644,,616498
2024-04-17,scroll,71.99113323925637,38.763060169492859444,,287875
2024-04-17,starknet,0.6193006170356385,1.403961055158567223,,78246
2024-04-17,zksync_era,11.055787296586278,4.491479761750572247,,995139
2024-04-18,arbitrum,5.786386738107277,1.618664113377003267,,1740257
2024-04-18,base,74.18494963411966,0.218397806976051936,,2656509
2024-04-18,linea,8.562369209857907,1.355497883521204847,,425711
2024-04-18,mode,0.4337422603513771,0.005537257338682344,,105157
2024-04-18,optimism,18.724786072900155,0.12145184947655604,,610703
2024-04-18,scroll,54.41894646309302,25.178120844967178118,,262288
2024-04-18,starknet,0.34395901891296693,1.002292590164252579,,73179
2024-04-18,zksync_era,9.752568898938833,3.040145766995168578,,1053538
2024-04-19,arbitrum,12.51492010505301,1.50433058772987682,,1755861
2024-04-19,base,61.76312914895323,0.198051576117534804,,2539205
2024-04-19,linea,7.77534549324657,1.208865518612464482,,432219
2024-04-19,mode,0.42119150305771125,0.006057158859411072,,142430
2024-04-19,optimism,17.144742764499973,0.089438644057833639,,657922
2024-04-19,scroll,49.87436288045662,21.222270847338720656,,240048
2024-04-19,starknet,0.46551985184702144,0.801562473203663133,,97886
2024-04-19,zksync_era,9.310852395883618,2.393930557354651671,,1003604
2024-04-20,arbitrum,4.69596071106078,0.918801383473545211,,1375136
2024-04-20,base,52.28589147225137,0.140498038326613062,,2500150
2024-04-20,linea,5.650588855788296,0.78838614977817483,,380090
2024-04-20,mode,0.27113438423206654,0.004911715233511368,,172475
2024-04-20,optimism,6.015382594456771,0.057609101309744382,,573160
2024-04-20,scroll,49.29779282493982,15.936971949343835273,,262678
2024-04-20,starknet,0.25682192700642975,0.651568565802792658,,84437
2024-04-20,zksync_era,8.602066519023085,2.091820176430627681,,1024354
2024-04-21,arbitrum,4.262375085870265,0.925477354848855334,,1381133
2024-04-21,base,58.192580676309255,0.14327005492545222,,2524622
2024-04-21,linea,5.26847577020315,0.810503668435182338,,369579
2024-04-21,mode,0.2922175906265032,0.004629360448437504,,161332
2024-04-21,optimism,6.692221377567072,0.053792698198383387,,591692
2024-04-21,scroll,50.572173114375104,16.303438171498980075,,269896
2024-04-21,starknet,0.19299375468762736,0.572092662562995738,,68732
2024-04-21,zksync_era,9.127108677618583,2.201077239744037419,,1075489
2024-04-22,arbitrum,5.016386082864488,1.360551822452405671,,1518283
2024-04-22,base,106.6037944913418,0.19231583740712331,,2737000
2024-04-22,linea,5.569452557348733,1.092136822583553754,,383174
2024-04-22,mode,0.5700854049554178,0.007094510953649232,,181399
2024-04-22,optimism,14.402109479984034,0.10350499048932168,,607720
2024-04-22,scroll,51.46267178476781,17.470600251993885263,,225549
2024-04-22,starknet,0.23213889671211133,0.609762658776504892,,71666
2024-04-22,zksync_era,9.344294028182352,2.762139857948002912,,1045895
2024-04-23,arbitrum,6.375123867808986,1.55394564760935711,,1477575
2024-04-23,base,89.55476655289404,0.225777299012814372,,2758584
2024-04-23,linea,6.546323426178067,1.307938784292827322,,397204
2024-04-23,mode,0.6014199108620766,0.008357613438344664,,187998
2024-04-23,optimism,16.867551680423304,0.125369401046408874,,654434
2024-04-23,scroll,58.16725069346397,18.661286507591961493,,205585
2024-04-23,starknet,0.22358336444182084,0.776663519494305197,,61920
2024-04-23,zksync_era,9.424712694453872,3.112368528758969678,,1045756
2024-04-24,arbitrum,11.425318276323862,1.939165920767410745,,1693284
2024-04-24,base,150.34274875030243,0.249952489561743948,,2787116
2024-04-24,linea,8.558207745292913,1.745275363701129605,,448096
2024-04-24,mode,6.811660651366296,0.013780059595774848,,273838
2024-04-24,optimism,20.232407027177725,0.150029429469443529,,644916
2024-04-24,scroll,66.80397119185511,22.326886028563027255,,199777
2024-04-24,starknet,0.43370564066561706,0.626333064526315672,,103159
2024-04-24,zksync_era,10.835507110345855,3.872386682055541383,,1108671
2024-04-25,arbitrum,7.796132844938331,1.60564553205736095,,1809838
2024-04-25,base,133.741647799683,0.208548456863286624,,2482849
2024-04-25,linea,7.819433172301119,1.619056451303721295,,478824
2024-04-25,mode,1.613318231194171,0.010357494677633688,,248463
2024-04-25,optimism,21.643474467453604,0.124039397982981666,,660341
2024-04-25,scroll,65.54990132834592,18.474695456661419857,,209464
2024-04-25,starknet,0.3674345704123786,2.914697686050924476,,85684
2024-04-25,zksync_era,9.98541384666823,3.203882169567198598,,1097745
2024-04-26,arbitrum,5.560806412502868,0.992593506730365447,,1699292
2024-04-26,base,121.82112688217592,0.14793400455562065,,2621321
2024-04-26,linea,6.86915229023926,1.205429226068094158,,504882
2024-04-26,mode,0.9864105352449015,0.011317698683660328,,429062
2024-04-26,optimism,18.94587275340141,0.080246431701022632,,661721
2024-04-26,scroll,57.2859948821869,14.46042999125559759,,244621
2024-04-26,starknet,0.16733090801676753,0.55567654104181609,,75030
2024-04-26,zksync_era,9.154979662735341,2.323687814265160729,,1089459
2024-04-27,arbitrum,7.054880092925726,0.77688363670618758,,1643770
2024-04-27,base,87.9600498425032,0.120676950372848334,,2301402
2024-04-27,linea,5.145772629311919,0.685151927928015464,,357171
2024-04-27,mode,0.540769269767286,0.004430915785667232,,180771
2024-04-27,optimism,19.737635022913118,0.067626300508416513,,662627
2024-04-27,scroll,40.902103959820074,11.283127990287172787,,240669
2024-04-27,starknet,0.1526989340892823,0.471211463576790481,,68402
2024-04-27,zksync_era,6.944240012274928,1.392678913698172777,,918273
2024-04-28,arbitrum,4.561408844038029,0.850946588434693543,,1553914
2024-04-28,base,75.13188045713751,0.132087611222136042,,2413039
2024-04-28,linea,5.382910743121978,0.858886061336538543,,385986
2024-04-28,mode,0.6639219199146121,0.005152890576090096,,199559
2024-04-28,optimism,18.82774127257824,0.07618983420132192,,666124
2024-04-28,scroll,51.26406595758754,13.884340537018275819,,259963
2024-04-28,starknet,0.167544753833839,0.45965199519535765,,71392
2024-04-28,zksync_era,7.627322139787909,1.626616949726592337,,988298
2024-04-29,arbitrum,4.885606548303326,1.126245746465447903,,1576985
2024-04-29,base,83.17087864474416,0.162375688732786056,,2504995
2024-04-29,linea,6.235727081727988,1.139504961069726263,,407582
2024-04-29,mode,0.5823376592531802,0.006713973429009528,,173377
2024-04-29,optimism,18.9127724304082,0.092497998937033038,,641134
2024-04-29,scroll,23.323183194609776,8.660306551466213261,,324315
2024-04-29,starknet,0.23768175401037572,0.64085187803451063,,65367
2024-04-29,zksync_era,8.072690806088449,2.089880047187083337,,1006077
2024-04-30,arbitrum,9.033344980309996,1.908919882824009983,,1730519
2024-04-30,base,91.25212595915347,0.239515976610613098,,2480935
2024-04-30,linea,6.435870517335493,1.310090575279651862,,368852
2024-04-30,mode,0.9237675775255025,0.010472318242589232,,174047
2024-04-30,optimism,20.45133874639505,0.141925089874901745,,766402
2024-04-30,scroll,22.94288415799042,13.444125108369078848,,357070
2024-04-30,starknet,0.3906570853403239,0.899200958685794807,,68456
2024-04-30,zksync_era,9.837723899176732,3.266479858384435984,,1222355
2024-05-01,arbitrum,16.318866213487098,1.251954151321284397,,1745509
2024-05-01,base,72.54909072868273,0.16569245314999188,,2345037
2024-05-01,linea,6.3164069033233465,0.97963686149847487,,331245
2024-05-01,mode,0.756987041533099,0.008019760083193392,,216089
2024-05-01,optimism,26.51887721398469,0.094043561946932964,,792790
2024-05-01,scroll,18.09881381702335,7.491330360518719681,,296324
2024-05-01,starknet,0.341156583452287,0.709176192368580538,,99905
2024-05-01,zksync_era,7.641822124522768,1.975450001606375781,,972989
2024-05-02,arbitrum,3.917323941858745,1.012676877767726867,,1484643
2024-05-02,base,74.1949720350819,0.15038930867710008,,2482992
2024-05-02,linea,4.661999228758004,0.847896416873320857,,310283
2024-05-02,mode,0.8720253553005877,0.008053558508880552,,231945
2024-05-02,optimism,20.37951687678989,0.089946540837658758,,653744
2024-05-02,scroll,26.79206911883532,9.257233907427075434,,418541
2024-05-02,starknet,0.1926632492221127,0.592180774496422922,,83710
2024-05-02,zksync_era,7.39085361593134,1.556205498298421455,,988954
2024-05-03,arbitrum,4.153114519370272,0.897434479974931223,,1480941
2024-05-03,base,106.06502642524444,0.14283792324559656,,2695559
2024-05-03,linea,4.023663619594325,0.703207300075179624,,289950
2024-05-03,mode,0.7730828855962311,0.011939257738598352,,346228
2024-05-03,optimism,12.504567933711344,0.063790781474932383,,571833
2024-05-03,scroll,32.43540285094585,8.146242976906732116,,419854
2024-05-03,starknet,0.18742170784390558,0.496730338947244018,,83343
2024-05-03,zksync_era,7.076602450768251,1.481929778670614848,,949218
2024-05-04,arbitrum,3.0491711119089517,0.687123562670384147,,1299224
2024-05-04,base,76.74679125346847,0.114827943863579616,,2420556
2024-05-04,linea,4.352498198253597,0.543649317962981753,,289463
2024-05-04,mode,0.4011751730273483,0.007515451069765008,,262679
2024-05-04,optimism,6.226180200809055,0.044559749978136426,,476957
2024-05-04,scroll,29.6979650500028,6.49364708665313025,,399539
2024-05-04,starknet,0.14947270502977109,0.499742011947435628,,74442
2024-05-04,zksync_era,6.0511714441719535,1.129461317681815459,,853893
2024-05-05,arbitrum,3.2622257392202285,0.710017028646933569,,1384329
2024-05-05,base,73.93701100079116,0.11489875255789488,,2307120
2024-05-05,linea,4.166641749415298,0.842463060362399337,,331585
2024-05-05,mode,0.4172191876653791,0.005421502362146256,,198587
2024-05-05,optimism,5.255762215636621,0.042599709495887859,,471022
2024-05-05,scroll,44.60326892586793,5.411756108524612765,,346187
2024-05-05,starknet,0.1270261058921731,0.534913340046380215,,70011
2024-05-05,zksync_era,6.170823206122586,1.127122307303791764,,835766
2024-05-06,arbitrum,3.910918421341824,0.781321679277124764,,1509890
2024-05-06,base,91.57382123308965,0.122571640608195954,,2448190
2024-05-06,linea,7.5236662664533505,1.028430018524765061,,486603
2024-05-06,mode,0.3925926052710179,0.009902368390718992,,199751
2024-05-06,optimism,12.963610037418407,0.067405840384683447,,555330
2024-05-06,scroll,61.68502053439177,6.169439299829619282,,359025
2024-05-06,starknet,0.17616318948987794,0.491289597443426094,,98484
2024-05-06,zksync_era,7.114676561662104,1.357831341776602954,,941102
2024-05-07,arbitrum,4.052088376485626,0.845147565162487142,,1688278
2024-05-07,base,95.69448918735624,0.130184647202255052,,2607962
2024-05-07,linea,6.869951971143775,1.028121395797163665,,445117
2024-05-07,mode,3.0949847358219165,0.033991339839734792,,520330
2024-05-07,optimism,17.1457797228887,0.074826819305464632,,540855
2024-05-07,scroll,41.135189339404974,8.700356528025272046,,514046
2024-05-07,starknet,0.15692307489032914,0.673728703458431165,,90704
2024-05-07,zksync_era,7.311356339037221,1.189555105137308933,,958233
2024-05-08,arbitrum,40.42751911234912,0.769154937648433188,,2240874
2024-05-08,base,73.57762955243831,0.10049985834080499,,2256528
2024-05-08,linea,5.5600757575311555,0.614944986198964268,,380287
2024-05-08,mode,0.7741146693561493,0.013984465513236288,,325545
2024-05-08,optimism,18.561436304579196,0.065110314163066812,,532666
2024-05-08,scroll,28.63318901398383,5.5699942934013793,,420039
2024-05-08,starknet,0.24544145895003272,0.292552468974254144,,178839
2024-05-08,zksync_era,6.643863686723554,1.143780353289460924,,895239
2024-05-09,arbitrum,3.665919262073793,0.644733634322644234,,1695546
2024-05-09,base,118.12194466484964,0.103330529876550348,,2537733
2024-05-09,linea,5.270084284428943,0.915669364250475391,,386044
2024-05-09,mode,0.7390516617242416,0.007238843870307168,,263363
2024-05-09,optimism,16.617844179890074,0.058326046452412047,,521153
2024-05-09,scroll,49.02356639461828,7.103596196947099494,,549761
2024-05-09,starknet,0.1958683410940801,0.781035651928081349,,181940
2024-05-09,zksync_era,6.576267076434317,1.240764902885237619,,913177
2024-05-10,arbitrum,5.501187179262076,0.904583508158626584,,1950076
2024-05-10,base,101.59349728927866,0.11903650793587983,,2202664
2024-05-10,linea,4.311152138130947,0.655618662866962727,,336256
2024-05-10,mode,0.4245086180557724,0.007235985811515576,,244051
2024-05-10,optimism,17.279071033097903,0.075675767743442259,,518078
2024-05-10,scroll,46.121474305481506,8.926544784333454688,,462910
2024-05-10,starknet,0.18239148256746784,0.542904563850934085,,103778
2024-05-10,zksync_era,6.339639911806067,1.36874024083094526,,857305
2024-05-11,arbitrum,2.9645521637596195,0.609445541521907527,,1497334
2024-05-11,base,45.94590126217823,0.090726629675915286,,1954254
2024-05-11,linea,3.582325573157493,0.402664827345224183,,294745
2024-05-11,mode,0.1462766653118262,0.003159831886215504,,154723
2024-05-11,optimism,20.15876430561391,0.059155180894548051,,424921
2024-05-11,scroll,22.170680163246168,4.121812762733311078,,296375
2024-05-11,starknet,0.09784079326446615,0.306366293954608005,,88199
2024-05-11,zksync_era,5.321908341907323,0.900893610379782569,,757230
2024-05-12,arbitrum,3.0292881477876152,0.525546892165330699,,1634163
2024-05-12,base,40.66069002325864,0.07551610915512312,,1900202
2024-05-12,linea,3.976318454107094,0.340286396737467253,,318027
2024-05-12,mode,0.17043173400239625,0.0030972803295678,,185832
2024-05-12,optimism,16.270659973424436,0.05240882238238428,,400654
2024-05-12,scroll,25.580155804350145,3.738199540489299932,,342785
2024-05-12,starknet,0.09309895019018108,0.312231616147659963,,85165
2024-05-12,zksync_era,5.146310798228945,0.74227823239760064,,749641
2024-05-13,arbitrum,5.328390777453377,1.243230630903155023,,2171413
2024-05-13,base,66.62326424638118,0.134190714948830052,,1991288
2024-05-13,linea,4.300218156648068,0.793568919665103624,,364212
2024-05-13,mode,0.28091093182047194,0.005912994323285232,,199431
2024-05-13,optimism,18.535899276148125,0.095195213046945567,,511632
2024-05-13,scroll,17.971833306627403,8.022595658689062268,,334435
2024-05-13,starknet,0.16622346466041862,0.567686471606796015,,99725
2024-05-13,zksync_era,5.9712850735300815,1.504190982940135157,,781529
2024-05-14,arbitrum,5.631315203814881,1.143855220334380102,,2273408
2024-05-14,base,59.4638771229651,0.1214310548707242,,2051341
2024-05-14,linea,4.184779620343507,0.643710262548270563,,368683
2024-05-14,mode,0.33801575696461383,0.005326031184245664,,204693
2024-05-14,optimism,19.7523471274672,0.071523626142396276,,482011
2024-05-14,scroll,12.77266903140247,7.214042963380153712,,347179
2024-05-14,starknet,0.15748892665659953,0.566000392138947653,,92870
2024-05-14,zksync_era,6.422363698981153,1.299434370378747252,,834149
2024-05-15,arbitrum,7.22337963572985,1.115111042655834581,,2127919
2024-05-15,base,61.07207488978084,0.117651466856284518,,1896970
2024-05-15,linea,5.059482110117632,0.55630819044342849,,402185
2024-05-15,mode,0.37319263153158444,0.005496174593357232,,204998
2024-05-15,optimism,10.335878194753343,0.05773321152753879,,563847
2024-05-15,scroll,13.913091671251202,7.545898796080810769,,348827
2024-05-15,starknet,0.19061782328473828,0.444301928325851262,,93160
2024-05-15,zksync_era,6.255160117503523,1.376007564653061946,,806900
2024-05-16,arbitrum,5.167822515254854,0.869350239304289798,,2541107
2024-05-16,base,61.64729293180489,0.08968197834179472,,1880573
2024-05-16,linea,4.673198953291024,0.5689771608856063,,404341
2024-05-16,mode,0.31387546111472975,0.004220253234069096,,214181
2024-05-16,optimism,7.90222654497981,0.04058020814517516,,543728
2024-05-16,scroll,14.049511825890654,5.844834726176615059,,348222
2024-05-16,starknet,0.15790454577729027,0.385448490350422991,,76487
2024-05-16,zksync_era,5.484611125436197,0.937108683734426864,,760410
2024-05-17,arbitrum,6.192947557161771,1.019397639117311861,,2719806
2024-05-17,base,46.36972494890632,0.098382813511003044,,1816514
2024-05-17,linea,5.177073594158589,0.707927329200934751,,440816
2024-05-17,mode,0.23356978790948568,0.006555501199485528,,226011
2024-05-17,optimism,6.615168656938688,0.04281384979285653,,472526
2024-05-17,scroll,13.910253392301517,6.694801062815936746,,363260
2024-05-17,starknet,0.1903839575216287,0.447366888476457974,,93826
2024-05-17,zksync_era,5.887158168243819,1.218077259497161114,,792020
2024-05-18,arbitrum,5.449862586034461,0.641129438263083292,,2733218
2024-05-18,base,31.537459652413595,0.064266000384353568,,1764017
2024-05-18,linea,4.193971770887992,0.364637719664789869,,370938
2024-05-18,mode,0.21383746141946555,0.002986542942782232,,229778
2024-05-18,optimism,6.462521681827936,0.024782419102338522,,376829
2024-05-18,scroll,10.406780720375862,3.068626423031668143,,301665
2024-05-18,starknet,0.08402636628219971,0.287511843927843684,,81194
2024-05-18,zksync_era,4.995938292202826,0.751630966215102518,,713038
2024-05-19,arbitrum,5.723295303023424,0.661796969271665056,,3417772
2024-05-19,base,33.6475490579422,0.061217697706127928,,1712529
2024-05-19,linea,4.8304178074571995,0.321616238464713271,,332596
2024-05-19,mode,0.18704248260127893,0.0028167970253058,,213088
2024-05-19,optimism,3.948386127987927,0.02406000086815095,,358282
2024-05-19,scroll,9.52593943302129,2.696680492866705396,,282914
2024-05-19,starknet,0.10148357514859227,0.244711430012128301,,81717
2024-05-19,zksync_era,4.750484873088157,0.70134594868750288,,694476
2024-05-20,arbitrum,29.68509859741805,2.032720657335746018,,1924413
2024-05-20,base,47.32596018664293,0.225631013282137026,,1992730
2024-05-20,linea,6.724566922740349,1.017329784741963223,,402015
2024-05-20,mode,0.5493841756595483,0.011791324879185096,,219127
2024-05-20,optimism,18.61645629529604,0.146206398541179393,,520300
2024-05-20,scroll,14.190988839853038,11.927787163468919028,,311173
2024-05-20,starknet,0.7971866796619541,0.515412888082894022,,97763
2024-05-20,zksync_era,6.4746643423754096,2.152410736815688879,,762642
2024-05-21,arbitrum,7.974958609798921,2.175634010826240426,,2311103
2024-05-21,base,81.28207639821015,0.223693240082212872,,2110810
2024-05-21,linea,7.889020037215431,1.644527327263241426,,474734
2024-05-21,mode,0.6621718930326911,0.009508445844093528,,234642
2024-05-21,optimism,21.60657331981153,0.143964651246887532,,609862
2024-05-21,scroll,21.449191831044192,10.343310483799033189,,243512
2024-05-21,starknet,0.5884790659506892,1.326405094480271015,,98697
2024-05-21,zksync_era,6.773151560588811,2.138049899625534061,,748890
2024-05-22,arbitrum,5.393724875822544,1.590704492530110068,,2054545
2024-05-22,base,67.15788981114628,0.182667541146075948,,2130253
2024-05-22,linea,9.485202543217099,1.655535136395454863,,891135
2024-05-22,mode,0.3042860515217024,0.007311739117916664,,212926
2024-05-22,optimism,19.291113377206504,0.121437443503623822,,630235
2024-05-22,scroll,13.456093097525951,8.670787570785285067,,266465
2024-05-22,starknet,0.3314153872311539,0.709134601666542059,,74133
2024-05-22,zksync_era,6.178212318791751,1.729674890795940094,,751015
2024-05-23,arbitrum,38.48474840288832,1.840106648586464147,,2450221
2024-05-23,base,108.124688821809,0.192415127751628374,,2237334
2024-05-23,linea,12.251841209687209,1.988906981462877713,,1020964
2024-05-23,mode,0.8306665686688957,0.009136829605218528,,228824
2024-05-23,optimism,32.462877122170354,0.121744740442158432,,656576
2024-05-23,scroll,13.007005541241517,9.918337644496718274,,277572
2024-05-23,starknet,0.48341349584220394,1.321692075901506024,,84327
2024-05-23,zksync_era,6.0860827268372315,1.798861761211804142,,721675
2024-05-24,arbitrum,6.106855034718359,1.30543362751123152,,2535580
2024-05-24,base,64.38644921180438,0.138889320123518256,,2017848
2024-05-24,linea,10.21859705388314,1.402234410383249665,,946986
2024-05-24,mode,0.26892040038405485,0.006187563287169096,,219838
2024-05-24,optimism,18.815497245457543,0.085519347786731886,,530798
2024-05-24,scroll,11.393089525102672,7.258229664602276778,,291502
2024-05-24,starknet,0.24033948242578262,0.561499028971688101,,68704
2024-05-24,zksync_era,5.073453416615013,1.263347675754374025,,683403
2024-05-25,arbitrum,3.851338257613492,0.683985471951244079,,1971556
2024-05-25,base,55.7504420084134,0.083535169748691834,,1661477
2024-05-25,linea,9.19481441387438,0.824960610666654262,,973846
2024-05-25,mode,0.14051294240943238,0.003784646960075664,,225102
2024-05-25,optimism,17.54857409285887,0.063875985429681948,,461698
2024-05-25,scroll,11.048335834036504,4.322139307943870971,,323119
2024-05-25,starknet,0.12148643059059781,0.251738782656706805,,70896
2024-05-25,zksync_era,4.267164493927536,0.755731109419061642,,626627
2024-05-26,arbitrum,4.011217078679984,0.787835157747532593,,1925341
2024-05-26,base,181.06736890384,0.090348910204831752,,1858118
2024-05-26,linea,9.155403542853762,1.002535213061575944,,976350
2024-05-26,mode,0.19133453785263915,0.004346222427153096,,229528
2024-05-26,optimism,17.00199326028245,0.067901041602195515,,461876
2024-05-26,scroll,10.856605271369569,5.084169653634531621,,308746
2024-05-26,starknet,0.1606609548560105,0.391934265438504339,,69598
2024-05-26,zksync_era,4.1213362424193605,0.841461038273971791,,603149
2024-05-27,arbitrum,6.035411337167052,2.515515109691484406,,1987566
2024-05-27,base,54.599244136947554,0.245000341068419586,,1771684
2024-05-27,linea,10.42884504140659,2.398560778046010777,,880553
2024-05-27,mode,0.2938377843849289,0.011100746475189528,,231216
2024-05-27,optimism,17.855093311179427,0.182467906566648558,,500013
2024-05-27,scroll,12.425475761357852,12.854516680363483896,,290684
2024-05-27,starknet,0.4071111392228757,1.024043982898284666,,93764
2024-05-27,taiko,4.00061999099394,26.191811774067779936,,42709
2024-05-27,zksync_era,5.376270996614197,1.970695229219649476,,618623
2024-05-28,arbitrum,7.987163449189364,3.381766670378689235,,1928341
2024-05-28,base,40.87442602440228,0.288873743234752182,,1930092
2024-05-28,linea,12.290029481308121,2.890384737693590092,,1022026
2024-05-28,mode,0.32301457715777726,0.012298009689516096,,229093
2024-05-28,optimism,19.16909497531836,0.193143423472828158,,516548
2024-05-28,scroll,12.695356948503889,14.453750463409350718,,301099
2024-05-28,starknet,0.3426043397681449,1.116103781683234514,,57696
2024-05-28,taiko,0.6941559019141931,38.536893679982163823,,29049
2024-05-28,zksync_era,5.512656436766605,2.039147019769220278,,628470
2024-05-29,arbitrum,7.755037235976478,3.330123488844290275,,2570001
2024-05-29,base,26.721104348269964,0.29656147427911077,,2186184
2024-05-29,linea,10.780749529943673,2.056472894157195623,,1010329
2024-05-29,mode,0.22513473351440463,0.010853860748950896,,222867
2024-05-29,optimism,14.052700503506893,0.150527560388081655,,523386
2024-05-29,scroll,12.429855781139501,11.120020372657841018,,321373
2024-05-29,starknet,0.2310600503986446,0.633186948803329876,,47690
2024-05-29,taiko,1.598972069004816,32.856310720455822263,,55798
2024-05-29,zksync_era,5.570740089822131,1.72595870170038467,,662067
2024-05-30,arbitrum,6.634814313175096,2.915396139716809734,,1845785
2024-05-30,base,39.74434667593445,0.277169052975679806,,2269864
2024-05-30,linea,10.530034414233786,2.219977177731022282,,963112
2024-05-30,mode,0.2684545184183874,0.009492055335371232,,189950
2024-05-30,optimism,10.044137475181133,0.118267470267867099,,523907
2024-05-30,scroll,13.047562057692184,12.141072591604542479,,325273
2024-05-30,starknet,0.2608409108085186,1.183033882810284443,,51723
2024-05-30,taiko,0.17658051167932373,38.926864423946171712,,51688
2024-05-30,zksync_era,5.167535789518085,1.075351791212551107,,636778
2024-05-31,arbitrum,7.075419420709363,2.770903416047673263,,1953919
2024-05-31,base,26.66204699012761,0.274940952245572746,,2279623
2024-05-31,linea,10.879401812379783,2.235654972301835432,,1055452
2024-05-31,mode,0.40518316467813015,0.010300274606809392,,202161
2024-05-31,optimism,4.828805303989624,0.102155617550415774,,488481
2024-05-31,scroll,15.63412967739487,13.758900230376645749,,361847
2024-05-31,starknet,0.2942213796842216,0.923463327369488892,,59224
2024-05-31,taiko,0.09804184173038116,35.42476897581072286,,51812
2024-05-31,zksync_era,4.767250976043732,1.494226132232963288,,609800
2024-06-01,arbitrum,4.497881600867139,1.51887085011114866,,1911638
2024-06-01,base,25.0880559801548,0.182467763971081968,,2108022
2024-06-01,linea,9.951671616439283,1.248433461502150131,,809914
2024-06-01,mode,0.14769246134870911,0.005648293246402368,,191771
2024-06-01,optimism,3.8503270413452513,0.07340078792254008,,444499
2024-06-01,scroll,10.177935648141384,6.073651012727140157,,282647
2024-06-01,starknet,0.13025744713044274,0.508647509365475237,,55579
2024-06-01,taiko,0.618774726057981,25.906983854481463352,,51723
2024-06-01,zksync_era,3.7290788359340876,0.779461604698551318,,543959
2024-06-02,arbitrum,7.679509539882543,1.842785338145333576,,2009197
2024-06-02,base,36.37355390871959,0.22098442760609721,,2233869
2024-06-02,linea,10.049875122188329,1.651091355985043342,,880541
2024-06-02,mode,0.15074431464122007,0.006313648108968504,,187392
2024-06-02,optimism,6.143041550191428,0.080911584759745614,,420882
2024-06-02,scroll,10.446384361637518,7.628574824510841974,,292041
2024-06-02,starknet,0.1999679277196082,0.558046231569774338,,61553
2024-06-02,taiko,0.7326690812518307,28.513048814762912134,,58611
2024-06-02,zksync_era,4.36171638587739,0.978019715996386069,,662283
2024-06-03,arbitrum,5.939354695954036,2.579623140714365409,,1865179
2024-06-03,base,31.920145539832347,0.299489114627194746,,2527644
2024-06-03,linea,13.72819662255551,2.380804671576955968,,1101149
2024-06-03,mode,0.18210564671326282,0.0086964157605198,,179551
2024-06-03,optimism,11.364739388500256,0.153591681935564897,,515757
2024-06-03,scroll,13.498421268468054,12.458830406487396194,,341972
2024-06-03,starknet,0.29782973565780363,0.721019704146241428,,64029
2024-06-03,taiko,0.21228719694915774,36.695555079430964923,,59772
2024-06-03,zksync_era,4.851835813245733,1.381156123390115723,,637217
2024-06-04,arbitrum,5.334678954746392,2.115449936533261673,,1896617
2024-06-04,base,37.717972536950384,0.29262747490198134,,2706252
2024-06-04,linea,13.71318733534207,0.762459860690221055,,1102855
2024-06-04,mode,0.3843528173990923,0.007732823448007824,,198223
2024-06-04,optimism,15.374338464405268,0.131669617352340649,,535602
2024-06-04,scroll,11.90450598162166,8.841382714334143506,,318556
2024-06-04,starknet,0.4096080326617533,0.706362715407022565,,111981
2024-06-04,taiko,0.2579686243843718,31.463645249681806068,,53770
2024-06-04,zksync_era,4.354591779139092,1.077190901974665828,,597744
2024-06-05,arbitrum,6.121815950920112,3.127427727800843507,,1644358
2024-06-05,base,50.42314695101644,0.471694194357057046,,2929830
2024-06-05,linea,10.79523508212305,2.328608714445994404,,649917
2024-06-05,mode,0.26940374793867994,0.010332505025518248,,197424
2024-06-05,optimism,18.18791234497024,0.211779372871627783,,479926
2024-06-05,scroll,12.525466134088198,14.594093665577093715,,297078
2024-06-05,starknet,0.5523174789138311,1.511121587468176987,,101583
2024-06-05,taiko,75.18281958383373,49.068098365246511654,,554780
2024-06-05,zksync_era,5.301645052767993,2.305528492092799592,,571233
2024-06-06,arbitrum,8.181830113151543,3.90674932090739989,,2050698
2024-06-06,base,66.07151807940181,0.485288652634427162,,2927889
2024-06-06,linea,8.987976678055706,0.84465244085151224,,604224
2024-06-06,mode,0.2974981966124653,0.010713109773460632,,195899
2024-06-06,optimism,18.09785557493257,0.235976035947551267,,514048
2024-06-06,scroll,12.67342006700295,15.040768724625700362,,282508
2024-06-06,starknet,0.4335640845503544,1.173849871270720235,,65100
2024-06-06,taiko,6.8656946940488055,56.890719826717407132,,416648
2024-06-06,zksync_era,4.489892965345147,3.012528758441836665,,515332
2024-06-07,arbitrum,36.63956687089049,3.222786784806714633,,1808637
2024-06-07,base,39.8339375353197,0.39343978032349014,,2891548
2024-06-07,linea,6.778172929271494,0.563255361766896816,,526055
2024-06-07,mode,0.3368875945439279,0.009335967973764096,,154780
2024-06-07,optimism,31.72916408151135,0.194833242025065413,,506175
2024-06-07,scroll,12.431667951720911,11.877241691326392325,,289049
2024-06-07,starknet,0.639815365384016,0.862853714427707433,,74868
2024-06-07,taiko,1.0175045403986593,29.579099143867040616,,168103
2024-06-07,zksync_era,4.092519589653651,1.772504252014095374,,491294
2024-06-08,arbitrum,4.651613769135485,1.558391292749899843,,1960767
2024-06-08,base,26.52712772279574,0.171881899321263954,,2473743
2024-06-08,linea,4.655346875293062,0.284548334182451268,,455520
2024-06-08,mode,0.15490212003671974,0.004149299664897072,,147009
2024-06-08,optimism,17.350679011187847,0.102403079465932879,,437741
2024-06-08,scroll,10.28910231899551,5.96676537079894963,,273339
2024-06-08,starknet,0.18964939314016868,0.562677618695430511,,61636
2024-06-08,taiko,0.5594098290405418,9.719594371457923311,,103282
2024-06-08,zksync_era,2.915962552293748,1.126544730505901623,,445584
2024-06-09,arbitrum,4.383775805254749,1.462711452787693041,,2030749
2024-06-09,base,29.70999736347525,0.205303777456647084,,2618414
2024-06-09,linea,4.484074686451562,0.262959167484039288,,449983
2024-06-09,mode,0.37202152541110345,0.0050397058680618,,204808
2024-06-09,optimism,16.23445333992751,0.091722690384573442,,403235
2024-06-09,scroll,10.695145220677865,5.437394460436186766,,297016
2024-06-09,starknet,0.13768265807400482,0.420906231371350076,,49930
2024-06-09,taiko,0.49073051110898114,10.666802668040409011,,99742
2024-06-09,zksync_era,2.80487592439538,0.941996969085136657,,474287
2024-06-10,arbitrum,4.558424750836317,1.915615101268939021,,1715161
2024-06-10,base,47.69197649760924,0.303758977219403562,,2784043
2024-06-10,linea,4.451600644207827,0.323703924153124106,,430237
2024-06-10,mode,0.16392864727124892,0.007221983691020232,,209975
2024-06-10,optimism,16.27669018133074,0.173536717653018089,,498386
2024-06-10,scroll,9.991306826784827,7.422897057845807083,,265651
2024-06-10,starknet,0.18871341751627416,0.664229064724895347,,47665
2024-06-10,taiko,0.6643667318863442,19.833649201751269374,,115379
2024-06-10,zksync_era,3.9554360420914634,1.884338560227834949,,490195
2024-06-11,arbitrum,12.098367800131667,3.114550168305762367,,2316155
2024-06-11,base,45.172116247573086,0.39597851369322777,,2889404
2024-06-11,linea,5.673201925017265,0.408963697023159435,,418086
2024-06-11,mode,0.30893256770727984,0.009277971896320416,,211180
2024-06-11,optimism,21.185396930246636,0.273375710325579216,,534180
2024-06-11,scroll,12.297016282080643,11.09535917840461402,,282530
2024-06-11,starknet,0.36523793491904727,1.382222065539812604,,51137
2024-06-11,taiko,0.3318616799412899,23.733296796820225135,,141618
2024-06-11,zksync_era,4.636144841076596,2.069448163453707342,,783072
2024-06-12,arbitrum,10.677479924005866,3.569584164968141407,,2065064
2024-06-12,base,203.528878894023,0.45031419994707489,,3100819
2024-06-12,linea,7.2960809499613255,0.544947868214036118,,456734
2024-06-12,mode,0.3466165518916451,0.011517607455920088,,214865
2024-06-12,optimism,12.50628363070069,0.328488422121543836,,560364
2024-06-12,scroll,13.473240906397876,13.997969401639188161,,291811
2024-06-12,starknet,0.42353302274430243,1.455667751199182301,,61244
2024-06-12,taiko,0.607082759534739,28.808554516720874927,,615874
2024-06-12,zksync_era,3.3241841815187723,1.797721140945461644,,552496
2024-06-13,arbitrum,8.93528016886181,3.244842559467220666,,2218849
2024-06-13,base,48.7389737130616,0.40755313636016202,,3104603
2024-06-13,linea,6.781917377750874,0.512809854601814038,,530942
2024-06-13,mode,0.2344954616655056,0.011591761155097608,,206531
2024-06-13,optimism,5.608418750113426,0.249100162918170204,,550021
2024-06-13,scroll,13.98297181095096,12.320291897740526525,,306964
2024-06-13,starknet,0.4417986052026585,0.955275089289612013,,70632
2024-06-13,taiko,0.7405386595979047,25.614885725648568356,,968256
2024-06-13,zksync_era,2.8702744632746517,1.304073816709436701,,509313
2024-06-14,arbitrum,9.56572945181867,2.18408083092722148,,1975292
2024-06-14,base,36.49038770345896,0.293436643913536278,,2925010
2024-06-14,linea,5.3532497707759,0.332485565045569339,,442628
2024-06-14,mode,0.19327170438670388,0.006930699439631664,,181498
2024-06-14,optimism,5.712815420532823,0.194215316948969396,,527551
2024-06-14,scroll,12.664742143945215,9.045056158334649388,,305282
2024-06-14,starknet,0.5017072235699285,0.850177523187975878,,102265
2024-06-14,taiko,1.1277585300144888,19.761166108680717081,,639384
2024-06-14,zksync_era,3.391227793073063,1.539340452074506445,,537002
2024-06-15,arbitrum,3.808391533386872,0.998234333714920741,,1794394
2024-06-15,base,26.66100866923803,0.175346049686233798,,2859640
2024-06-15,linea,4.089911160972322,0.14924066105482515,,392735
2024-06-15,mode,0.11812830562733188,0.004246340338824552,,176937
2024-06-15,optimism,5.915066614381953,0.100459646584818204,,504749
2024-06-15,scroll,11.031470298878077,3.90978967642031952,,294494
2024-06-15,starknet,0.14684842705885756,0.383565079943236149,,69567
2024-06-15,taiko,1.2890667342602375,11.212683380601410996,,956770
2024-06-15,zksync_era,2.826684960275826,0.620752971089472224,,530134
2024-06-16,arbitrum,4.882387391974168,0.817533829618635584,,1782169
2024-06-16,base,30.124944359781992,0.151882196127657492,,2845160
2024-06-16,linea,3.8298718245770527,0.102447408945850891,,347496
2024-06-16,mode,0.1228064113194331,0.003866166291794664,,197115
2024-06-16,optimism,3.091038213262454,0.067328878712783504,,423831
2024-06-16,scroll,10.982356033050618,3.212329617780527511,,284196
2024-06-16,starknet,0.13442151328829827,0.206181684901480725,,70544
2024-06-16,taiko,1.2039443211117786,9.534538758555338331,,1007411
2024-06-16,zksync_era,2.6233583858362133,0.435366814673685155,,595797
2024-06-17,arbitrum,6.382035995906382,1.714532706549624873,,1955080
2024-06-17,base,31.25350446684015,0.714859140044940504,,3053922
2024-06-17,linea,4.9904313368349325,0.319012824776259338,,412144
2024-06-17,mode,0.16515987643210717,0.012446244929774064,,173495
2024-06-17,optimism,11.495593091097012,0.252742934163656472,,532231
2024-06-17,scroll,11.029034969355298,5.900212224101929484,,265010
2024-06-17,starknet,0.7450588360434334,1.04001639990286632,,160064
2024-06-17,taiko,1.2858001651895403,14.347929559498311502,,910669
2024-06-17,zksync_era,16.06424503744695,7.832776857400108499,,1885300
2024-06-18,arbitrum,33.732610752508,2.283419826227632867,,2190793
2024-06-18,base,37.615972351960885,0.285148613028019398,,3161839
2024-06-18,linea,5.726602535043507,0.245282452973561225,,423364
2024-06-18,mode,0.24680056244415607,0.00622545613047072,,172704
2024-06-18,optimism,23.82899183991455,0.20161061760313392,,567315
2024-06-18,scroll,13.241056289508364,7.760918889384053279,,302760
2024-06-18,starknet,0.7840080435480256,1.37039611752474074,,156932
2024-06-18,taiko,1.132132542845935,17.127032853186199887,,977558
2024-06-18,zksync_era,7.031100432951736,3.038441116964530899,,1181724
2024-06-19,arbitrum,5.764460780530741,1.721947519606047997,,2289885
2024-06-19,base,28.273266153187578,0.270673063715360694,,3180439
2024-06-19,linea,5.09710224999443,0.219984801929239963,,423996
2024-06-19,mode,0.30384300016847526,0.005664925686946416,,176016
2024-06-19,optimism,20.234246533277627,0.161405267675625332,,479444
2024-06-19,scroll,12.87346162926943,7.554010238827360839,,314806
2024-06-19,starknet,0.9938823383057336,1.619793054029459078,,116379
2024-06-19,taiko,1.1644523074525135,14.47779471500443818,,1018941
2024-06-19,zksync_era,3.995618622275321,1.235967139187040382,,792170
2024-06-20,arbitrum,956.239899459278,47.434855251926346312,,3500292
2024-06-20,base,69.90675516455903,120.500031952467863658,,3371875
2024-06-20,linea,9.147279680607765,0.102108752466695737,,471851
2024-06-20,mode,1.1567921498201397,0.961249126906182588,,149375
2024-06-20,optimism,59.30718618123677,52.410771422568440804,,828881
2024-06-20,scroll,23.806485320461846,10.549907468792944584,,342128
2024-06-20,starknet,2.9200132244847485,1.438022309211435217,,82825
2024-06-20,taiko,1.026568852643198,48.644509594140949276,,1047826
2024-06-20,zksync_era,4.814074751084251,4.152289905028911608,,681451
2024-06-21,arbitrum,14.597324967877933,2.10037363091143741,,3176831
2024-06-21,base,34.09577966690475,0.207563839705665812,,3206544
2024-06-21,linea,5.540718869245297,0.443419801371032087,,514700
2024-06-21,mode,0.16241462110059435,0.008304117066400008,,139256
2024-06-21,optimism,19.257021374357983,0.141917157308648768,,698094
2024-06-21,scroll,18.249606535078158,4.823366630412705545,,375841
2024-06-21,starknet,0.21837102385908969,0.338745124599958734,,82349
2024-06-21,taiko,1.105153504541451,9.852641811170610855,,1024347
2024-06-21,zksync_era,2.9932868422486227,0.77361084834374682,,667106
2024-06-22,arbitrum,3.773243551806006,0.990606770146418836,,2516427
2024-06-22,base,14.82560721151071,0.107322226467074496,,2754661
2024-06-22,linea,4.678801485351591,0.134799933571132781,,492913
2024-06-22,mode,0.147520081276052,0.0047899207856032,,129451
2024-06-22,optimism,16.52352589347681,0.091176048580288296,,502149
2024-06-22,scroll,18.851663914306304,2.557386874900447593,,399683
2024-06-22,starknet,0.08089300986110463,0.195327209955724371,,58937
2024-06-22,taiko,1.5669764186913993,6.481716328701771525,,1651204
2024-06-22,zksync_era,2.289488749609943,0.365999314182083613,,542984
2024-06-23,arbitrum,3.500014014062896,0.849106759966460718,,2029896
2024-06-23,base,14.732075790828832,0.118916868698317084,,3077110
2024-06-23,linea,4.67240749646201,0.108486247308079257,,457079
2024-06-23,mode,0.086745937061163,0.0047537483938702,,128514
2024-06-23,optimism,16.602086342425352,0.091376158360864,,479347
2024-06-23,scroll,19.19170272792317,2.858171858265933661,,414984
2024-06-23,starknet,0.09597072788151029,0.185179238869976535,,58756
2024-06-23,taiko,1.7015351412809232,6.384349635590819816,,1657693
2024-06-23,zksync_era,2.0494952072655535,0.335645734884857729,,475737
2024-06-24,arbitrum,16.173068851579394,1.751497666697995099,,2570336
2024-06-24,base,32.68178317838437,0.207711284250185494,,3307536
2024-06-24,linea,5.987166679745375,0.181712731902961731,,467843
2024-06-24,mode,0.2218690725735014,0.008659657572970568,,131955
2024-06-24,optimism,24.654851069081904,0.146547496137204004,,529294
2024-06-24,scroll,15.458792292712051,6.671606102296881604,,382589
2024-06-24,starknet,0.2584578287301204,0.569020501930835997,,89777
2024-06-24,taiko,1.8042110752598308,11.834309796756354192,,1427546
2024-06-24,zksync_era,2.6038420755736746,0.682588862432567095,,537127
2024-06-25,arbitrum,4.130435635006306,1.622824029859836461,,2447393
2024-06-25,base,27.57054840965209,0.184387798887589592,,3461838
2024-06-25,linea,5.36979516751755,0.184462951566148046,,486350
2024-06-25,mode,0.21947587941414412,0.006286170539624032,,89824
2024-06-25,optimism,17.598207613997225,0.13905307835535356,,459782
2024-06-25,scroll,13.843755973217148,5.398230294732119043,,357697
2024-06-25,starknet,0.16201190606596033,0.356792036044434405,,67949
2024-06-25,taiko,1.986346837309576,11.267686622291878025,,1452098
2024-06-25,zksync_era,2.297148672294683,0.56113141287424337,,506777
2024-06-26,arbitrum,4.130203231476752,1.594304468350264636,,2264637
2024-06-26,base,31.04371947831901,0.203189710219155888,,3437159
2024-06-26,linea,5.374298271546804,0.16975293539232539,,481913
2024-06-26,mode,0.25090452663130436,0.007983962922547704,,132222
2024-06-26,optimism,14.585280456431857,0.136537708744428528,,436595
2024-06-26,scroll,13.414634874380715,5.177542752287383968,,342318
2024-06-26,starknet,0.15991615112080926,0.381362589769914549,,65808
2024-06-26,taiko,1.9438529885525346,11.294285192092931109,,1435950
2024-06-26,zksync_era,2.1757819189896215,0.579317614276638169,,491195
2024-06-27,arbitrum,31.240593077524704,2.102563420269062944,,2536370
2024-06-27,base,62.66189477072048,0.25952862804160769,,3639143
2024-06-27,linea,5.279957557548069,0.202826154683492794,,499762
2024-06-27,mode,0.6728655200035546,0.009853910081441456,,131654
2024-06-27,optimism,4.969262636912642,0.133813934945568952,,469157
2024-06-27,scroll,14.427453967527974,6.94856210742635311,,340530
2024-06-27,starknet,0.33509206160509564,0.693658705430551005,,75220
2024-06-27,taiko,2.010314787674405,11.108141439972405971,,1687793
2024-06-27,zksync_era,1.9987107755412432,0.618873891693739795,,433732
2024-06-28,arbitrum,4.994440860551836,1.247654422170138929,,1996635
2024-06-28,base,27.462709037849,0.169333510442727474,,3500992
2024-06-28,linea,4.4358213102047355,0.152141843375633559,,443028
2024-06-28,mode,0.29234850109957955,0.006676990522028696,,130666
2024-06-28,optimism,4.921752419794512,0.084832412161618464,,453697
2024-06-28,scroll,15.965288156864023,3.817677408700404003,,364957
2024-06-28,starknet,0.1708074541560441,0.40448533432256946,,85161
2024-06-28,taiko,1.3431058807172667,9.000553127667606915,,1600825
2024-06-28,zksync_era,1.7799202152833216,0.367649775244604596,,408717
2024-06-29,arbitrum,3.10992781037014,0.626730101617741794,,1538552
2024-06-29,base,22.90715105422461,0.102701077674888802,,3223656
2024-06-29,linea,3.752552398164114,0.086165620262642712,,410770
2024-06-29,mode,0.27673625050455275,0.003960190355501488,,126332
2024-06-29,optimism,3.1602845563099806,0.053677082681838896,,409170
2024-06-29,scroll,12.019895630669154,2.201278398917702986,,339911
2024-06-29,starknet,0.09939870743462631,0.190897960888639963,,69999
2024-06-29,taiko,1.843032945710282,6.236517962377001648,,1915089
2024-06-29,zksync_era,1.5335287409996234,0.19724486991816187,,365101
2024-06-30,arbitrum,3.890609506966868,0.808212886769735537,,1771261
2024-06-30,base,17.270948192905447,0.1269349441168413,,3006214
2024-06-30,linea,4.031217365743233,0.105891212854782092,,406787
2024-06-30,mode,0.11578104331214971,0.004681812550071936,,119992
2024-06-30,optimism,3.575414546879294,0.063665295826621212,,418778
2024-06-30,scroll,12.169639073944433,2.686690480820219255,,341890
2024-06-30,starknet,0.1110115860560791,0.160135605511217784,,66958
2024-06-30,taiko,1.8862983802720656,7.415220514850640876,,2193070
2024-06-30,zksync_era,1.559899194331587,0.226184008964449193,,360216
2024-07-01,arbitrum,5.145757532271428,1.405828370989283076,,1989110
2024-07-01,base,29.15038048224713,0.193951018741620012,,3166685
2024-07-01,linea,6.162920723696038,0.155662667787100883,,670592
2024-07-01,mode,0.19571302190751905,0.007256044801966456,,126605
2024-07-01,optimism,10.2864133038548,0.122350086586488024,,429922
2024-07-01,scroll,12.816018737329909,4.882769645503655719,,323965
2024-07-01,starknet,0.19835415402329937,0.433888177382682832,,76079
2024-07-01,taiko,5.304590290099043,12.913074490757016626,,1135640
2024-07-01,zksync_era,1.6851597012510546,0.397346343865934072,,364479
2024-07-02,arbitrum,4.374857847358944,1.111328464758691578,,1781861
2024-07-02,base,18.55986010557835,0.159621361377709052,,3111159
2024-07-02,linea,8.715287791491193,0.235297065442135481,,1020180
2024-07-02,mode,0.11300379789755394,0.006357789624072384,,124837
2024-07-02,optimism,12.98525533785686,0.115880624592289984,,448361
2024-07-02,scroll,15.216444453234686,5.009613422396683624,,373202
2024-07-02,starknet,0.20384694731135755,0.329742974350568041,,90245
2024-07-02,taiko,4.849303825355033,10.904386351436719468,,873422
2024-07-02,zksync_era,1.4724219199863247,0.327362179440934224,,331208
2024-07-03,arbitrum,7.685721040800242,1.96959651115923158,,1840805
2024-07-03,base,24.60096709194378,0.286886357969469074,,3374928
2024-07-03,linea,8.952099911460618,0.23352131418692619,,919104
2024-07-03,mode,0.11998384919073779,0.01050932491134036,,125337
2024-07-03,optimism,18.08858121015053,0.196377784134766032,,459543
2024-07-03,scroll,16.743380574769215,3.851593391404023252,,287151
2024-07-03,starknet,0.3139923726738493,0.517937815055628652,,86975
2024-07-03,taiko,3.6332966792914436,16.896497653957743207,,1168961
2024-07-03,zksync_era,1.7625467597916855,0.616813256001308441,,349458
2024-07-04,arbitrum,30.323356050165707,2.045199445077131894,,2330739
2024-07-04,base,25.51855281679666,0.268384215290338559,,3234494
2024-07-04,linea,13.01013057583297,0.358639570675400164,,1450181
2024-07-04,mode,0.7399075207083724,0.01322774688526412,,117031
2024-07-04,optimism,21.451339914919377,0.175112871568460824,,503818
2024-07-04,scroll,20.40845362301093,2.180970557203201291,,265374
2024-07-04,starknet,0.42041317256595107,1.084825727471098427,,103040
2024-07-04,taiko,3.3211706516769857,14.763180029577637111,,1408431
2024-07-04,zksync_era,1.8114400685021255,0.574623173232656317,,360072
2024-07-05,arbitrum,86.07498283601052,2.548414812314354426,,2291901
2024-07-05,base,44.34337886591085,0.310971568294883047,,3125820
2024-07-05,linea,14.850510824684468,0.379446203860934093,,1297500
2024-07-05,mode,1.041134645186075,0.01540520469259956,,118372
2024-07-05,optimism,39.66841336799441,0.195016112243976308,,575849
2024-07-05,scroll,19.302545414416688,2.641467023288465771,,239506
2024-07-05,starknet,0.807316071683018,1.465457300096937971,,158676
2024-07-05,taiko,3.325159498918462,16.216050365046675535,,1310260
2024-07-05,zksync_era,2.1332916510912834,0.866951431798728401,,400169
2024-07-06,arbitrum,3.669323252301581,0.646655485637071575,,1719831
2024-07-06,base,11.640357719248346,0.111995089304872159,,2911036
2024-07-06,linea,5.5409322818023075,0.089274976203802195,,772348
2024-07-06,mode,0.08134672174717376,0.003968466647094096,,114600
2024-07-06,optimism,17.940081091033917,0.081015971187014508,,415583
2024-07-06,scroll,13.137461159984898,2.062210092862251788,,290532
2024-07-06,starknet,0.10212275550136082,0.170428224900746546,,79908
2024-07-06,taiko,3.15977845234379,6.721229466844449183,,1242512
2024-07-06,zksync_era,1.376948073782001,0.182774950658853679,,319077
2024-07-07,arbitrum,3.891121760245663,0.597267596858940942,,1893217
2024-07-07,base,13.331177600573064,0.096327434120149156,,2912097
2024-07-07,linea,6.00808653103447,0.088247179031470782,,619121
2024-07-07,mode,0.06956953080764836,0.003545852055413432,,123251
2024-07-07,optimism,17.764452397104968,0.073543797353010672,,377421
2024-07-07,scroll,11.313049883266427,1.409030304463527151,,260615
2024-07-07,starknet,0.07536387835555367,0.118204527501873853,,75500
2024-07-07,taiko,3.2535477770112697,6.069739546244102353,,1200512
2024-07-07,zksync_era,1.3757604855204906,0.166214992890001609,,334594
2024-07-08,arbitrum,16.90920987775094,1.133086777946276213,,2253853
2024-07-08,base,25.569131292889008,0.143468408773591158,,3246487
2024-07-08,linea,9.450457836386349,0.277230172735988167,,1081922
2024-07-08,mode,0.14803509995567402,0.006560164753122904,,132615
2024-07-08,optimism,19.797521885433916,0.106586503648039888,,520784
2024-07-08,scroll,16.154565804635553,4.196841325563661343,,322224
2024-07-08,starknet,0.22491404902280857,0.413855151985697865,,105364
2024-07-08,taiko,3.5665366694662914,9.186982181868930929,,1270733
2024-07-08,zksync_era,1.9115145985772453,0.355626657245633763,,383333
2024-07-09,arbitrum,6.264774450794878,1.140575957674697871,,2142088
2024-07-09,base,22.40026556524844,0.167496921108150136,,3357510
2024-07-09,linea,10.401103419702551,0.22885248454127424,,1340114
2024-07-09,mode,0.11002944392010587,0.005820276923681456,,120030
2024-07-09,optimism,18.266662232570148,0.115994715227648644,,500692
2024-07-09,scroll,16.880372408665355,4.626033393453554272,,329177
2024-07-09,starknet,0.1293933523604848,0.364277730049284002,,81666
2024-07-09,taiko,5.034348948934819,9.743489046683812216,,1295350
2024-07-09,zksync_era,1.8344180110205777,0.330851255583720982,,347339
2024-07-10,arbitrum,5.516356287195558,1.595928437844533613,,1973062
2024-07-10,base,26.79221964953901,0.196469301026938938,,3276960
2024-07-10,linea,12.51633226324039,0.238628337815648378,,1279533
2024-07-10,mode,0.12305491807118968,0.007999660406642472,,116165
2024-07-10,optimism,16.360370609533756,0.150332075219710072,,460366
2024-07-10,scroll,14.086346304291208,5.873989301576446775,,271846
2024-07-10,starknet,0.18517314500184934,0.617990048645498563,,72725
2024-07-10,taiko,4.108663470650764,13.958022896118246194,,1282965
2024-07-10,zksync_era,1.8120813999548222,0.42497766258592975,,320916
2024-07-11,arbitrum,7.63111222741546,1.468106514571873742,,2016345
2024-07-11,base,27.119818474608103,0.127579092049443289,,3421498
2024-07-11,linea,10.26292691337725,0.192393902041420968,,1221400
2024-07-11,mode,0.1521523967808819,0.006561847683389336,,100206
2024-07-11,optimism,6.080775380790334,0.0999504451744429,,484072
2024-07-11,scroll,15.764817124532973,6.259543933339595171,,323005
2024-07-11,starknet,0.16629437522974172,0.486779698338486863,,72293
2024-07-11,taiko,3.227135455854598,12.689495196085719999,,1195970
2024-07-11,zksync_era,1.7797490729119139,0.364224537772322986,,314741
2024-07-12,arbitrum,4.498323511690327,0.908645642843275905,,1891293
2024-07-12,base,20.74915562454415,0.082199171391329238,,3182389
2024-07-12,linea,8.239415412185506,0.127810896803674991,,1140502
2024-07-12,mode,0.05415361549673468,0.003836386408719328,,96864
2024-07-12,optimism,5.196453690025532,0.064150509101178256,,494753
2024-07-12,scroll,9.203189529943533,3.519179975944838351,,326091
2024-07-12,starknet,0.11810507654799261,0.292698343154070944,,72586
2024-07-12,taiko,3.394996219843337,8.50376708513146821,,1288762
2024-07-12,zksync_era,1.7587290904031423,0.232560086914325469,,285240
2024-07-13,arbitrum,3.372732373193796,0.703724882862962286,,1623148
2024-07-13,base,13.394165473999,0.078267370773827675,,3115997
2024-07-13,linea,7.998054016342339,0.088326647271912465,,1163332
2024-07-13,mode,0.06240578428166874,0.003416579240516184,,93320
2024-07-13,optimism,2.6995754038183324,0.05839085511530176,,397209
2024-07-13,scroll,9.949978159540642,2.750280552045686307,,350269
2024-07-13,starknet,0.07968013772558764,0.098020021644139854,,63199
2024-07-13,taiko,2.8762225702967648,7.045610764709199331,,1104077
2024-07-13,zksync_era,2.0736829167738002,0.161886588009977886,,271985
2024-07-14,arbitrum,3.7863283452760665,0.81231877425374657,,1694758
2024-07-14,base,17.099548324579473,0.079746666442078791,,3156440
2024-07-14,linea,7.148503821375563,0.157735483496415778,,939921
2024-07-14,mode,0.10866533667773175,0.003771351561698376,,98017
2024-07-14,optimism,4.998556005724764,0.06973928643201328,,393757
2024-07-14,scroll,37.30593589839066,4.172726382826449139,,562996
2024-07-14,starknet,0.09135084269124141,0.243463936468160843,,62151
2024-07-14,taiko,2.9722656162245786,7.871330684725548732,,1174521
2024-07-14,zksync_era,2.1580865037611607,0.208428142790516816,,273991
2024-07-15,arbitrum,6.6744231573628765,1.961935206184725736,,2013757
2024-07-15,base,27.894276744236347,0.199471085238311741,,3451216
2024-07-15,linea,12.302772193476473,0.313281660031026375,,1123298
2024-07-15,mode,0.12291874680585174,0.010134144838945776,,103683
2024-07-15,optimism,14.01034181600314,0.183147638230359396,,501229
2024-07-15,scroll,27.45856336011555,9.389997497247461256,,601638
2024-07-15,starknet,0.3086169496855605,0.496046640347221851,,83709
2024-07-15,taiko,3.0934032979992026,16.417066278834062014,,1231349
2024-07-15,zksync_era,2.8012649850018763,0.581540542523402605,,323847
2024-07-16,arbitrum,6.3491082576701565,2.00788752550505092,,1960917
2024-07-16,base,39.00791821397288,0.209268563763356173,,3444881
2024-07-16,linea,14.026338958180773,0.540635104356207726,,1395598
2024-07-16,mode,0.1400878943524209,0.009476727253722656,,110883
2024-07-16,optimism,15.782805764569543,0.184438828453518472,,562356
2024-07-16,scroll,12.89079756349011,3.34416970052956203,,417247
2024-07-16,starknet,0.3001930591488396,0.722306661276010269,,85221
2024-07-16,taiko,2.90554615473411,15.82574684238467266,,1203869
2024-07-16,zksync_era,3.1945698212808873,0.675100512527841824,,390457
2024-07-17,arbitrum,10.117905169101356,2.564485231569970173,,2250792
2024-07-17,base,33.366067466117855,0.228174987507663692,,3463341
2024-07-17,linea,11.37986012284459,0.322687490286978606,,1183784
2024-07-17,mode,0.21813599946673368,0.009843184034960792,,103522
2024-07-17,optimism,18.04900461930709,0.206860593331311032,,523193
2024-07-17,scroll,12.316118603522963,3.71624744913194071,,378149
2024-07-17,starknet,0.3650238584288806,0.610572533585576352,,80144
2024-07-17,taiko,2.867288999140774,17.311988833699036176,,1200762
2024-07-17,zksync_era,3.2336128444710788,0.72222969110343153,,370383
2024-07-18,arbitrum,14.463083718673843,3.409227778626241607,,3174941
2024-07-18,base,39.81975665302086,0.255116393296511632,,4045249
2024-07-18,linea,10.123294797701867,0.319549889294799897,,1212906
2024-07-18,mode,0.0814573856929561,0.010539486553019696,,105635
2024-07-18,optimism,17.31382884676573,0.208523273089366772,,499968
2024-07-18,scroll,12.108438718078496,3.809957355726498809,,350342
2024-07-18,starknet,0.33639148684737313,0.880074573540972065,,76767
2024-07-18,taiko,2.74726614575518,17.405174247032556168,,1199743
2024-07-18,zksync_era,2.421807923741954,0.607453804156735928,,283769
2024-07-19,arbitrum,8.211926084145183,1.789829557994431703,,2201774
2024-07-19,base,41.12989315490132,0.17802928464345556,,3951129
2024-07-19,linea,7.2074938424868265,0.26086977435834213,,1170842
2024-07-19,mode,0.11686926807745797,0.00797203112463948,,98999
2024-07-19,optimism,17.03927891370237,0.152997549295963876,,482298
2024-07-19,scroll,12.25465454422221,2.58522983130030432,,374102
2024-07-19,starknet,0.24464371332818963,0.701141415199373907,,83325
2024-07-19,taiko,2.727546441908668,12.395061661676898327,,1169469
2024-07-19,zksync_era,2.078365035359995,0.361639287602227684,,261247
2024-07-20,arbitrum,3.917404074724789,0.85697456953555051,,1664822
2024-07-20,base,50.56180749702046,0.112608854475088883,,4085783
2024-07-20,linea,7.732033614859458,0.166153755488218194,,1165900
2024-07-20,mode,1.4682315438563847,0.006759319220103072,,151065
2024-07-20,optimism,18.666057833654843,0.099372720318697324,,444906
2024-07-20,scroll,6.638268244806531,1.231785271705099052,,348859
2024-07-20,starknet,0.1037698115725063,0.281580450998242424,,64602
2024-07-20,taiko,2.8736910653686905,7.691729598955553677,,1204798
2024-07-20,zksync_era,1.8773093844162088,0.203748177687903019,,248005
2024-07-21,arbitrum,8.523412974409597,1.37897698762221387,,1626004
2024-07-21,base,47.49762676295576,0.165215635342814011,,4010535
2024-07-21,linea,10.134824007200338,0.32598359948366935,,1101483
2024-07-21,mode,0.12009735276993003,0.010881974411441232,,194684
2024-07-21,optimism,17.928482156549908,0.133520897661954212,,494711
2024-07-21,scroll,7.720234510746318,1.959294941143502334,,354064
2024-07-21,starknet,0.18983145474633162,0.328621571900771936,,68734
2024-07-21,taiko,3.084467335972477,9.93224449165326633,,1223381
2024-07-21,zksync_era,2.3357205747095424,0.366211295431597914,,292562
2024-07-22,arbitrum,5.0376334964412495,1.323651979741947626,,1735343
2024-07-22,base,38.7928007887193,0.17929707366414617,,4311206
2024-07-22,linea,7.615479691986989,0.407147792554994829,,865034
2024-07-22,mode,0.08497953540529969,0.009725203429345392,,186398
2024-07-22,optimism,18.236817070332062,0.139766205230317852,,501434
2024-07-22,scroll,6.891279037824271,1.870375891635701594,,318977
2024-07-22,starknet,0.18431463173598817,0.448703662527628122,,73167
2024-07-22,taiko,3.921202989972885,10.477845290950871372,,1282082
2024-07-22,zksync_era,2.4010275924427584,0.409579958304276518,,305386
2024-07-23,arbitrum,9.651171565932769,1.274227385752945914,,2032893
2024-07-23,base,44.87820146192887,0.16135452105276166,,3910805
2024-07-23,linea,10.88105397435547,0.547558844284526901,,1456787
2024-07-23,mode,0.11200978778076918,0.007988573484777296,,178482
2024-07-23,optimism,17.653625648470577,0.118003088771080812,,513100
2024-07-23,scroll,6.553607340434893,1.543990175913511609,,295176
2024-07-23,starknet,0.25269398972969376,0.573762207375854931,,101174
2024-07-23,taiko,3.7839539167408356,8.930069085131169323,,1329677
2024-07-23,zksync_era,2.193623123302851,0.303392400191760736,,289349
2024-07-24,arbitrum,5.100120140371788,1.017035494256980099,,1628698
2024-07-24,base,45.36209547345466,0.143013355001127471,,3342368
2024-07-24,linea,8.448539089670406,0.368447194451941228,,1236171
2024-07-24,mode,0.06396411056073437,0.006495105454169816,,148836
2024-07-24,optimism,17.18642394439143,0.114334469458065788,,418160
2024-07-24,scroll,6.289028097377111,1.307961341466988328,,298753
2024-07-24,starknet,0.15870828126037576,0.508725638735611112,,70665
2024-07-24,taiko,3.3340894521638704,8.772396267525584777,,1378886
2024-07-24,zksync_era,2.1707112697605986,0.274386148510875941,,276533
2024-07-25,arbitrum,18.12725678306569,1.184445640749142256,,2021548
2024-07-25,base,39.42805968087903,0.145550556700611288,,3747343
2024-07-25,linea,7.978519582480099,0.313212581091883801,,1108130
2024-07-25,mode,0.15293107895206234,0.00796668059426968,,167770
2024-07-25,optimism,10.737218684267676,0.0951907799286747,,495975
2024-07-25,scroll,6.43401753150995,1.375098763884038402,,296271
2024-07-25,starknet,0.20197123325085217,0.805441786863068174,,82337
2024-07-25,taiko,3.311761479157515,8.559420784213361304,,1378729
2024-07-25,zksync_era,2.1536499971127263,0.26154054423716346,,265483
2024-07-26,arbitrum,3.880146428711422,0.724953023035378276,,1614141
2024-07-26,base,23.3340056902946,0.106397204305374672,,4177428
2024-07-26,linea,6.634974406761584,0.197048000290777524,,1109190
2024-07-26,mode,0.061952484349913337,0.004968411984118712,,158476
2024-07-26,optimism,4.733351888368544,0.075096584861997024,,453184
2024-07-26,scroll,4.772341413337859,0.72921386451877485,,270121
2024-07-26,starknet,0.10281723538440056,0.20091937450488611,,75915
2024-07-26,taiko,3.330525750484578,6.412310348353106622,,1486945
2024-07-26,zksync_era,2.3333351957270256,0.230004997488219068,,281628
2024-07-27,arbitrum,6.660712374201202,0.953574477827311687,,1498875
2024-07-27,base,26.33733761156067,0.150573262194272474,,4387230
2024-07-27,linea,7.081792974523799,0.237502486177587469,,1053291
2024-07-27,mode,0.11259237892152882,0.005191151680242912,,122551
2024-07-27,optimism,4.650863677776033,0.086676169668723196,,427015
2024-07-27,scroll,5.205822137769949,1.005457417118723446,,261610
2024-07-27,starknet,0.14829986146701635,0.362957585543535692,,69215
2024-07-27,taiko,3.280210459065457,7.837107429581893441,,1399538
2024-07-27,zksync_era,1.742370608756813,0.232617424423629189,,232821
2024-07-28,arbitrum,3.080986932722285,0.485160860018235164,,1488388
2024-07-28,base,28.57469114898698,0.080027226091776639,,3646985
2024-07-28,linea,6.70435110112294,0.136873840127401562,,847388
2024-07-28,mode,0.11047145134611185,0.003441469216283768,,139751
2024-07-28,optimism,3.2526837060598206,0.052776770326527052,,348838
2024-07-28,scroll,4.064745173049147,0.442216626314403658,,262488
2024-07-28,starknet,0.056104337069748905,0.142783928287224971,,60540
2024-07-28,taiko,3.160065011057968,4.975034920319975069,,1284107
2024-07-28,zksync_era,1.7387064272114396,0.124359389249201818,,242480
2024-07-29,arbitrum,5.178332402225456,0.775403559249788067,,1917988
2024-07-29,base,33.45980139812031,0.108523505139130057,,3860046
2024-07-29,linea,6.93022216529889,0.119381847267968675,,643698
2024-07-29,mode,0.05632872521931847,0.00485563849334692,,154741
2024-07-29,optimism,5.131015812852008,0.071242083554842876,,442193
2024-07-29,scroll,5.044876700105419,0.791050148823130616,,284679
2024-07-29,starknet,0.11553758610435289,0.321964178506863681,,81289
2024-07-29,taiko,4.045690594827079,6.450352424984156808,,1437199
2024-07-29,zksync_era,2.0665606889054313,0.183291564380476799,,264331
2024-07-30,arbitrum,5.094292087734125,1.588675975700279366,,1711889
2024-07-30,base,25.145783918236024,0.21165808896081057,,3622862
2024-07-30,linea,6.165719424213063,0.048151710541635264,,544702
2024-07-30,mode,0.09201921788446728,0.009838834384741216,,151838
2024-07-30,optimism,4.276362461928944,0.136750499740264384,,407931
2024-07-30,scroll,7.9648712415196385,2.446834915866200265,,300549
2024-07-30,starknet,0.405354680642056,0.551155715378403343,,77571
2024-07-30,taiko,3.9637996467244223,13.258700554454576516,,1375394
2024-07-30,zksync_era,1.8644967838591788,0.346134433050955756,,238884
2024-07-31,arbitrum,5.445068299290297,1.700445409157622329,,1786970
2024-07-31,base,30.288074412004505,0.226439704854767113,,3667072
2024-07-31,linea,7.842369266958512,0,,627933
2024-07-31,mode,0.1086738623918213,0.010422917430052064,,153994
2024-07-31,optimism,3.880732163359234,0.126939070374632028,,427955
2024-07-31,scroll,8.692018459089603,2.340319090364572072,,287611
2024-07-31,starknet,0.30188647286374465,0.828569524621563679,,81866
2024-07-31,taiko,4.42615704963263,13.655072625997449009,,1402893
2024-07-31,zksync_era,2.2278574919237077,0.417068010875371538,,291367
2024-08-01,arbitrum,9.67609957251675,2.045039469697358669,,2022797
2024-08-01,base,29.579686514525367,0.233782309724375712,,3479532
2024-08-01,linea,7.0769719864805625,0.419689335795341849,,561337
2024-08-01,mode,0.0802119198410273,0.011285498704666,,155930
2024-08-01,optimism,10.101238439351595,0.139217010710876492,,506080
2024-08-01,scroll,7.941680637609801,2.405425464795162315,,262919
2024-08-01,starknet,0.42838696004107213,0.650840495248983815,,98710
2024-08-01,taiko,3.414207267383263,14.314376233649935214,,1352823
2024-08-01,zksync_era,2.1205867219865064,0.40528013269860296,,262232
2024-08-02,arbitrum,23.21809938415649,1.36137540593543339,,2126104
2024-08-02,base,36.653074634010025,0.153246906021307481,,3373493
2024-08-02,linea,8.827958111218424,0.300351609112533827,,761523
2024-08-02,mode,0.06710990898924787,0.007805100133111952,,160104
2024-08-02,optimism,8.217543984602251,0.09420371485933092,,495612
2024-08-02,scroll,5.945240772810454,1.462890410453772517,,265130
2024-08-02,starknet,0.3353858716102264,0.28755529720226179,,102550
2024-08-02,taiko,3.320310868986059,9.657280646575579615,,1375835
2024-08-02,zksync_era,1.8013869873241255,0.259364441520502544,,228369
2024-08-03,arbitrum,12.284976564194396,0.693250001393925203,,2090256
2024-08-03,base,23.832916377580943,0.08161048363600873,,3171611
2024-08-03,linea,5.974604993170712,0.110573033272821224,,481956
2024-08-03,mode,0.21933625827359612,0.004586307915411632,,159088
2024-08-03,optimism,6.888647143484182,0.052966945591297776,,455999
2024-08-03,scroll,4.238854428446129,0.576692305476569952,,265939
2024-08-03,starknet,0.14594277074578083,0.285939974992888181,,92123
2024-08-03,taiko,3.3632319573411764,6.087594001582843996,,1355376
2024-08-03,zksync_era,1.8124467403596607,0.130182994648975384,,247191
2024-08-04,arbitrum,59.37817618843107,1.432395426287305357,,2056256
2024-08-04,base,36.76827068051118,0.150667803740528129,,3414717
2024-08-04,linea,5.9091921454971335,0.05028500443534524,,387431
2024-08-04,mode,0.32539524973443135,0.007448799434055976,,124125
2024-08-04,optimism,16.74969947175569,0.098386165906910188,,465411
2024-08-04,scroll,5.469251906781489,1.566101296445311038,,263814
2024-08-04,starknet,0.4064791509547511,0.177575120519238527,,90875
2024-08-04,taiko,3.374399959836085,9.893495148038042473,,1358401
2024-08-04,zksync_era,2.3333492329883203,0.351758772801863348,,308506
2024-08-05,arbitrum,517.457426128589,12.091229468358825388,,2569989
2024-08-05,base,186.34248006625157,1.113526576153689858,,3523715
2024-08-05,linea,26.934615172636477,0.188966857923321752,,538152
2024-08-05,mode,5.534825933840286,0.126800014774043664,,165907
2024-08-05,optimism,117.36661812817329,0.975643677100469044,,818437
2024-08-05,scroll,30.895894247268956,17.854808557353181415,,307792
2024-08-05,starknet,4.898278448522294,11.11168329616018489,,138032
2024-08-05,taiko,3.5110207605818573,22.899355813382495101,,1052319
2024-08-05,zksync_era,6.6344699746887095,4.940392157867462606,,418264
2024-08-06,arbitrum,12.684092632686394,1.294802777390540134,,2394678
2024-08-06,base,34.22206347081032,0.133425068669140373,,3374147
2024-08-06,linea,4.799492758270607,0.077649810262272708,,434883
2024-08-06,mode,0.21561368083303276,0.007572384342744488,,150386
2024-08-06,optimism,8.252298981953231,0.087129335463539936,,597380
2024-08-06,scroll,13.334519209377707,2.003700512918756304,,461221
2024-08-06,starknet,0.21208494642330655,0.852551623747760058,,82742
2024-08-06,taiko,3.545759425718571,8.328137124967737341,,1380204
2024-08-06,zksync_era,2.62963078414839,0.365680884878441421,,344785
2024-08-07,arbitrum,10.644434640577275,1.394285456895891801,,2151766
2024-08-07,base,36.39268653774389,0.148971444629869399,,3510028
2024-08-07,linea,4.800742588355069,0.058294975050106195,,445048
2024-08-07,mode,0.12033095190522743,0.007587587493752856,,138852
2024-08-07,optimism,8.26853104738351,0.09027400800981982,,542954
2024-08-07,scroll,6.072073304667462,1.564431510660577137,,288988
2024-08-07,starknet,0.18108871669173576,0.449491295286903003,,71489
2024-08-07,taiko,3.16612921534753,9.772018047971196489,,1431944
2024-08-07,zksync_era,2.8523835509283426,0.443248622354502297,,324059
2024-08-08,arbitrum,17.2137464471294,1.565987049775258855,,1959814
2024-08-08,base,39.0027802981758,0.183878212361133549,,3607172
2024-08-08,linea,4.934169439711392,0.036759609536369679,,450751
2024-08-08,mode,0.15896099502030606,0.008564139461914064,,133275
2024-08-08,optimism,11.181755197850698,0.11789044984720288,,528049
2024-08-08,scroll,7.264123896400751,2.368257843308389743,,326086
2024-08-08,starknet,0.23139456421196997,0.556135759150076208,,71883
2024-08-08,taiko,3.328425857967821,11.468857754719460539,,1433374
2024-08-08,zksync_era,2.5528815564030465,0.436692416109306383,,298917
2024-08-09,arbitrum,8.57248766065743,1.072899331430613846,,1875503
2024-08-09,base,23.337100031205754,0.114215116100288815,,3643218
2024-08-09,linea,4.049459535578007,0.078334089194702595,,439799
2024-08-09,mode,0.07362970956211759,0.005436969343206784,,128319
2024-08-09,optimism,6.223420233184164,0.097583175218575612,,501106
2024-08-09,scroll,5.822536738856143,1.222081539653679266,,311262
2024-08-09,starknet,0.11647168157713642,0.40571327475877072,,60916
2024-08-09,taiko,3.247796962751347,8.30738642886992332,,1472897
2024-08-09,zksync_era,1.9061308552336604,0.211982441073696448,,236141
2024-08-10,arbitrum,3.3927216193867604,0.436316185910283446,,1492106
2024-08-10,base,11.55480356896205,0.06027343191480005,,3437209
2024-08-10,linea,3.5367519974808275,0.027062834430543518,,383830
2024-08-10,mode,0.14907130209626393,0.002604225858817904,,116432
2024-08-10,optimism,4.350310079400002,0.032680175919589096,,383422
2024-08-10,scroll,4.074508393065546,0.385022629902860066,,277329
2024-08-10,starknet,0.049143546739055466,0.190305825272194346,,57368
2024-08-10,taiko,3.2186304282940945,4.996736177701242042,,1451557
2024-08-10,zksync_era,1.6393403095747545,0.092182114681512365,,212100
2024-08-11,arbitrum,5.115493619439706,0.503149710234022732,,1628565
2024-08-11,base,17.739237391093052,0.06947497577698954,,3733828
2024-08-11,linea,3.386897115145241,0.02739795349080289,,368002
2024-08-11,mode,0.07604495052734378,0.00255974274502604,,93684
2024-08-11,optimism,9.261759028558432,0.043613031916682344,,418965
2024-08-11,scroll,4.08858187167063,0.463620282267648322,,270066
2024-08-11,starknet,0.05394479683679749,0.128138418767487682,,54888
2024-08-11,taiko,3.5117019290539897,5.210585739913732502,,1507445
2024-08-11,zksync_era,1.7461831873487421,0.110039364008052594,,217466
2024-08-12,arbitrum,14.922268361187196,1.39408849124199755,,2071456
2024-08-12,base,37.01313620728314,0.139454864771263031,,3906286
2024-08-12,linea,4.330408645113128,0.041865681777226485,,439595
2024-08-12,mode,0.1631147355889941,0.0053073298395212,,92045
2024-08-12,optimism,7.693910108852867,0.09710952389361086,,503094
2024-08-12,scroll,6.1360490925853455,1.568018792751184452,,306965
2024-08-12,starknet,0.226571675862911,0.708837637980803274,,84139
2024-08-12,taiko,4.0784780412065125,8.923604363669192093,,1592705
2024-08-12,zksync_era,1.870169919307862,0.255578652146936503,,230745
2024-08-13,arbitrum,5.50668700424575,0.844767103019565332,,1786125
2024-08-13,base,28.123874674805442,0.091861500824962571,,3981376
2024-08-13,linea,3.657872054617051,0.03730425081606231,,411811
2024-08-13,mode,0.2273614849679613,0.00326442408453676,,86884
2024-08-13,optimism,6.547841894370323,0.062440478151745096,,487817
2024-08-13,scroll,5.722298858938846,0.870855308511311019,,343875
2024-08-13,starknet,0.08036623077882961,0.262600256363487701,,63303
2024-08-13,taiko,4.226025434639621,6.106227058520268724,,1732190
2024-08-13,zksync_era,1.7023221113564526,0.162546599947863983,,200717
2024-08-14,arbitrum,12.383946618986906,0.890341930242615952,,1808126
2024-08-14,base,33.45444533502211,0.10967063228215895,,4057266
2024-08-14,linea,4.195547696658902,0.028388580528900156,,440242
2024-08-14,mode,0.051514218634056926,0.00384306970588604,,87019
2024-08-14,optimism,7.699225284581688,0.067420947785143748,,478451
2024-08-14,scroll,5.399727988228644,1.14686460547560527,,327951
2024-08-14,starknet,0.12881675519241279,0.438539351368416039,,69526
2024-08-14,taiko,4.172245632892793,7.050841632070848841,,1864654
2024-08-14,zksync_era,1.687987937419357,0.172444555416120691,,203320
2024-08-15,arbitrum,10.874656944069253,1.121243245824781256,,1955809
2024-08-15,base,36.27337299000715,0.131095467564557144,,4074919
2024-08-15,linea,4.085402248540656,0.048545954412162981,,439983
2024-08-15,mode,0.04953442878414661,0.004477791553791824,,88186
2024-08-15,optimism,10.57445565803234,0.077993703948442704,,501344
2024-08-15,scroll,5.165463815645797,1.339574161613858706,,275589
2024-08-15,starknet,0.12479392648269125,0.405730563384952266,,61089
2024-08-15,taiko,4.167337657088686,8.714801362208675474,,1917415
2024-08-15,zksync_era,1.8366976909625583,0.253095202943974294,,232419
2024-08-16,arbitrum,5.306883061951542,0.560684834226492009,,1634940
2024-08-16,base,23.971606997557036,0.076385003729580463,,4013332
2024-08-16,linea,3.183300995198077,0.038396917693283552,,388616
2024-08-16,mode,0.0439905754058805,0.002751521779133896,,88335
2024-08-16,optimism,7.838395367271706,0.042933265561978697,,493775
2024-08-16,scroll,4.191494896821342,0.504043420310361227,,268480
2024-08-16,starknet,0.06811642347144434,0.237563255465903904,,63351
2024-08-16,taiko,4.089228781295204,5.445995682735873541,,1870088
2024-08-16,zksync_era,1.610038611133561,0.135867080374170825,,215322
2024-08-17,arbitrum,2.31313187821098,0.337884670858447304,,1122178
2024-08-17,base,8.902845047512248,0.06307832789862882,,3996063
2024-08-17,linea,2.222208579669129,0.020437473588855652,,328686
2024-08-17,mode,0.04222610488876112,0.00220935770745268,,85072
2024-08-17,optimism,3.734146482735807,0.038900391921675757,,439702
2024-08-17,scroll,3.4636559986769777,0.342556444183690338,,241878
2024-08-17,starknet,0.02956455077006499,0.111814944063963046,,46734
2024-08-17,taiko,4.032680292880018,4.619308522322151669,,1892369
2024-08-17,zksync_era,1.4409872140286566,0.100088899799492697,,209695
2024-08-18,arbitrum,3.0222194348740445,0.382335826720033808,,1257715
2024-08-18,base,12.314310060604694,0.065106524881977197,,3848579
2024-08-18,linea,2.397706905802984,0.018590026248510103,,276319
2024-08-18,mode,0.04235900217424973,0.002311960778875968,,86088
2024-08-18,optimism,4.568895168463276,0.042105335842416923,,452005
2024-08-18,scroll,3.5241295989361316,0.37641354220961502,,250531
2024-08-18,starknet,0.04099652671203714,0.117378852394548206,,60441
2024-08-18,taiko,3.9562089787068677,4.783854611188536789,,1984758
2024-08-18,zksync_era,1.6214640884311406,0.117491956045133216,,226615
2024-08-19,arbitrum,4.234239603907001,0.510906972088607005,,1540916
2024-08-19,base,18.036804501742832,0.076761829865197,,4074738
2024-08-19,linea,3.0757946725509004,0.028974787798535999,,404337
2024-08-19,mode,0.045443632106509334,0.003236074581873976,,90025
2024-08-19,optimism,7.915342637051742,0.049447029993218354,,513031
2024-08-19,scroll,3.9488463069526074,0.497025017000055937,,254459
2024-08-19,starknet,0.09104590095814516,0.247022003238626422,,69704
2024-08-19,taiko,4.024590841548282,4.139563443965970825,,1869848
2024-08-19,zksync_era,1.7300908222209466,0.149014858935516424,,230943
2024-08-20,arbitrum,7.987601039095842,0.618965269330536707,,1772732
2024-08-20,base,21.106536165860863,0.077019935513813885,,4120255
2024-08-20,linea,2.8176653043132633,0.024690965885276224,,369644
2024-08-20,mode,0.15593327681389804,0.003439258546196384,,94675
2024-08-20,optimism,5.86258564086263,0.054079628632111034,,515917
2024-08-20,scroll,4.885103100700382,0.496794526991343597,,279349
2024-08-20,starknet,0.07880838929396916,0.197065977521958857,,62586
2024-08-20,taiko,5.405035083013212,4.754775518621131886,,2147021
2024-08-20,zksync_era,1.4348917296764654,0.109701985882931952,,196165
2024-08-21,arbitrum,8.57971312216072,0.844614969862520154,,1869803
2024-08-21,base,21.65516067809232,0.099404620258075914,,4071214
2024-08-21,linea,3.2276576386147964,0.022820153271194587,,388745
2024-08-21,mode,0.08196087939500729,0.004508004590747056,,98403
2024-08-21,optimism,5.735280947089249,0.067222392597949422,,516340
2024-08-21,scroll,4.773904554576668,0.403842620196109043,,272498
2024-08-21,starknet,0.11209648297867507,0.340971991923130978,,66062
2024-08-21,taiko,5.377249214349431,6.154957523092213293,,2197978
2024-08-21,zksync_era,1.4915020951350901,0.141460937391238381,,197728
2024-08-22,arbitrum,3.998922529117991,0.532576339139594245,,1755593
2024-08-22,base,18.155515893926882,0.069157898939800394,,3993802
2024-08-22,linea,2.9684191534195654,0.023521073553525672,,382389
2024-08-22,mode,0.06070720833534163,0.002692232033958544,,90042
2024-08-22,optimism,5.142632459083928,0.042175488439961795,,458740
2024-08-22,scroll,4.090482939467252,0.173396293019661126,,254913
2024-08-22,starknet,0.04679464335302595,0.170536825124960503,,57255
2024-08-22,taiko,4.986885206288849,4.907675525973098456,,2083737
2024-08-22,zksync_era,1.4309723175852818,0.098536185303249173,,195672
2024-08-23,arbitrum,10.427756385830788,0.667101968214241084,,1947962
2024-08-23,base,23.641110386046446,0.079203238174262926,,3979515
2024-08-23,linea,3.257457574877811,0.023245480673567879,,381209
2024-08-23,mode,0.07148369498670949,0.00337296590703512,,88722
2024-08-23,optimism,7.950775097331803,0.053706245669298783,,530762
2024-08-23,scroll,4.0627066327691415,0.226882090184100052,,263749
2024-08-23,starknet,0.17628249422801714,0.311130780451842576,,126071
2024-08-23,taiko,5.124926091396721,5.258348090753381566,,2089352
2024-08-23,zksync_era,1.5149315731959927,0.123349323131587854,,202215
2024-08-24,arbitrum,4.46342526657163,0.448642134751296776,,1718892
2024-08-24,base,15.900693683835751,0.067610569942943177,,4261499
2024-08-24,linea,2.755623350563858,0.021061406647382171,,309863
2024-08-24,mode,0.13175553562058356,0.00258762252055712,,87255
2024-08-24,optimism,6.087992954563994,0.040587499233094914,,534810
2024-08-24,scroll,3.546782642394124,0.144399487664346585,,253691
2024-08-24,starknet,0.05720676829843149,0.194104209324519817,,68419
2024-08-24,taiko,4.834976076719598,4.11707208970414345,,2086866
2024-08-24,zksync_era,1.2861839472913204,0.074331232969656833,,179178
2024-08-25,arbitrum,2.947688207448084,0.352464348468104132,,1409751
2024-08-25,base,13.08037838423797,0.059809849383794232,,4274932
2024-08-25,linea,2.45678853397731,0.016841628625160599,,323466
2024-08-25,mode,0.04222744403362431,0.002213525036334824,,80520
2024-08-25,optimism,3.942734100918015,0.03122627730995696,,492249
2024-08-25,scroll,3.2428357369755196,0.115582513586417827,,240273
2024-08-25,starknet,0.05824230219419463,0.114301769339441144,,85879
2024-08-25,taiko,4.93724041944495,2.740929198432639986,,2145424
2024-08-25,zksync_era,1.278094442732727,0.066722568430165327,,181663
2024-08-26,arbitrum,5.651886011284966,0.672579822049417248,,1968586
2024-08-26,base,17.133622566675765,0.084362567423978708,,4206767
2024-08-26,linea,2.7451797902145327,0.022784937074191291,,359827
2024-08-26,mode,0.11347423735193445,0.003304042857604256,,89885
2024-08-26,optimism,9.743050928274458,0.054196566610657177,,615339
2024-08-26,scroll,3.978080085941541,0.279634373779018303,,252272
2024-08-26,starknet,0.15003310810700246,0.195444372867107063,,112475
2024-08-26,taiko,4.954089405296123,2.888910151513987963,,2239267
2024-08-26,zksync_era,1.3740697105418143,0.107481008993580694,,190195
2024-08-27,arbitrum,25.698277404203395,0.677139084684949463,,2086844
2024-08-27,base,35.13884503918928,0.089821310263349634,,4335514
2024-08-27,linea,3.2110968429555067,0.026587083559305289,,363154
2024-08-27,mode,0.474406427210414,0.003777406772790976,,117641
2024-08-27,optimism,15.40270098902758,0.055703466718546553,,602377
2024-08-27,scroll,4.22588935781034,0.29209900196630455,,250846
2024-08-27,starknet,0.2207174637754147,0.207359743969707295,,130482
2024-08-27,taiko,5.678429639680597,3.938228762052584862,,2583760
2024-08-27,zksync_era,1.5915344611580138,0.131571812132197556,,211331
2024-08-28,arbitrum,12.870561293399176,0.640543061790351041,,2004655
2024-08-28,base,38.824532056468925,0.083684424004775835,,4253224
2024-08-28,linea,3.5288670907018886,0.024204358798010056,,410125
2024-08-28,mode,0.1254112866823411,0.00368052121754096,,121451
2024-08-28,optimism,15.205234389816322,0.052141234375659162,,567679
2024-08-28,scroll,3.6994306491416866,0.269628170016573569,,257894
2024-08-28,starknet,0.17447127219341582,0.23974806118786649,,90687
2024-08-28,taiko,5.8879884594073655,4.036060563496518651,,2836776
2024-08-28,zksync_era,1.6308032709566678,0.122972868769652032,,223253
2024-08-29,arbitrum,4.537679800884152,0.571021645152897994,,1608381
2024-08-29,base,23.590914049853993,0.084379659684289014,,4346400
2024-08-29,linea,3.192744756903018,0.022486593529442848,,401846
2024-08-29,mode,0.10987911713998073,0.003602232803510336,,123100
2024-08-29,optimism,8.85558623907757,0.045413757954477508,,583259
2024-08-29,scroll,3.425505974718288,0.260789131003178632,,241737
2024-08-29,starknet,0.09055217446746525,0.176435719925684223,,72053
2024-08-29,taiko,5.838990148393285,5.302446691084059317,,2770833
2024-08-29,zksync_era,1.5364051530913416,0.113470244549533209,,207066
2024-08-30,arbitrum,7.522988841634196,0.553810170457723771,,1705276
2024-08-30,base,30.813494665616126,0.078534620773933437,,4387115
2024-08-30,linea,3.1721252139395095,0.026167655470047623,,376030
2024-08-30,mode,0.18389416558557375,0.00331013622588048,,125119
2024-08-30,optimism,6.005959368515576,0.039496342714152536,,661052
2024-08-30,scroll,3.953421480831504,0.247240378338628261,,267828
2024-08-30,starknet,0.119069689327536,0.111091700412951121,,80478
2024-08-30,taiko,5.0551240999255045,3.526820827337969279,,2373877
2024-08-30,zksync_era,1.624872641771266,0.119635210769989031,,212425
2024-08-31,arbitrum,2.5140249114261426,0.309502321378856515,,1165244
2024-08-31,base,13.349194136673319,0.05961064068753338,,4290985
2024-08-31,linea,2.6278579361960928,0.003113538034954684,,290610
2024-08-31,mode,0.08620120213811557,0.002704976959465624,,134553
2024-08-31,optimism,2.1093100242452705,0.026266616210021772,,589039
2024-08-31,scroll,2.76425272061213,0.115263280269089979,,226208
2024-08-31,starknet,0.03663248445094169,0.075936886935797369,,60366
2024-08-31,taiko,4.953576335019144,2.906089514774266655,,2244323
2024-08-31,zksync_era,1.3451731616430906,0.06207256821641734,,182996
2024-09-01,arbitrum,4.29571785638148,0.34498874155431296,,1467511
2024-09-01,base,17.533893322143584,0.057560347716233121,,3978279
2024-09-01,linea,2.75642044516187,0,,353847
2024-09-01,mode,0.07531801896017142,0.002548059966547624,,126604
2024-09-01,optimism,4.197553339316306,0.02830328664565911,,630445
2024-09-01,scroll,3.205291203433301,0.117444050554656243,,236491
2024-09-01,starknet,0.0866729933240112,0.059878259724689185,,88054
2024-09-01,taiko,5.243550661217574,2.788745737312256113,,2207069
2024-09-01,zksync_era,2.03468020370284,0.067167729704614315,,202803
2024-09-02,arbitrum,4.421913459198163,0.920550953093642177,,1525204
2024-09-02,base,16.728807041574633,0.140736316639071236,,4222844
2024-09-02,linea,3.1722761382161364,0.195788329409708051,,396548
2024-09-02,mode,0.11161714328597461,0.005858559262145488,,130544
2024-09-02,optimism,4.809628504878505,0.076137853760211251,,653611
2024-09-02,scroll,4.893558583992586,0.621451505649011733,,281607
2024-09-02,starknet,0.19933321702066648,0.38487305076854038,,93855
2024-09-02,taiko,5.187032684098501,6.569665944024051715,,2159366
2024-09-02,zksync_era,1.6789669383108878,0.174156513214217115,,200631
2024-09-03,arbitrum,4.471948597626034,0.618935931628457608,,1459151
2024-09-03,base,17.45599169918683,0.084428618459020631,,3999040
2024-09-03,linea,3.087202434027596,0.022980419527803935,,400305
2024-09-03,mode,0.08620499823274713,0.003183988651396472,,105680
2024-09-03,optimism,4.596946163966272,0.046917572413114843,,667779
2024-09-03,scroll,4.368712473906456,0.337400855003297244,,304224
2024-09-03,starknet,0.09680157614174296,0.205877105904042104,,74692
2024-09-03,taiko,5.29614327876315,3.927021286699654772,,2346283
2024-09-03,zksync_era,1.857498290330656,0.130257164065384893,,215246
2024-09-04,arbitrum,33.95618834726104,1.016364372810497384,,1726436
2024-09-04,base,28.586055406888867,0.12692991948012875,,3967158
2024-09-04,linea,4.037587352691611,0.01151426892615253,,405193
2024-09-04,mode,0.0784290315100105,0.005599710825476336,,107717
2024-09-04,optimism,10.24485492514642,0.087469914524515845,,677624
2024-09-04,scroll,5.8088982012364,0.599593403286048173,,317611
2024-09-04,starknet,0.5548084812007417,0.424715665504863876,,144906
2024-09-04,taiko,5.338482340948056,5.835287937673923239,,2352353
2024-09-04,zksync_era,1.9611562815903059,0.217130658375459213,,222972
2024-09-05,arbitrum,5.036630809295694,1.040064962528324851,,1575652
2024-09-05,base,22.684351058615338,0.144896599049315006,,4094363
2024-09-05,linea,3.78909534876365,0.074353257300413439,,439906
2024-09-05,mode,0.09788396204603486,0.004950753248623472,,102737
2024-09-05,optimism,14.919138988845535,0.080933073335559425,,685685
2024-09-05,scroll,5.543317827193714,0.571989466808809347,,306070
2024-09-05,starknet,0.24894515674067233,0.856154385088142908,,90728
2024-09-05,taiko,5.433351215090495,5.898086461253068574,,2513672
2024-09-05,zksync_era,1.83522752516877,0.226023078522619634,,228892
2024-09-06,arbitrum,36.068237131214914,2.053238748784022823,,2263655
2024-09-06,base,37.41693746716,0.225923976842346521,,4404841
2024-09-06,linea,6.045165686242005,0.047528120710322138,,506574
2024-09-06,mode,0.12938889318925992,0.010017964986729976,,108251
2024-09-06,optimism,18.217046275653427,0.140271560272799056,,733406
2024-09-06,scroll,6.693516792517602,1.041613559754864925,,294785
2024-09-06,starknet,0.652306624157015,1.520658039217698699,,114071
2024-09-06,taiko,5.391675450238873,6.180918838147579487,,2595709
2024-09-06,zksync_era,1.944136093795449,0.394405422196893178,,215180
2024-09-07,arbitrum,3.054941561414704,0.477583355282601395,,1319781
2024-09-07,base,14.227426493349551,0.092220453036799033,,4231914
2024-09-07,linea,4.456095825666712,0.04646939002659942,,537829
2024-09-07,mode,0.05189452197502362,0.002613622514704752,,95427
2024-09-07,optimism,5.353977981439427,0.042972137128049754,,608683
2024-09-07,scroll,3.909428302421758,0.227392124240405073,,263759
2024-09-07,starknet,0.11167220253272114,0.153464264776744497,,128186
2024-09-07,taiko,5.58395417664406,2.225855430705644426,,2746898
2024-09-07,zksync_era,1.3977053188966266,0.11497931476195815,,178914
2024-09-08,arbitrum,3.710632730208215,0.420427150211132952,,1381302
2024-09-08,base,12.6162247601983,0.076979293781299803,,4038315
2024-09-08,linea,5.034248889795496,0.033411745322877272,,568372
2024-09-08,mode,0.04274379091062002,0.002268524823708824,,98124
2024-09-08,optimism,6.7678525480306675,0.037007338543590942,,589228
2024-09-08,scroll,3.7194951887862144,0.155937103439503695,,261848
2024-09-08,starknet,0.07188347370638305,0.073872900387485824,,69433
2024-09-08,taiko,5.700527913742019,1.908308430140760391,,2744321
2024-09-08,zksync_era,1.4024459386890569,0.082011191484060568,,172745
2024-09-09,arbitrum,6.6444462365662575,1.185696241205676256,,1794612
2024-09-09,base,20.59245883053098,0.158772076891222088,,4373979
2024-09-09,linea,6.230501787404874,0.060264755071881665,,630065
2024-09-09,mode,0.0661253350386359,0.004939788808802896,,92263
2024-09-09,optimism,11.589623485875528,0.097611931569414759,,624029
2024-09-09,scroll,5.630300286215344,0.64490887093372644,,314828
2024-09-09,starknet,0.18309827092281605,0.345178741112193711,,66553
2024-09-09,taiko,6.012689635455162,4.272728928324545837,,2887142
2024-09-09,zksync_era,1.305992914803522,0.174845301711474574,,156884
2024-09-10,arbitrum,6.74098454417999,1.316369094284889764,,1866580
2024-09-10,base,17.25806215737181,0.175047732617154395,,4410887
2024-09-10,linea,5.854205887995917,0.083736515400466708,,586917
2024-09-10,mode,0.06186210854654069,0.004718139867299248,,79871
2024-09-10,optimism,9.70712704043625,0.10490515510632629,,589521
2024-09-10,scroll,6.677498632859787,0.823900808834258165,,392119
2024-09-10,starknet,0.2460372309341939,0.57798945654342572,,76789
2024-09-10,taiko,6.029370772363082,5.059597812391631286,,2735291
2024-09-10,zksync_era,1.5392501692464924,0.226711063635579137,,190835
2024-09-11,arbitrum,6.063253699706593,0.878732861249564617,,1812655
2024-09-11,base,21.178133915720835,0.115908224729472673,,4688420
2024-09-11,linea,6.208161986360805,0.076725732630350662,,631637
2024-09-11,mode,0.03985398168167973,0.003602051961168824,,89490
2024-09-11,optimism,10.60099791555918,0.072499114885580713,,607686
2024-09-11,scroll,5.650806817143192,0.458971670168869807,,356063
2024-09-11,starknet,0.16413320417431704,0.120828584704070169,,92988
2024-09-11,taiko,5.9639007467723255,3.359246643209919287,,2774929
2024-09-11,zksync_era,1.6871651262240888,0.141963064310118911,,225273
2024-09-12,arbitrum,4.716164804877538,0.974955668326935473,,1628821
2024-09-12,base,21.661898296883706,0.14310935315682863,,4671536
2024-09-12,linea,5.4282002971194725,0.064624576530036501,,530855
2024-09-12,mode,0.10716784111944481,0.004108227182838608,,90160
2024-09-12,optimism,8.885599816988556,0.081260775051215216,,585329
2024-09-12,scroll,5.123740929838261,0.520878718433259305,,320862
2024-09-12,starknet,0.1376107012386643,0.213762125029380076,,69513
2024-09-12,taiko,6.002988109669554,3.655174936819926922,,2871496
2024-09-12,zksync_era,1.4984493340335838,0.18569501918695226,,166701
2024-09-13,arbitrum,4.741923857918559,0.80886021472250756,,1500924
2024-09-13,base,21.345490826738565,0.121290069607779706,,4841413
2024-09-13,linea,5.668484749401347,0.069174644509915335,,500571
2024-09-13,mode,0.03560184860523655,0.00386769933907768,,91200
2024-09-13,optimism,10.11545185227522,0.068918492581026771,,598708
2024-09-13,scroll,4.440002210218935,0.42362085984867001,,299057
2024-09-13,starknet,0.12301838923754739,0.141154202881433874,,72749
2024-09-13,taiko,6.4307308699450045,3.221600943812924189,,2848730
2024-09-13,zksync_era,1.2683504460915522,0.130936037316064083,,163410
2024-09-14,arbitrum,2.7530958532561387,0.447383202482065119,,1151570
2024-09-14,base,12.353452816520107,0.080253652074099303,,4567455
2024-09-14,linea,5.144051671300106,0.049943897469006552,,531566
2024-09-14,mode,0.10346904931912902,0.002339798264428104,,76713
2024-09-14,optimism,4.839070358130972,0.04211387537841068,,548274
2024-09-14,scroll,3.535373629695232,0.215979026740596305,,276865
2024-09-14,starknet,0.0674400859836277,0.098628553072679678,,59993
2024-09-14,taiko,6.206509588576198,2.447278795913181291,,2832589
2024-09-14,zksync_era,1.1344958319123903,0.079740049431650624,,146675
2024-09-15,arbitrum,4.048131273144267,0.49529153073702029,,1258803
2024-09-15,base,17.162667125040002,0.083033660429047365,,4525568
2024-09-15,linea,4.915115720471148,0.045523932411198851,,450587
2024-09-15,mode,0.03257935012371549,0.002961265831191112,,91906
2024-09-15,optimism,7.296860552137396,0.049781748230665189,,527153
2024-09-15,scroll,3.459427196055245,0.233102903901512981,,258176
2024-09-15,starknet,0.08068412525752698,0.145834629855000083,,56958
2024-09-15,taiko,6.0974033065799915,2.573741444451348709,,2706405
2024-09-15,zksync_era,1.1702917883921828,0.076266041471153599,,149820
2024-09-16,arbitrum,4.525355884869024,1.388993089578930175,,1456912
2024-09-16,base,24.92539438073632,0.202752471549018174,,4786076
2024-09-16,linea,6.008823147514821,0.079328892716268623,,506735
2024-09-16,mode,0.06657674659524913,0.008678921779884048,,111400
2024-09-16,optimism,11.313778502379847,0.131078938369454284,,564087
2024-09-16,scroll,5.629466111895027,0.934548621775127706,,286658
2024-09-16,starknet,0.2515210534226391,0.374997901635650895,,68273
2024-09-16,taiko,6.593034710871949,5.382976374190511236,,2429926
2024-09-16,zksync_era,1.6951968420094472,0.303078806519546451,,218831
2024-09-17,arbitrum,6.127670508669007,1.715796963001719225,,1432117
2024-09-17,base,21.249372208081837,0.219612592026661689,,4413171
2024-09-17,linea,5.250812699317093,0.051062365858155387,,428763
2024-09-17,mode,0.0910113573158709,0.011066349154580552,,126618
2024-09-17,optimism,8.884161586544359,0.154147113159143305,,576020
2024-09-17,scroll,4.608210230597038,0.903437788709782255,,215376
2024-09-17,starknet,0.2806301595424438,0.614792830401260429,,61987
2024-09-17,taiko,1.4813023725342944,7.332855013054213244,,550057
2024-09-17,zksync_era,1.7637793955951047,0.350305042275565728,,251629
2024-09-18,arbitrum,12.1250785197588,1.821745072167555758,,1665110
2024-09-18,base,31.589234844283347,0.233608290468278024,,4863290
2024-09-18,linea,6.935459237824334,0.096960186281432352,,551483
2024-09-18,mode,0.09339058032182757,0.014093089853825704,,150643
2024-09-18,optimism,9.145054014063486,0.159917980022388404,,659831
2024-09-18,scroll,5.567677804983983,0.995433678766346208,,244605
2024-09-18,starknet,0.3221657269787078,0.562434079603428035,,75551
2024-09-18,taiko,1.6288500567960353,7.398855659653681735,,651748
2024-09-18,zksync_era,1.6445293423520722,0.346756051559621268,,205983
2024-09-19,arbitrum,7.603695160822887,3.37826209334679643,,1737870
2024-09-19,base,30.61784262313234,0.406941632208987418,,4615428
2024-09-19,linea,7.335253499517343,0.321843174896275127,,498704
2024-09-19,mode,0.15642669944438573,0.020881191558109064,,155747
2024-09-19,optimism,19.949111115686012,0.265040847459435251,,732072
2024-09-19,scroll,6.780248232772564,1.786521824871090932,,234802
2024-09-19,starknet,0.381643606301376,0.887655828065568213,,77822
2024-09-19,taiko,1.6554466764148033,12.434405677726876829,,568016
2024-09-19,zksync_era,1.8688561363907759,0.58166771477022365,,217930
2024-09-20,arbitrum,7.841080566592869,3.525718177082165447,,1945250
2024-09-20,base,37.695060490879605,0.442061872161824498,,5235855
2024-09-20,linea,3.3843237127902346,0.147172981592807595,,314707
2024-09-20,mode,0.15708862198390683,0.020885493152659992,,157634
2024-09-20,optimism,10.124500163078931,0.313701392436085762,,886601
2024-09-20,scroll,7.407004458278223,1.826586837585334735,,260772
2024-09-20,starknet,0.45380435462066265,0.899855091204424763,,70382
2024-09-20,taiko,2.020308757426172,12.074465838453302413,,728550
2024-09-20,zksync_era,2.254885934602948,0.792172197604626024,,292142
2024-09-21,arbitrum,5.714564814297351,2.769168181915097116,,1716913
2024-09-21,base,18.128948741438627,0.332721877254139576,,4906319
2024-09-21,linea,3.3056849672296575,0.342760783481206651,,280727
2024-09-21,mode,0.12451669453631177,0.014081579011046,,125560
2024-09-21,optimism,9.353455862815817,0.241526265333456539,,759261
2024-09-21,scroll,6.9628482570608865,1.558796922200256132,,267199
2024-09-21,starknet,0.46595605860775197,0.596322747345312377,,67055
2024-09-21,taiko,2.2362869860238455,11.09747866428805735,,986556
2024-09-21,zksync_era,1.7989342628836311,0.496756201233093145,,236826
2024-09-22,arbitrum,5.597148073548003,2.221757283613716327,,1670116
2024-09-22,base,25.080043738917677,0.272253139829345463,,4226996
2024-09-22,linea,8.349525715879546,0.219422714373422739,,285020
2024-09-22,mode,0.15794229480660513,0.014158604307867632,,145537
2024-09-22,optimism,6.5439860312293705,0.191989752064765868,,664518
2024-09-22,scroll,6.541441106283877,1.368127466439946936,,281028
2024-09-22,starknet,0.28694014082699815,0.680715292646304885,,67030
2024-09-22,taiko,2.145663451464454,9.146330041824979789,,1042306
2024-09-22,zksync_era,1.738404411767549,0.396090506675344687,,212574
2024-09-23,arbitrum,9.718304090729694,4.575677296798204785,,1873035
2024-09-23,base,34.89070493912575,0.535834474908613773,,4574512
2024-09-23,linea,21.541631355339895,0.659671177317760426,,356892
2024-09-23,mode,0.24744179070651656,0.031611398356449072,,177517
2024-09-23,optimism,10.168574702839036,0.354400155365894661,,743276
2024-09-23,scroll,10.009385982909196,2.720310235121305085,,280358
2024-09-23,starknet,0.5857118503298511,1.032135969601724885,,73758
2024-09-23,taiko,2.3653379642567494,16.248585494222570165,,980456
2024-09-23,zksync_era,1.9767214600528091,0.769320006123431854,,210620
2024-09-24,arbitrum,8.56858004189883,4.760488361019815556,,1784819
2024-09-24,base,36.54847022732004,0.576775878643039139,,4676058
2024-09-24,linea,4.140608360005478,0.694121851241323021,,290783
2024-09-24,mode,0.23761900775682326,0.033557164403389,,179143
2024-09-24,optimism,9.032385113711575,0.394115917491098057,,705522
2024-09-24,scroll,10.20828043227755,2.850271151576284868,,285207
2024-09-24,starknet,0.5407818482702703,1.316465797696315516,,57169
2024-09-24,taiko,2.7253678643585326,17.055396047925576196,,1313964
2024-09-24,zksync_era,2.0029648293536306,0.781014287491542965,,211692
2024-09-25,arbitrum,7.508687745451476,4.410420815432765149,,1744132
2024-09-25,base,23.892427058978456,0.555468562152427118,,4848078
2024-09-25,linea,4.798443816946832,0.316027675802523914,,293442
2024-09-25,mode,0.1582557638405728,0.021338353457379264,,125429
2024-09-25,optimism,5.922827226506447,0.37076453374077601,,771577
2024-09-25,scroll,11.476092903523945,2.93583999817925193,,319331
2024-09-25,starknet,0.7986030131762611,0.990345596693727714,,76774
2024-09-25,taiko,2.7655826744039915,16.227675476266942986,,1363482
2024-09-25,zksync_era,1.9830198105006034,0.772706980997323404,,207754
2024-09-26,arbitrum,8.560981036645792,4.393940744694333189,,1930864
2024-09-26,base,31.588549356926883,0.505474323628867767,,4750168
2024-09-26,linea,4.990070148515174,0.28410667974111908,,288108
2024-09-26,mode,0.16466089554164215,0.015374024257986608,,87505
2024-09-26,optimism,11.525354956268382,0.334470955795482848,,800232
2024-09-26,scroll,12.248422232561609,2.706744431089506617,,331623
2024-09-26,starknet,0.7589564702499402,1.36043187247193122,,89537
2024-09-26,taiko,2.8840226342078497,14.238943593522066987,,1455500
2024-09-26,zksync_era,1.9142743331363028,0.693613538897455186,,205385
2024-09-27,arbitrum,6.751776618639951,3.176657269893051643,,1800901
2024-09-27,base,33.33786332628094,0.417864942870668332,,5338386
2024-09-27,linea,4.308441421786569,0.242118115660964968,,309975
2024-09-27,mode,0.10886306970780005,0.0136997122960134,,105556
2024-09-27,optimism,8.248385262513784,0.248089017087825152,,869369
2024-09-27,scroll,11.80657580005845,2.077814242283080857,,338790
2024-09-27,starknet,0.485739788662896,1.024728983191189621,,104046
2024-09-27,taiko,2.5666714111510163,11.078612919446595343,,1207330
2024-09-27,zksync_era,1.8921355032830713,0.57442212960670691,,211189
2024-09-28,arbitrum,3.9520286216722575,1.529013859064404464,,1447692
2024-09-28,base,17.482655719128424,0.20966747616861398,,5180154
2024-09-28,linea,2.9426676158916187,0.124074226043410927,,250569
2024-09-28,mode,0.050572664133282264,0.006856643444472112,,90243
2024-09-28,optimism,8.63511868129547,0.142189320864911623,,729918
2024-09-28,scroll,6.64275565963557,0.982099368201339741,,305096
2024-09-28,starknet,0.20491551648804687,0.648400973285594488,,252944
2024-09-28,taiko,2.6396146506935816,5.881935433524148422,,1347206
2024-09-28,zksync_era,1.409502644504184,0.244337523606217683,,185421
2024-09-29,arbitrum,3.829889686051317,1.507873878487988993,,1382440
2024-09-29,base,15.986404979052143,0.215388087974276253,,5090572
2024-09-29,linea,2.9943490148734395,0.105686021082939744,,233386
2024-09-29,mode,0.07644371195384785,0.006792073851426824,,97191
2024-09-29,optimism,2.6922427821625328,0.132141411483599499,,710426
2024-09-29,scroll,6.60992881568102,1.047420055313084375,,307115
2024-09-29,starknet,0.30795906233695536,0.567994587910172746,,283978
2024-09-29,taiko,2.3620952109937123,6.566361642852526166,,1222853
2024-09-29,zksync_era,1.4553710179125456,0.248065304170627149,,185547
2024-09-30,arbitrum,6.298844030259213,2.421563799868678477,,1800037
2024-09-30,base,34.75944419882081,0.304473478709589368,,5056431
2024-09-30,linea,4.258366066338421,0.177591848336514107,,268507
2024-09-30,mode,0.08103606416841028,0.008578747668728464,,84990
2024-09-30,optimism,4.935852159723224,0.183229700829801276,,774292
2024-09-30,scroll,8.72166443158735,1.660331347569461124,,328250
2024-09-30,starknet,0.39516631438875344,0.95430203719059515,,145330
2024-09-30,taiko,2.320751632591804,9.557570459479841716,,1116607
2024-09-30,zksync_era,1.694083080536879,0.398947883121370858,,199032
2024-10-01,arbitrum,37.54789308468566,4.090340298243024564,,1860184
2024-10-01,base,55.112358940945306,0.496767727603017319,,5083658
2024-10-01,linea,5.9092618087439694,0.185124490091845792,,250031
2024-10-01,mode,0.20328997984825783,0.016120220123426552,,88661
2024-10-01,optimism,14.648264126538846,0.2956222283636629,,766549
2024-10-01,scroll,9.041008903753747,2.362456555428303528,,263896
2024-10-01,starknet,0.8723199863975868,1.528738250707191041,,94734
2024-10-01,taiko,2.462277332195718,13.542440771882965713,,1179808
2024-10-01,zksync_era,1.9234959288300657,0.654494450197381893,,172483
2024-10-02,arbitrum,7.70653590033755,2.689361382067094971,,2043819
2024-10-02,base,45.70661382271979,0.327840005418532694,,4769872
2024-10-02,linea,5.068067802571999,0.119177048538335878,,269151
2024-10-02,mode,0.09798142714138437,0.010165091309003896,,91501
2024-10-02,optimism,8.793923304937806,0.20058134829254042,,829608
2024-10-02,scroll,9.10681636580495,1.709105312609742422,,345830
2024-10-02,starknet,0.4624775699678507,0.516991436758567342,,74788
2024-10-02,taiko,4.337737665912111,8.107517436447920999,,2040541
2024-10-02,zksync_era,1.4308992466831671,0.333565026809702353,,144178
2024-10-03,arbitrum,7.655442777482784,1.979175320532263287,,2068580
2024-10-03,base,40.329414244289694,0.237800713011344895,,5519031
2024-10-03,linea,4.948376421481073,0.104651853319069574,,286921
2024-10-03,mode,0.10202391070528431,0.008290510121766544,,101665
2024-10-03,optimism,8.191383919002163,0.145892531322735372,,831045
2024-10-03,scroll,5.976863242318004,1.06535203772862953,,314110
2024-10-03,starknet,0.25323764346661665,0.284748060317186926,,73626
2024-10-03,taiko,5.196238449332396,6.27597963812469776,,2492110
2024-10-03,zksync_era,1.3250172227749186,0.247461955145566983,,146997
2024-10-04,arbitrum,4.72355435545662,1.421657790111140653,,1657713
2024-10-04,base,35.87821929415643,0.207557838474622875,,5701884
2024-10-04,linea,3.9952619650627437,0.09125894868863034,,275876
2024-10-04,mode,0.08051622516051692,0.005825411483828464,,94754
2024-10-04,optimism,4.42633739370006,0.115255609244074125,,766247
2024-10-04,scroll,5.048517807653911,0.809938505200074966,,270471
2024-10-04,starknet,0.16501123234681941,0.322509641519024453,,53864
2024-10-04,taiko,1.9485950671727494,5.512924820907890435,,783942
2024-10-04,zksync_era,1.3004674980466575,0.205394317695629384,,156739
2024-10-05,arbitrum,3.049702064109805,1.072999229071251635,,1273457
2024-10-05,base,14.633665686587367,0.156601267671947216,,4467958
2024-10-05,linea,3.186587393171295,0.075980750060172114,,273338
2024-10-05,mode,0.08426251492567204,0.004910447908899392,,90105
2024-10-05,optimism,1.873909471652154,0.10286211072879557,,695032
2024-10-05,scroll,4.29998364728945,0.63102201235516518,,226475
2024-10-05,starknet,0.09514926245712228,0.160275187537030709,,39834
2024-10-05,taiko,2.5376626813630603,5.315373164056261112,,1193449
2024-10-05,zksync_era,1.067988073171233,0.158634617567367042,,133027
2024-10-06,arbitrum,3.3250712554648216,1.406801004667034064,,1217061
2024-10-06,base,20.928124944426543,0.202279183486661779,,4316774
2024-10-06,linea,3.4140414053618877,0.075694165264220634,,222905
2024-10-06,mode,0.09218596573412291,0.007201084093387104,,83705
2024-10-06,optimism,2.1974273032950675,0.129442021862270883,,687952
2024-10-06,scroll,4.403382221542319,0.934285952572721179,,220657
2024-10-06,starknet,0.1416849279900893,0.210899742624494322,,39620
2024-10-06,taiko,1.7215872791196403,7.164800064133013419,,746197
2024-10-06,zksync_era,1.055810863030827,0.211131632026751271,,120877
2024-10-07,arbitrum,7.746677481375017,3.989080273099198701,,1573264
2024-10-07,base,44.937101460973004,0.577201083751071931,,5406092
2024-10-07,linea,4.777739072578211,0.124525347538322279,,228741
2024-10-07,mode,0.27545302135905797,0.015303191749424248,,79533
2024-10-07,optimism,4.962566006147469,0.378598927071469873,,770155
2024-10-07,scroll,6.372685322632801,2.478935216298379446,,238308
2024-10-07,starknet,1.5781784839783584,0.858359518035266578,,368162
2024-10-07,taiko,1.848566791204834,16.132617388160631988,,755553
2024-10-07,zksync_era,1.6599774561161398,0.536835406016125475,,143563
2024-10-08,arbitrum,6.327413069649287,3.652687457731858939,,1588343
2024-10-08,base,35.56049163008947,0.550096927345951495,,5744521
2024-10-08,linea,5.06594228754864,0.161747670711886114,,223496
2024-10-08,mode,0.1904095315691991,0.013492924099998888,,75730
2024-10-08,optimism,4.483346335519451,0.331029627148806089,,783763
2024-10-08,scroll,8.951411852835296,3.039565905646651444,,352626
2024-10-08,starknet,0.4331310183467167,1.244035220171733003,,67168
2024-10-08,taiko,1.7644699514910434,14.934168943798171135,,681000
2024-10-08,zksync_era,1.5116458548666836,0.551880951441068428,,154905
2024-10-09,arbitrum,8.039909996107427,4.255334277439365811,,1619316
2024-10-09,base,56.26949470613756,0.600046489442843142,,5503460
2024-10-09,linea,7.8063652840595585,0.247850418984131941,,229770
2024-10-09,mode,0.12118467414539173,0.0134960997491476,,74620
2024-10-09,optimism,5.884841467966957,0.358187424357929893,,801902
2024-10-09,scroll,10.343248814237834,3.563057049627201123,,417973
2024-10-09,starknet,0.49588832223445706,0.98615388901177089,,56635
2024-10-09,taiko,1.647163711116369,16.935154891316268186,,632279
2024-10-09,zksync_era,1.457142852897131,0.554970123709531211,,144046
2024-10-10,arbitrum,7.007133664917981,2.818127258207812837,,1884290
2024-10-10,base,66.442221516893,0.459211817470095386,,6157848
2024-10-10,linea,5.192837945491931,0.220991193973000235,,200558
2024-10-10,mode,0.08450966119030726,0.01001614925103432,,74779
2024-10-10,optimism,5.881129184699251,0.231850598588642835,,792458
2024-10-10,scroll,10.451414388283391,2.324899044681128826,,465439
2024-10-10,starknet,0.31053040112781394,0.510921456395531563,,59898
2024-10-10,taiko,1.9673913861582486,9.665198677859211576,,731097
2024-10-10,zksync_era,1.3213588146156012,0.353885887697963433,,128966
2024-10-11,arbitrum,6.992179948364266,4.032818300918768739,,1614870
2024-10-11,base,64.7977703683201,0.579358914613169394,,6062459
2024-10-11,linea,4.718053329497575,0.121440208128389884,,169364
2024-10-11,mode,0.09116131451776568,0.011193409604135528,,69144
2024-10-11,optimism,6.229427966720335,0.330166493429750563,,793476
2024-10-11,scroll,10.457694771021119,3.153013896418892534,,417468
2024-10-11,starknet,0.37388225537748576,0.652852785654494129,,48665
2024-10-11,taiko,3.710292286251528,13.115257186742628201,,1444325
2024-10-11,zksync_era,1.179418121019235,0.464241555978113817,,112669
2024-10-12,arbitrum,5.515669216665234,2.453677386013299506,,1551659
2024-10-12,base,24.597607997902372,0.415178562900969907,,6055895
2024-10-12,linea,3.9409804881797026,0.113064147334972028,,177545
2024-10-12,mode,0.09412690740649504,0.0092398465012996,,72629
2024-10-12,optimism,2.8081976760006384,0.210744447010134555,,742268
2024-10-12,scroll,7.71908593607027,1.986764697503401197,,379856
2024-10-12,starknet,0.24553954305180276,0.348806215923322979,,42199
2024-10-12,taiko,8.437900772044475,9.372648617542640486,,1630193
2024-10-12,zksync_era,1.17648442707666,0.429183334867532455,,108511
2024-10-13,arbitrum,4.547187442540587,2.131733538763710818,,1590758
2024-10-13,base,24.965016046830495,0.36182246474934254,,6189272
2024-10-13,linea,3.7540031403867857,0.117712248809066045,,166702
2024-10-13,mode,0.0934145026479735,0.008714847257768896,,90250
2024-10-13,optimism,2.8731381585285263,0.179723777871346418,,733962
2024-10-13,scroll,8.263946200549567,1.908738755975740154,,425928
2024-10-13,starknet,0.2573758647216377,0.540654587852785219,,46863
2024-10-13,taiko,4.898925461496737,8.412141392502206101,,1761705
2024-10-13,zksync_era,0.922249446710478,0.268490124918105111,,98510
2024-10-14,arbitrum,9.72079674728853,4.469839830344723933,,1946239
2024-10-14,base,53.14963528543517,0.639601111566106184,,6099537
2024-10-14,linea,4.989001362381438,0.173964313203461561,,190917
2024-10-14,mode,0.17710491021839928,0.021471470651519768,,133928
2024-10-14,optimism,8.49834162370824,0.340083006391382008,,877568
2024-10-14,scroll,13.752116659014495,4.089505044229907923,,539059
2024-10-14,starknet,0.5102612770162751,0.777191700855214036,,56012
2024-10-14,taiko,5.63216867383611,13.047019655031239995,,2106169
2024-10-14,zksync_era,1.4332099650357435,0.525084897564802304,,111602
2024-10-15,arbitrum,19.848504814704512,4.069251505628458309,,2111677
2024-10-15,base,62.94666857871502,0.568207079910709347,,5887885
2024-10-15,linea,6.414524497592427,0.149380883392797841,,204799
2024-10-15,mode,0.18304723225441136,0.0217956538450142,,143410
2024-10-15,optimism,10.961022977077866,0.291227225315814538,,943046
2024-10-15,scroll,17.54467584123458,4.183983840797983767,,698727
2024-10-15,starknet,0.7494188459471643,0.696193846546719051,,74031
2024-10-15,taiko,6.552351797973085,10.537668934573770776,,2381316
2024-10-15,zksync_era,1.6183745424021385,0.511226658411282443,,122757
2024-10-16,arbitrum,7.445102445997946,3.217529461623671939,,2080271
2024-10-16,base,47.19270898370508,0.448944400330670628,,5873632
2024-10-16,linea,5.895087282019702,0.159217198347641397,,195398
2024-10-16,mode,0.16556189850240915,0.01410510799886012,,107763
2024-10-16,optimism,6.91730936342239,0.235714457363000983,,868984
2024-10-16,scroll,16.517354662402386,3.47949036900721141,,714636
2024-10-16,starknet,0.27513943390132395,0.689111784939843328,,49068
2024-10-16,taiko,7.435551282489499,8.727308800444959973,,2597326
2024-10-16,zksync_era,1.4346006858774807,0.322548464945256469,,117511
2024-10-17,arbitrum,7.62478909228954,4.26236174956567756,,1907325
2024-10-17,base,42.44403971838088,0.639964251879088221,,6334296
2024-10-17,linea,5.6204966163156245,0.101326420650938934,,184416
2024-10-17,mode,0.3146189307176809,0.015715671975102744,,116253
2024-10-17,optimism,5.985047549736738,0.31392522254224085,,957662
2024-10-17,scroll,18.459179399320575,5.007891203823781426,,741439
2024-10-17,starknet,0.36572018885550034,0.641462938942304673,,45676
2024-10-17,taiko,7.724957149188132,11.340382933930225148,,2462732
2024-10-17,worldchain,2.5286103229259025,0.440866299037500024,,693808
2024-10-17,zksync_era,1.1965382488309992,0.506231020928997832,,124297
2024-10-18,arbitrum,7.996888654228217,4.978781632778826295,,1762646
2024-10-18,base,137.45858118355625,0.68179028765073248,,5342934
2024-10-18,linea,5.667614316418867,0.226409838631880668,,199513
2024-10-18,mode,0.7861858724347901,0.008821638822182832,,76384
2024-10-18,optimism,5.258871933150992,0.360356103982653973,,854963
2024-10-18,scroll,25.706361623843076,6.977020869991926803,,961625
2024-10-18,starknet,0.46947096314562986,1.258983375008382847,,47891
2024-10-18,taiko,7.822008716686775,12.081470741096469607,,2423410
2024-10-18,worldchain,1.3702284286542057,0.549691021259954464,,733104
2024-10-18,zksync_era,1.3820665272877877,0.599308524879422059,,123071
2024-10-19,arbitrum,7.704370822742259,2.282612347690808412,,1553072
2024-10-19,base,105.92750815083414,0.281458137170616778,,4156527
2024-10-19,linea,3.847176071498799,0.074361533192527694,,182250
2024-10-19,mode,0.40393965971243045,0.005050296831240912,,74210
2024-10-19,optimism,2.6383796881546733,0.188051015749659819,,662761
2024-10-19,scroll,5.498774827292948,1.506967815405207951,,289425
2024-10-19,starknet,0.19251794197361208,0.357590290080541525,,40328
2024-10-19,taiko,8.683910538362344,6.835405745257867394,,2763482
2024-10-19,worldchain,0.6463433538286643,0.277147913164240136,,572136
2024-10-19,zksync_era,1.2119004654427017,0.308388072577050764,,119213
2024-10-20,arbitrum,5.969842315811842,2.024563554770443622,,1825404
2024-10-20,base,27.700421042542253,0.28410784971757705,,6296283
2024-10-20,linea,4.354564755964633,0.094449032338005935,,175118
2024-10-20,mode,0.18513904182589605,0.003584995035174888,,40681
2024-10-20,optimism,3.649622929765634,0.136884641196869195,,583889
2024-10-20,scroll,4.021425313417383,1.037870388539844444,,268082
2024-10-20,starknet,0.23850510209014655,0.362913390445897597,,51841
2024-10-20,taiko,9.560759373324066,5.493688227541729836,,2785776
2024-10-20,worldchain,0.29340708365412677,0.148769533768603768,,359605
2024-10-20,zksync_era,2.4276191064654955,0.336331530166104055,,127172
2024-10-21,arbitrum,5.506188634550585,1.936643138016157257,,1874350
2024-10-21,base,40.767719783215824,0.269137507988594762,,6012634
2024-10-21,linea,4.723979261658417,0.085664860779460916,,182368
2024-10-21,mode,0.16179565046259695,0.003304508750242384,,32762
2024-10-21,optimism,5.078177761649466,0.133308534133159725,,606408
2024-10-21,scroll,3.689568259666232,0.958407059175508644,,252738
2024-10-21,starknet,0.20095346810463732,0.434246521119777267,,58389
2024-10-21,taiko,11.041452096582923,5.365302833742800429,,2941686
2024-10-21,worldchain,0.29620587351851074,0.116009842025576472,,245932
2024-10-21,zksync_era,1.2318706623334401,0.232161504839333861,,132869
2024-10-22,arbitrum,6.779148436790978,2.895917569517840292,,1841913
2024-10-22,base,46.61473945671416,1.996025624972047328,,5720143
2024-10-22,linea,5.829437976516296,0.115342203646563664,,214592
2024-10-22,mode,0.18180565407418103,0.014877769748280096,,32049
2024-10-22,optimism,4.960290393335802,0.448994200015255307,,632227
2024-10-22,scroll,33.53700466003947,8.495878630629072794,,1793058
2024-10-22,starknet,0.3958585222135544,0.603117064174044266,,134706
2024-10-22,taiko,12.595615356409796,6.581549587805003616,,3023166
2024-10-22,worldchain,0.6017044975029626,0.362737402721258896,,307028
2024-10-22,zksync_era,1.5370337460781156,0.385829547305576438,,157677
2024-10-23,arbitrum,11.164520491024932,3.004601966723647892,,2102815
2024-10-23,base,52.82547451294696,0.430572061311912537,,5917703
2024-10-23,linea,9.195271711770207,0.126091811739801358,,256890
2024-10-23,mode,0.29591262275042624,0.004724381295157784,,30430
2024-10-23,optimism,6.067866674321321,0.210118121323395911,,813430
2024-10-23,scroll,10.674233929142671,2.901711347347673994,,693729
2024-10-23,starknet,0.36801857440289115,0.704758158740682375,,61950
2024-10-23,taiko,13.790577975320424,7.972412695057594427,,3267240
2024-10-23,worldchain,0.9144580171837844,0.308526929888146664,,516173
2024-10-23,zksync_era,1.481105925922971,0.508753343286116641,,152797
2024-10-24,arbitrum,6.178040190866196,2.437866119428679678,,2117092
2024-10-24,base,59.54876599499568,0.34427047696104629,,5745467
2024-10-24,linea,10.879287325657256,0.241628375721484702,,289879
2024-10-24,mode,0.19085718572075688,0.003798526687553528,,29192
2024-10-24,optimism,3.45597526466831,0.164832178709737074,,904316
2024-10-24,scroll,6.275977365695221,1.479173369315487017,,406335
2024-10-24,starknet,0.18477993201365764,0.441229951232826466,,44667
2024-10-24,taiko,15.029222191013545,7.308159468414948495,,3548161
2024-10-24,worldchain,0.5369200985791672,0.26175438902998904,,567581
2024-10-24,zksync_era,1.269228003932915,0.346666563035042553,,142173
2024-10-25,arbitrum,28.31638067408112,2.153465003035672595,,2437110
2024-10-25,base,65.5849822303108,0.308634842336830168,,6428603
2024-10-25,linea,11.430998889649752,0.171181306010453553,,319077
2024-10-25,mode,0.15317578720004335,0.003017814702827088,,39522
2024-10-25,optimism,6.137436660129341,0.139381309685730137,,929907
2024-10-25,scroll,4.5537667118443075,1.045273827311931419,,310247
2024-10-25,starknet,0.3198619756183042,0.66335926760984427,,70288
2024-10-25,taiko,17.241545590841415,6.56210440077664997,,3593508
2024-10-25,worldchain,0.41310463572854716,0.221633702366541872,,531638
2024-10-25,zksync_era,1.4178685250096497,0.317655027047180845,,143238
2024-10-26,arbitrum,4.905215000499392,1.349057131575984175,,1998080
2024-10-26,base,45.2927826966953,0.231612366002772382,,6513692
2024-10-26,linea,7.401844043217532,0.149689957838147523,,287401
2024-10-26,mode,0.09879236747159743,0.002523446988531264,,24427
2024-10-26,optimism,4.30002314667554,0.094761078887081773,,733431
2024-10-26,scroll,3.7193115235111316,0.626473013537779341,,269753
2024-10-26,starknet,0.1857784454412141,0.254848491117194582,,52023
2024-10-26,taiko,17.616696655444695,5.767157883147936259,,3932049
2024-10-26,worldchain,0.3452171233793838,0.176008327784920696,,567244
2024-10-26,zksync_era,1.2030741966517455,0.180886490100184606,,135180
2024-10-27,arbitrum,3.680168954998638,1.214630247400620695,,1879881
2024-10-27,base,47.28822911661453,0.224083357548159418,,5997951
2024-10-27,linea,7.370705460967773,0.13748478484600509,,279602
2024-10-27,mode,0.13948739131103746,0.002542041810697448,,22176
2024-10-27,optimism,1.8429576409652861,0.095317375493348576,,655120
2024-10-27,scroll,3.052361881747561,0.597943218614824624,,218067
2024-10-27,starknet,0.11567060900352538,0.245783512882591865,,41386
2024-10-27,taiko,17.56654133361094,6.072729093008464603,,3913174
2024-10-27,worldchain,0.3374848749073746,0.182308635652476992,,552299
2024-10-27,zksync_era,1.2201898976344054,0.199990811306756583,,132653
2024-10-28,arbitrum,6.8533409344171305,2.365091439462449899,,2273529
2024-10-28,base,70.77968705468366,0.361657401666004238,,6311899
2024-10-28,linea,11.395071867100636,0.204700428675080588,,296225
2024-10-28,mode,0.14948893988959117,0.004058212092681952,,25441
2024-10-28,optimism,4.993081828737542,0.159841879665129566,,804466
2024-10-28,scroll,3.3358246167846652,1.057826034476286706,,206083
2024-10-28,starknet,0.33076410828157166,0.4466186807687905,,57628
2024-10-28,taiko,14.85678510307704,8.353156445359221489,,3552786
2024-10-28,worldchain,0.6023806759661237,0.419355350865249832,,593011
2024-10-28,zksync_era,1.7094627008754948,0.406744126142730201,,188390
2024-10-29,arbitrum,8.092695161479655,3.304659126512178981,,2270035
2024-10-29,base,75.02576340717464,1.625002686796342405,,6904909
2024-10-29,linea,14.742553228769339,0.250999561493774691,,286219
2024-10-29,mode,0.16917607360058864,0.013473017176254968,,25136
2024-10-29,optimism,4.914651317900742,0.370545312497472243,,908643
2024-10-29,scroll,3.203191629634384,1.223416684497483007,,195907
2024-10-29,starknet,11.12614057640392,2.86090548746898845,,11016590
2024-10-29,taiko,15.311841394846535,8.744599843274197463,,3605460
2024-10-29,worldchain,0.7617014874255235,0.61909056150519916,,559217
2024-10-29,zksync_era,1.7307042837416262,0.480728930104584797,,204117
2024-10-30,arbitrum,7.364804272709225,3.339085399672343752,,1838172
2024-10-30,base,60.22572906988847,1.98389923713849276,,6977287
2024-10-30,linea,13.066620384382684,0.280907562540947999,,280079
2024-10-30,mode,0.1544730306099941,0.010183570186716848,,22313
2024-10-30,optimism,5.481965622223911,0.383690267794652826,,823490
2024-10-30,scroll,3.051034492471685,1.293970001036615519,,179687
2024-10-30,starknet,0.41411417184448845,2.762506041784510265,,56941
2024-10-30,taiko,15.671731008524041,10.041969538612443234,,3744143
2024-10-30,worldchain,0.6933782952672268,0.384063767659198832,,542275
2024-10-30,zksync_era,1.5622964996675863,0.493096434592572074,,159604
2024-10-31,arbitrum,7.609863531087913,3.354692511097753377,,1840227
2024-10-31,base,72.30747717216511,4.833504294088738406,,6758593
2024-10-31,linea,12.652392113954464,0.237443546536651661,,280860
2024-10-31,mode,0.1463299219110828,0.02357428117323416,,23490
2024-10-31,optimism,5.280526267981822,0.563889749331261263,,755689
2024-10-31,scroll,2.4712067717876622,1.004750569461389217,,153910
2024-10-31,starknet,0.4530159773593728,1.601607311869747955,,58000
2024-10-31,taiko,15.477079701761703,8.78405388015251849,,3913044
2024-10-31,worldchain,0.9340845646973202,0.637992106444589592,,536088
2024-10-31,zksync_era,1.5147268950446542,0.445680318362661805,,154462
2024-11-01,arbitrum,8.847719727134045,2.716204243602963629,,1968175
2024-11-01,base,63.02207905338626,2.557732087178286236,,7056575
2024-11-01,linea,8.958053967723743,0.124115383469507694,,219916
2024-11-01,mode,0.17971849558091316,0.013663081551687352,,24048
2024-11-01,optimism,5.104958549155786,0.375014379499713163,,762709
2024-11-01,scroll,2.034308299761907,0.772854592323512787,,132617
2024-11-01,starknet,0.34707847421869603,1.271104360478451368,,59311
2024-11-01,taiko,17.123178346324266,9.280017844319387529,,4159910
2024-11-01,worldchain,0.6768240396014742,0.410939481780482208,,520595
2024-11-01,zksync_era,1.4949801293433378,0.375705668423001077,,157094
2024-11-02,arbitrum,3.601275734491255,1.405177912856013856,,1489618
2024-11-02,base,35.18896412045172,1.439435110334263137,,6647060
2024-11-02,linea,6.705137457090302,0.160001271327371603,,241052
2024-11-02,mode,0.15951895865650714,0.006524493875465736,,17042
2024-11-02,optimism,2.634308916591367,0.193328050034592756,,729692
2024-11-02,scroll,1.8482912821332254,0.437149386352837706,,99737
2024-11-02,starknet,0.15961257434721746,0.218881471315360537,,48687
2024-11-02,taiko,17.38467561712387,7.326391201188269309,,4483501
2024-11-02,worldchain,0.4542087814791518,0.215032469815680072,,513329
2024-11-02,zksync_era,0.9935565390781687,0.194985776894195702,,116572
2024-11-03,arbitrum,5.698506724590644,1.373360499213259988,,1825766
2024-11-03,base,47.496346630693736,0.933631063065469344,,6102219
2024-11-03,linea,6.621637914921064,0.11255282819934559,,231472
2024-11-03,mode,0.07191091254978875,0.0054871330505818,,20135
2024-11-03,optimism,4.079703639215746,0.151838349808269499,,843508
2024-11-03,scroll,1.6418904166553274,0.404987552787039133,,117645
2024-11-03,starknet,0.19058383385947072,0.191901292493305348,,61044
2024-11-03,taiko,17.2813628097766,7.613128850347236667,,4694552
2024-11-03,worldchain,0.34803524376300354,0.154818445057870248,,467463
2024-11-03,zksync_era,1.1273567664693225,0.17091121220703482,,134104
2024-11-04,arbitrum,10.314070289070436,2.56598253943372306,,2028959
2024-11-04,base,49.054526610516874,2.814624234246704773,,5726702
2024-11-04,linea,5.127917957998586,0.077543720130661325,,184672
2024-11-04,mode,0.5794986045149217,0.015751628400241416,,21075
2024-11-04,optimism,4.8779725722619744,0.430588890748793114,,686675
2024-11-04,scroll,1.9987165571844336,0.548221517047399127,,133375
2024-11-04,starknet,0.2719603406706175,0.268201287812580295,,52129
2024-11-04,taiko,18.46155610363714,9.605053148110330302,,5001802
2024-11-04,worldchain,0.8241631046794398,0.546794749723853952,,423225
2024-11-04,zksync_era,1.2147664569882812,0.222734248807710903,,137281
2024-11-05,arbitrum,7.133893841784653,2.277708876255217465,,1849628
2024-11-05,base,51.087861222213064,2.866255504736082073,,6958625
2024-11-05,linea,4.815921357174665,0.066572599852137804,,181475
2024-11-05,mode,0.11988200697979523,0.016859953549960728,,19200
2024-11-05,optimism,4.883332437398289,0.370014717778128383,,691017
2024-11-05,scroll,1.9078460385189737,0.639106341858670775,,122710
2024-11-05,starknet,0.29071202818739034,0.444146677588514857,,51359
2024-11-05,taiko,17.40652718384949,9.386808901019527431,,4944597
2024-11-05,worldchain,0.6595075829967996,0.470873578614661752,,324298
2024-11-05,zksync_era,1.0993389141918575,0.239304433586001578,,125819
2024-11-06,arbitrum,32.10511793392251,6.476254251431104106,,2583949
2024-11-06,base,101.96354065277396,4.535008343970662942,,7070889
2024-11-06,linea,10.79007159367695,0.10338866720988369,,220133
2024-11-06,mode,0.24412953659635914,0.020193308560900568,,25000
2024-11-06,optimism,10.981859061271393,0.796519879755844116,,879803
2024-11-06,scroll,3.36141375545301,1.88744193690102428,,130567
2024-11-06,starknet,0.9786401898218271,2.007787754150765922,,85255
2024-11-06,taiko,19.47742526898184,18.226217526186415655,,3556220
2024-11-06,worldchain,1.2856852954126472,0.874862109300711864,,386343
2024-11-06,zksync_era,1.656997886931249,0.754071969247218828,,147792
2024-11-07,arbitrum,12.85176579116611,3.456041182742044722,,2401212
2024-11-07,base,83.81430356273509,1.193892171626613759,,7369937
2024-11-07,linea,7.66253005165257,0.196295111583565795,,211316
2024-11-07,mode,0.28598860522173647,0.010898246238658688,,28450
2024-11-07,optimism,7.897107657544557,0.291887618583463527,,901258
2024-11-07,scroll,2.585993616177923,1.394576317723932994,,121764
2024-11-07,starknet,0.7209777861281819,0.888252649943003143,,94540
2024-11-07,taiko,19.301010694135307,16.37801721095457814,,3770413
2024-11-07,worldchain,0.6491818310279627,0.21156671107551588,,377565
2024-11-07,zksync_era,1.6127645858284743,0.636689441830396824,,152352
2024-11-08,arbitrum,7.973846609901891,2.379549030228268017,,2140562
2024-11-08,base,56.18472941829464,0.75770042216028547,,6390916
2024-11-08,linea,6.593009419496481,0.200318538784052616,,186976
2024-11-08,mode,0.3166873705434483,0.004877070647374816,,25588
2024-11-08,optimism,6.3524992086966385,0.214863576673462799,,936529
2024-11-08,scroll,1.9118507005010064,1.079347653648258534,,109314
2024-11-08,starknet,0.48668809034848354,1.084349441335773753,,74415
2024-11-08,taiko,20.693241436819562,14.694866515832069518,,3766918
2024-11-08,worldchain,0.5093014893355995,0.144523426138359528,,382562
2024-11-08,zksync_era,1.4196799898473333,0.497348378057374464,,138135
2024-11-09,arbitrum,7.155024197280271,2.185654399657088918,,1747481
2024-11-09,base,69.71282344149299,3.678559075433517751,,6784846
2024-11-09,linea,6.127955820072425,0.106167986574866521,,197060
2024-11-09,mode,0.14180679536653187,0.015608842220106752,,22960
2024-11-09,optimism,6.137857429005679,0.535378306626287599,,823132
2024-11-09,scroll,1.8647382909373338,0.820613536962708704,,108993
2024-11-09,starknet,0.6543530972476899,0.656809024290966941,,90872
2024-11-09,taiko,21.28936853920957,12.623541754891919014,,4631941
2024-11-09,worldchain,0.8524260908437189,0.630991220527779744,,399417
2024-11-09,zksync_era,1.304051449739896,0.339981682112441206,,130829
2024-11-10,arbitrum,17.30990186272471,4.016766800176406183,,2216768
2024-11-10,base,92.01368226120606,4.487087181869030539,,6812683
2024-11-10,linea,10.101612071299588,0.045208927383471519,,236870
2024-11-10,mode,0.2389639922946113,0.019796896850379984,,29385
2024-11-10,optimism,10.852183017102806,0.760582360015533464,,932965
2024-11-10,scroll,2.6223095654081963,1.584118214043492223,,133218
2024-11-10,starknet,1.215793596186018,1.459765419197112638,,109629
2024-11-10,taiko,20.506595491966745,16.375226720305324559,,3585459
2024-11-10,worldchain,1.2060609468312076,0.80877139759691916,,405206
2024-11-10,zksync_era,1.9749023383708662,0.74078236710007116,,176393
2024-11-11,arbitrum,25.33218490237546,7.534075090022723703,,2492071
2024-11-11,base,102.98035286741637,11.149702102305869746,,6911733
2024-11-11,linea,16.935476521252305,0.288483281045056851,,240704
2024-11-11,mode,0.44456789528057006,0.059115105899527312,,26961
2024-11-11,optimism,12.314566165944616,1.789731495101788978,,953882
2024-11-11,scroll,3.584809463733327,2.32209455794885056,,137735
2024-11-11,starknet,2.7173585797355346,2.463148048360318145,,126854
2024-11-11,taiko,20.472126252475725,22.629890616733852217,,3214290
2024-11-11,worldchain,2.874728932886472,2.393101544110163808,,433865
2024-11-11,zksync_era,2.7834071030080327,1.257873592672017538,,169619
2024-11-12,arbitrum,44.62046802711167,8.178625915321573823,,2610386
2024-11-12,base,130.04503725022454,8.016781997006464764,,7233123
2024-11-12,linea,16.204541761489097,1.521737768914160411,,233593
2024-11-12,lisk,0.02257541950010335,0.008896322925671984,,5207
2024-11-12,mode,0.3977519182413974,0.063762787984964456,,27189
2024-11-12,optimism,15.657493644632318,1.616677166749326201,,1072595
2024-11-12,scroll,3.7701985632555646,2.609325342338281146,,127932
2024-11-12,starknet,2.764816079155483,2.80230753438586494,,134200
2024-11-12,taiko,24.74050582097302,27.326854740674298388,,3266625
2024-11-12,worldchain,2.767412046363028,2.154915137667093744,,505931
2024-11-12,zksync_era,3.5816944345469,1.602101738672459486,,216795
2024-11-13,arbitrum,45.81996994311578,8.826413034340486286,,2516294
2024-11-13,base,124.08444276698779,4.843389344849038134,,6658622
2024-11-13,linea,14.328691560934887,0.227217714049948514,,207303
2024-11-13,lisk,0.022675492020191163,0.00678054238529668,,5469
2024-11-13,mode,0.5239885950324261,0.033075938280041064,,24023
2024-11-13,optimism,13.723647808060912,1.17179179460701613,,1003509
2024-11-13,scroll,3.8182907936277037,3.537602771623716889,,106270
2024-11-13,starknet,3.189035400157951,3.88720983512616004,,125551
2024-11-13,taiko,23.150435220879878,35.089315243947531564,,3291158
2024-11-13,worldchain,2.239317783983833,1.134509631564640008,,449008
2024-11-13,zksync_era,2.499533088129346,2.207431693672162652,,182786
2024-11-14,arbitrum,19.201850001100865,6.713752042847797711,,2220939
2024-11-14,base,152.45652959161345,1.529708778535624104,,6825206
2024-11-14,linea,10.740647926730036,0.385543890743019272,,208492
2024-11-14,lisk,0.025056942525511074,0.00394590939544552,,7261
2024-11-14,mode,0.2791641846278213,0.010300627956880816,,23899
2024-11-14,optimism,8.582737357195022,0.474425455392186597,,963420
2024-11-14,scroll,3.0655631282558784,2.228495181638735354,,88916
2024-11-14,starknet,2.0554341140412493,2.296359709606297693,,108924
2024-11-14,taiko,23.357679539922042,27.423454177562774435,,3248687
2024-11-14,worldchain,1.0142630002948736,0.337299899443726368,,456459
2024-11-14,zksync_era,1.9170419679286785,1.481877264130901081,,154189
2024-11-15,arbitrum,12.485408315280758,6.36965069816719984,,2352180
2024-11-15,base,159.38404997606557,8.245760336774769834,,7276449
2024-11-15,linea,9.693056370832547,0.274826922681304623,,205495
2024-11-15,lisk,0.022082332667820902,0.005458579452241808,,7625
2024-11-15,mode,0.16186647774767726,0.033311992658376784,,26084
2024-11-15,optimism,6.843446149775405,1.051565157020773036,,907323
2024-11-15,scroll,2.748516731507117,1.426463765553598681,,81535
2024-11-15,starknet,1.99379461916158,1.353707032061318549,,103713
2024-11-15,taiko,20.66019129796097,22.489108757273792321,,3832857
2024-11-15,worldchain,2.234731826141374,1.715884201172363808,,477396
2024-11-15,zksync_era,1.76990986183145,0.98569794226005995,,161821
2024-11-16,arbitrum,9.556777252335351,5.208722123826581185,,2012225
2024-11-16,base,95.11309395477929,8.886045051240999929,,6770905
2024-11-16,linea,8.549205905651606,0.224156638273636469,,197068
2024-11-16,lisk,0.019866157598184272,0.007967987842432784,,5315
2024-11-16,mode,0.23919197277741278,0.047565690284845128,,24918
2024-11-16,optimism,5.790964678130635,1.111479284277012577,,819134
2024-11-16,scroll,3.4503238358990096,0.993195164635037662,,76002
2024-11-16,starknet,1.3866283501298895,0.905316500641910424,,98636
2024-11-16,taiko,27.78913244899151,22.382081035900452234,,4652310
2024-11-16,worldchain,2.2518854701295283,2.045973119306071176,,455659
2024-11-16,zksync_era,1.4648295170762904,0.634081724173045797,,141944
2024-11-17,arbitrum,9.916969224419187,4.269074818041673405,,2050070
2024-11-17,base,103.21087907015817,5.873767930727731483,,7248248
2024-11-17,linea,7.326050555599749,0.237694079383217551,,232575
2024-11-17,lisk,0.015498146454372516,0.005118889744756832,,3698
2024-11-17,mode,0.12359137462341085,0.027666307365743936,,26351
2024-11-17,optimism,6.681325886587512,0.834639132444470882,,840055
2024-11-17,scroll,2.472560932624164,0.803680453245536021,,83346
2024-11-17,starknet,1.0467253364364018,0.699978482127254606,,98815
2024-11-17,taiko,24.860055060467474,18.413763781507594524,,4626028
2024-11-17,worldchain,1.4457625276194013,1.29765739033473528,,434425
2024-11-17,zksync_era,1.4587821679364854,0.636905884446253197,,153811
2024-11-18,arbitrum,11.72661001556862,4.335096748515345718,,2364706
2024-11-18,base,125.5343956325056,3.122495753967483135,,7521660
2024-11-18,linea,7.856246281871069,0.249835065314356219,,247307
2024-11-18,lisk,0.014271566151181588,0.003191678377617864,,4039
2024-11-18,mode,0.12787722896587772,0.019829413847416608,,38998
2024-11-18,optimism,7.233563771774856,0.559232725537963401,,928876
2024-11-18,scroll,1.9531114773818903,1.075924636097130349,,96151
2024-11-18,starknet,1.4726961083671606,0.927196133148568443,,123742
2024-11-18,taiko,21.731809739638972,17.904047038080478659,,4142883
2024-11-18,worldchain,1.044673086624181,0.702097472233417704,,498782
2024-11-18,zksync_era,1.4999754327441783,0.95780003434053779,,147248
2024-11-19,arbitrum,9.37944235142663,4.730385611783691315,,1988272
2024-11-19,base,99.88802547755301,4.45770684708790162,,7678661
2024-11-19,linea,8.341659201738862,0.228452061881457726,,233894
2024-11-19,lisk,0.016644470860829198,0.00663153182908908,,6771
2024-11-19,mode,0.20948867582838324,0.038492249635737272,,32470
2024-11-19,optimism,5.529969214202598,0.640066320738355505,,870144
2024-11-19,scroll,2.4452230218823026,1.051150349011605941,,74135
2024-11-19,starknet,1.2371729460263932,1.057664211985218872,,89496
2024-11-19,taiko,25.330625358900285,20.675378847189101925,,4353604
2024-11-19,worldchain,1.5076724182505234,1.133597271167289456,,553515
2024-11-19,zksync_era,1.3797979701656398,1.069296849139066408,,137954
2024-11-20,arbitrum,10.677611890896191,3.682617277516003078,,2026489
2024-11-20,base,90.42708576739807,2.337296350241052336,,7520833
2024-11-20,linea,8.183051932528153,0.204128194612278137,,269403
2024-11-20,lisk,0.032030857479268864,0.002476006591160872,,7933
2024-11-20,mode,0.0951605117675492,0.016187255325211744,,27735
2024-11-20,optimism,5.857421853317323,0.441116852938262773,,921260
2024-11-20,scroll,3.3912248383905346,0.907420522010169799,,77839
2024-11-20,starknet,0.9769729699418774,0.850211430865330528,,91994
2024-11-20,taiko,23.000621556825315,18.820063998285324926,,4193681
2024-11-20,worldchain,1.0270582626351303,0.690569230585188264,,550047
2024-11-20,zksync_era,1.167456928890103,0.753850948620042781,,112819
2024-11-21,arbitrum,32.0484577921499,5.198407644503213739,,2556546
2024-11-21,base,136.662143826231,3.731583446025386599,,7296812
2024-11-21,linea,8.825791203149748,0.220033549814483871,,249955
2024-11-21,lisk,0.026588826090883384,0.006518834037989112,,8034
2024-11-21,mode,0.21978095415138038,0.044876924595363592,,43517
2024-11-21,optimism,12.450655900885309,0.803503049718507541,,1073953
2024-11-21,scroll,2.3945160463843496,1.266666571131702706,,84082
2024-11-21,starknet,1.8080766333120526,1.106279010281355805,,120407
2024-11-21,taiko,20.54747248075708,20.347342147821750133,,4075351
2024-11-21,worldchain,1.5216541477723529,1.181394165644389056,,580870
2024-11-21,zksync_era,1.8028063582926155,1.279852956574673188,,143100
2024-11-22,arbitrum,13.3565779675845,4.010314929347156324,,2323163
2024-11-22,base,92.91320339400666,3.4159510727869796,,7244340
2024-11-22,linea,7.073856400736023,0.231434780197220184,,253562
2024-11-22,lisk,0.11862951252127728,0.009921993385244,,17779
2024-11-22,mode,0.17056427734901897,0.019443768463042968,,33293
2024-11-22,optimism,9.869397501200808,0.641361594756693707,,997609
2024-11-22,scroll,2.3175245373981217,0.905177368121459759,,80315
2024-11-22,starknet,1.2303544139215563,0.708577304306001456,,116975
2024-11-22,taiko,18.62577291594582,17.190645989307244594,,4324758
2024-11-22,worldchain,1.3724745009485522,1.015423582422418392,,605873
2024-11-22,zksync_era,1.4415706887693118,0.690811460146605241,,130911
2024-11-23,arbitrum,19.42951141848262,4.748040982148008194,,2474551
2024-11-23,base,91.05489054573002,3.863956829529058065,,7053547
2024-11-23,linea,8.109687073001433,0.21962624059463026,,221402
2024-11-23,lisk,0.10132850871168753,0.012985440371935392,,30791
2024-11-23,mode,0.09638277362661801,0.029612035738852056,,55937
2024-11-23,optimism,8.060897248596914,0.663416462896099952,,979167
2024-11-23,scroll,1.401724588878787,0.974965505662080186,,82222
2024-11-23,starknet,1.4325739142237934,0.92552423014360722,,124928
2024-11-23,taiko,18.055584782046235,18.534825987423508127,,4241357
2024-11-23,worldchain,1.3957917531107689,1.044285308509318416,,620530
2024-11-23,zksync_era,1.774995681311295,0.662277909276695314,,151982
2024-11-24,arbitrum,14.625759579556949,5.20389848432459671,,2275941
2024-11-24,base,98.16908915153958,10.072969862518106375,,9026038
2024-11-24,linea,7.815302362857627,0.222368382626492016,,220322
2024-11-24,lisk,0.1458283519799662,0.090256331801171728,,81726
2024-11-24,mode,0.10252721669432717,0.043921100449128792,,22374
2024-11-24,optimism,6.691618034084829,1.220897760566088269,,893410
2024-11-24,scroll,1.2044322377083423,0.773855620313636173,,81428
2024-11-24,starknet,1.7226561842914203,1.307004947756297228,,129436
2024-11-24,taiko,16.521443370770143,15.512951651789181739,,4414031
2024-11-24,worldchain,2.5417742375561727,2.461253377239882696,,575462
2024-11-24,zksync_era,1.5006022737780929,0.489026945852622242,,150316
2024-11-25,arbitrum,41.08282754965992,14.373485226465748514,,2678851
2024-11-25,base,175.0240977666342,30.702512321613713371,,9232551
2024-11-25,linea,15.19492072072415,0.23954272633243396,,216334
2024-11-25,lisk,0.27157226717759264,0.130277164259907832,,86553
2024-11-25,mode,0.6195611743568517,0.268857051445627472,,42863
2024-11-25,optimism,15.924458755041531,4.538600731697965305,,876159
2024-11-25,scroll,2.3217468446664995,1.477250200612854085,,104571
2024-11-25,starknet,3.261959705007486,2.506754052901576094,,114641
2024-11-25,taiko,15.338309859218297,19.588760671794617996,,3489635
2024-11-25,worldchain,8.015788935413337,9.958349408391654568,,601258
2024-11-25,zksync_era,2.162845837131639,0.852234508565303177,,165426
2024-11-26,arbitrum,23.06197413734337,13.543929152727355546,,2571880
2024-11-26,base,217.9104095702196,37.618485109264807645,,11402689
2024-11-26,linea,15.547478196163784,0.332852034599838281,,213389
2024-11-26,lisk,0.4588373805644691,0.299361894720140912,,106964
2024-11-26,mode,0.20469794290473153,0.17223440848653712,,30019
2024-11-26,optimism,12.54024843496423,4.621911110827002386,,853230
2024-11-26,scroll,1.9458532801479647,1.242203747242390206,,95899
2024-11-26,starknet,2.3782845361120706,2.535404406570907693,,115841
2024-11-26,taiko,15.172885814023747,19.414640205945496005,,3597302
2024-11-26,worldchain,7.842340104491002,8.22143978096234028,,590865
2024-11-26,zksync_era,2.2173641464853997,0.772882397375117102,,150933
2024-11-27,arbitrum,17.84447603052579,6.30990857854701142,,3317747
2024-11-27,base,159.92015406345416,6.199622953961944794,,7223788
2024-11-27,linea,9.49194258611622,0.236407806309219523,,221474
2024-11-27,lisk,0.21768332437639348,0.072526319747450824,,120675
2024-11-27,mode,0.20286371680245466,0.030384009201179784,,33511
2024-11-27,optimism,8.305302027183735,1.416682122505774195,,1140093
2024-11-27,scroll,1.6671170547711585,1.157178746503666437,,93630
2024-11-27,starknet,1.1974210692324174,1.07502361230279095,,132245
2024-11-27,taiko,16.780357904180846,17.246533303583247634,,3847031
2024-11-27,worldchain,2.243197730290138,2.778245301869269112,,613291
2024-11-27,zksync_era,2.0042781474192712,0.681389910606031968,,130936
2024-11-28,arbitrum,15.075191628404184,11.046899990550087071,,2132374
2024-11-28,base,209.96757436057922,37.5399137972930822,,10447547
2024-11-28,linea,11.585446958797949,0.258126337317321583,,177311
2024-11-28,lisk,0.4403881633822055,0.241484432555365016,,127022
2024-11-28,mode,0.23399874620800598,0.171192357487544464,,29531
2024-11-28,optimism,9.44250093224423,3.678002626159329767,,795670
2024-11-28,scroll,1.7725092823831614,1.167802633534044756,,86903
2024-11-28,starknet,0.995278524153675,0.671764761452059362,,102344
2024-11-28,taiko,16.594048692645252,19.784316453455811249,,3723506
2024-11-28,worldchain,12.303884758116496,14.735977560870561072,,648294
2024-11-28,zksync_era,2.2551660303755146,0.750355943371492731,,125345
2024-11-29,arbitrum,6.01111973225594,2.486891800261704187,,1937370
2024-11-29,base,167.89582984471497,0.563533553866672976,,5899935
2024-11-29,linea,4.513932711769113,0.091623557337644262,,186713
2024-11-29,lisk,0.117310905638072,0.00665271698524092,,131249
2024-11-29,mode,0.09122830466896836,0.00458390565421424,,32537
2024-11-29,optimism,4.03950645694984,0.168248769165368787,,912445
2024-11-29,scroll,1.0170921532853494,0.692707045142994524,,66463
2024-11-29,starknet,0.5458650128016945,0.421486662552114442,,91188
2024-11-29,taiko,17.89895523439469,15.455938355268704727,,4472921
2024-11-29,worldchain,0.5137929276282832,0.184410014192084208,,638449
2024-11-29,zksync_era,1.4189381613343768,0.440935924382371587,,122691
2024-11-30,arbitrum,8.385627716300046,4.436730048443639137,,1981825
2024-11-30,base,187.58150464945348,6.063568135927494411,,6680199
2024-11-30,linea,5.012645447442673,0.141720026396627847,,168001
2024-11-30,lisk,0.16238738092865632,0.054396519678629,,139576
2024-11-30,mode,0.19205711384590196,0.051868229286078752,,29517
2024-11-30,optimism,5.015542120938683,0.757546291753968203,,950845
2024-11-30,scroll,1.0529143352289518,0.725590542485901224,,69483
2024-11-30,starknet,0.9610722952608919,0.577460052526320313,,134964
2024-11-30,taiko,19.537947256601218,15.895381542927959074,,4466085
2024-11-30,worldchain,1.7714364896969383,1.594206964513848912,,638115
2024-11-30,zksync_era,2.0340748862922853,0.484262017922288351,,143946
2024-12-01,arbitrum,9.29024900815965,5.284270775975562208,,1893154
2024-12-01,base,184.50724127820865,6.476750358713436791,,8346892
2024-12-01,linea,5.014813528553101,0.159609516532160466,,170750
2024-12-01,lisk,0.3123945517156912,0.087457873292221224,,192188
2024-12-01,mode,0.20171604102203763,0.034426519930988072,,25473
2024-12-01,optimism,4.395599721865688,0.800432402579053369,,906750
2024-12-01,scroll,1.2847779633859344,1.010704670156759966,,74515
2024-12-01,starknet,1.3086278226192591,0.714163026297764647,,149012
2024-12-01,taiko,19.46540706771181,19.303944036591622385,,4349786
2024-12-01,worldchain,2.0113425515283025,1.674091034655765768,,644719
2024-12-01,zksync_era,2.8878530786003784,0.747473611664384374,,183889
2024-12-02,arbitrum,25.399611159989696,8.717407993196638949,,2652180
2024-12-02,base,185.2446142745725,5.834145241802755392,,8174754
2024-12-02,linea,6.572516080007776,0.191856062456666587,,222420
2024-12-02,lisk,0.3984556442929953,0.076216276639053256,,189837
2024-12-02,mode,0.2169785921827454,0.028180732512797672,,32291
2024-12-02,optimism,9.34067415718544,1.079146368963097224,,1072074
2024-12-02,scroll,2.253520159058082,1.976380507930038749,,100523
2024-12-02,starknet,2.1035291400429803,1.270744734420505117,,147783
2024-12-02,taiko,18.456747977219592,25.306108627847372339,,3791864
2024-12-02,worldchain,2.273711198271684,1.596283923599179344,,630392
2024-12-02,zksync_era,2.328290096238025,1.219504950129478882,,158218
2024-12-03,arbitrum,27.06681359590328,6.938062149417268072,,2166165
2024-12-03,base,183.0887671789253,3.17866616924231198,,7584926
2024-12-03,linea,6.598649541917088,0.382311104762931424,,192456
2024-12-03,lisk,0.37898736994144966,0.053391092863126352,,186389
2024-12-03,mode,0.12211776527618379,0.014241091305096968,,29870
2024-12-03,optimism,7.4019032327130185,0.639505155122331346,,1041048
2024-12-03,scroll,1.6759028999294099,1.863755090545575625,,71760
2024-12-03,starknet,1.9748504017654402,1.074449833642799197,,121549
2024-12-03,taiko,19.013994427468784,25.58106371478154106,,3568493
2024-12-03,worldchain,1.8179916556921418,1.121687268125652776,,617777
2024-12-03,zksync_era,2.337414354170584,1.231775392250822101,,155808
2024-12-04,arbitrum,42.53801704875003,12.165333163419592661,,2371348
2024-12-04,base,190.49120569254933,16.356437705937628521,,8110379
2024-12-04,linea,7.914518400050885,0.315888285494132741,,195928
2024-12-04,lisk,0.5821982851636927,0.319499872993338048,,178637
2024-12-04,mode,0.2364002732381758,0.077219502314862368,,35375
2024-12-04,optimism,10.44126676388845,2.239161041460235748,,1081867
2024-12-04,scroll,2.235554710806098,2.131297731949060591,,89496
2024-12-04,starknet,1.8332680749864538,1.842902434056311918,,114121
2024-12-04,taiko,18.364393119436336,27.108676889117169862,,3421009
2024-12-04,worldchain,5.364375091983122,6.473338472803725888,,628022
2024-12-04,zksync_era,2.635205187452214,1.394578405822573109,,160975
2024-12-05,arbitrum,51.62295790945831,11.388083077654795661,,2431288
2024-12-05,base,220.38210979692204,14.760825234577786324,,7695799
2024-12-05,linea,8.849073388223378,0.507586655942154103,,205609
2024-12-05,lisk,0.5782668079216273,0.260673549115822384,,184081
2024-12-05,mode,0.3117965630154574,0.078434589737992736,,36281
2024-12-05,optimism,13.84275877971189,2.435647432367788317,,975754
2024-12-05,scroll,3.3272585578516214,1.847949559969378232,,90064
2024-12-05,starknet,1.6550128868397849,1.056060684334701025,,112040
2024-12-05,taiko,19.906307891897,26.732406638609063221,,3422101
2024-12-05,worldchain,5.373554994731981,5.03257500035999428,,673209
2024-12-05,zksync_era,2.7946578954227737,1.441412843099665243,,175901
2024-12-06,arbitrum,18.568151856249248,9.477586502565279088,,2155361
2024-12-06,base,179.32895863606916,14.615981891657215405,,7563102
2024-12-06,linea,7.186077470630393,0.543621539242132541,,187246
2024-12-06,lisk,0.5209885680357114,0.212048651279180328,,181322
2024-12-06,mode,0.2098279094916442,0.161055467494456392,,37482
2024-12-06,optimism,7.842570628497453,2.039293774172042866,,973345
2024-12-06,scroll,2.154837946266663,1.944271167725464427,,87911
2024-12-06,starknet,1.5053260894582872,1.249944263645478928,,109946
2024-12-06,taiko,19.01084200947614,24.678131922840913225,,3635183
2024-12-06,worldchain,5.045547121417804,4.763360196146973408,,629800
2024-12-06,zksync_era,9.661893126183644,1.347426138535125342,,177733
2024-12-07,arbitrum,7.963927229136617,5.237363525366156281,,1505451
2024-12-07,base,85.43515027862756,12.2896601051905369,,8120518
2024-12-07,linea,4.7973084679504385,0.288896356330154661,,179900
2024-12-07,lisk,0.5322834672604349,0.184848038005266664,,216237
2024-12-07,mode,0.47944258427403125,0.043357800021925992,,31990
2024-12-07,optimism,3.533588240480043,1.43750416986815963,,950882
2024-12-07,scroll,1.086147901308831,0.898312003335324169,,50478
2024-12-07,starknet,0.7102867106627653,0.643276376700743401,,75501
2024-12-07,taiko,17.82449881765288,21.716131451121248508,,3945353
2024-12-07,worldchain,3.2310511050575075,2.653418107867243104,,608830
2024-12-07,zksync_era,2.0017157080277603,0.722889369118778091,,145935
2024-12-08,arbitrum,5.744282568918814,2.703919177423130884,,1665896
2024-12-08,base,63.45764048175919,1.700968021896047502,,8767985
2024-12-08,linea,3.0369278589129824,0.045281853510810774,,187675
2024-12-08,lisk,0.47890135885897933,0.045060779454120304,,363348
2024-12-08,mode,0.2648159067726773,0.00865109489751388,,29077
2024-12-08,optimism,2.511824874949832,0.288081276638353575,,926616
2024-12-08,scroll,1.0297650905178624,0.636874157864447095,,49479
2024-12-08,starknet,0.4253426724527413,0.410114656502746326,,69687
2024-12-08,taiko,17.78202051748352,16.771269658569803504,,4035402
2024-12-08,worldchain,0.8966798937888263,0.558913506726489648,,598343
2024-12-08,zksync_era,1.414378838549668,0.458694939626869184,,124365
2024-12-09,arbitrum,151.43891514282802,8.319416203865140191,,2358327
2024-12-09,base,178.24795086711953,4.866500741410009311,,8069791
2024-12-09,ink,0.08102805287436161,0.035380090751903428,,67
2024-12-09,linea,7.198036833241358,0.312195560041144007,,206902
2024-12-09,lisk,0.845164356050283,0.147003514174477008,,337520
2024-12-09,mode,0.2697758955401312,0.041730139854890224,,55906
2024-12-09,optimism,13.60486270646975,0.970106274229052673,,1062546
2024-12-09,scroll,2.0102011968792053,2.05488908676807371,,79047
2024-12-09,starknet,2.181497047050964,1.507121642858439843,,123920
2024-12-09,taiko,18.445105220709124,25.601216128268572982,,3605814
2024-12-09,worldchain,2.7484997134701947,1.520103594167685288,,684042
2024-12-09,zksync_era,2.777622971326956,1.591447075549467979,,162329
2024-12-10,arbitrum,45.144686537037465,8.579028496265969299,,2568843
2024-12-10,base,147.98015822630478,5.98065096437518312,,8056030
2024-12-10,ink,0.000757888444747052,0.047857247054207144,,25
2024-12-10,linea,7.965210015653178,0.392270570371768944,,215501
2024-12-10,lisk,0.8303559060481853,0.194821010065897392,,359253
2024-12-10,mode,0.1529573220756777,0.07188420789706624,,58222
2024-12-10,optimism,9.475103870149754,1.281394565800816294,,1115298
2024-12-10,scroll,2.09480194676371,2.048012250982009605,,104384
2024-12-10,starknet,2.0683939579480306,0.853130837369561187,,125336
2024-12-10,taiko,17.271179048349012,24.702168950577932574,,3408076
2024-12-10,worldchain,3.2626499055063642,2.275375353312865248,,666531
2024-12-10,zksync_era,2.072013027860845,1.246879314809967681,,150469
2024-12-11,arbitrum,28.556878230237977,4.624512422150266141,,1792101
2024-12-11,base,93.26204320615552,2.637450919843140079,,7740508
2024-12-11,ink,0.06599171316302065,0.031749693510790892,,186
2024-12-11,linea,5.1092119441118165,0.25126884210396181,,195746
2024-12-11,lisk,0.665771512955493,0.135083727890107032,,377039
2024-12-11,mode,0.16879028751935532,0.017523964942516032,,28337
2024-12-11,optimism,5.45923020838862,0.574790578960539035,,1031987
2024-12-11,scroll,1.4797626699348094,1.330078284665722516,,68008
2024-12-11,starknet,1.8120635761620014,0.553834580117150391,,95127
2024-12-11,taiko,17.6433070755518,22.446945733411137382,,3643071
2024-12-11,worldchain,1.8331048928872105,1.110042045252145992,,648367
2024-12-11,zksync_era,3.013261116771981,0.939861955263231277,,162164
2024-12-12,arbitrum,42.42179209023757,7.35663879755750047,,2006606
2024-12-12,base,144.4889639858763,9.711069035202656611,,9033051
2024-12-12,ink,0.0020518758543324562,0.032405579190259336,,285
2024-12-12,linea,6.291626509861632,0.283407120531622933,,207630
2024-12-12,lisk,0.794297708472455,0.45830890882893852,,324626
2024-12-12,mode,0.5466030943249,0.127103863570925856,,81339
2024-12-12,optimism,8.913785888592447,1.611622448405506427,,1048361
2024-12-12,scroll,1.637799536014673,1.489935883893881022,,74739
2024-12-12,starknet,2.2249561375976232,1.232718083802627466,,106676
2024-12-12,taiko,19.4061084036127,26.511987551784940905,,3755647
2024-12-12,worldchain,4.253133084313694,3.558605601212612088,,659139
2024-12-12,zksync_era,2.0801902142133537,0.972103806505162243,,161889
2024-12-13,arbitrum,15.458234982012982,10.83854131512928954,,2152958
2024-12-13,base,129.95672813246154,19.178144915586678358,,8499339
2024-12-13,ink,0.002455874760504283,0.0362053172922079,,229
2024-12-13,linea,6.6436579071283814,0.273141954666807984,,174937
2024-12-13,lisk,1.055627511174995,0.503553859265912936,,288511
2024-12-13,mode,0.46169847648086126,0.196039418043906072,,72898
2024-12-13,optimism,30.956085297159103,3.225177807729456341,,1063692
2024-12-13,scroll,2.043365626072944,1.429701352794375738,,112530
2024-12-13,starknet,2.474764180836993,1.40173288053595934,,109715
2024-12-13,taiko,20.09553786207538,24.383502679488939754,,3786714
2024-12-13,worldchain,8.351160043062874,9.948890841164127792,,678116
2024-12-13,zksync_era,2.434617283680007,0.971238389376904446,,160733
2024-12-14,arbitrum,10.403680298622644,6.349850742264734627,,1845872
2024-12-14,base,79.14490077746862,10.971127411423263716,,8203417
2024-12-14,ink,0.001222987918666233,0.032380209369087552,,132
2024-12-14,linea,4.197432697060393,0.204770012467656877,,164471
2024-12-14,lisk,0.7156307294858425,0.294977143560706864,,300586
2024-12-14,mode,0.1394460969706356,0.107500189260761928,,71157
2024-12-14,optimism,4.928404717711313,1.515302586955300523,,988801
2024-12-14,scroll,0.8941240763199284,0.682650936157667959,,58484
2024-12-14,starknet,1.4528042368149785,0.956659059986255682,,101574
2024-12-14,taiko,18.172206096334108,18.248860347104302329,,4128683
2024-12-14,worldchain,4.173128471937096,3.652403115993387,,609956
2024-12-14,zksync_era,3.144315559333057,0.554381165712680101,,160113
2024-12-15,arbitrum,9.855192674766414,5.01474985403241365,,1898299
2024-12-15,base,73.28701941085153,7.299516434816626546,,8039070
2024-12-15,ink,0.000307704507349793,0.027900737218944776,,108
2024-12-15,linea,3.463461451805196,0.156891051406876396,,169283
2024-12-15,lisk,0.9639834734604809,0.348818860906806616,,489230
2024-12-15,mode,0.09068201280221151,0.060401093374751232,,68481
2024-12-15,optimism,3.8957151715033076,1.06363605758770524,,936158
2024-12-15,scroll,0.9138952992149448,0.640579566536015077,,63932
2024-12-15,starknet,1.1940033178135696,0.704625994909860325,,102027
2024-12-15,taiko,16.111217684381657,16.469968695453632524,,4217794
2024-12-15,worldchain,3.23673857463746,2.815613850295136256,,628012
2024-12-15,zksync_era,2.6500496496910313,0.445248873003208715,,149470
2024-12-16,arbitrum,16.774940190368692,10.203950634026915126,,2383333
2024-12-16,base,130.50417808544552,15.405826229377148311,,8060582
2024-12-16,ink,0.00684744588962216,0.048918791619511856,,673
2024-12-16,linea,5.988308988740558,0.253699851609355419,,187610
2024-12-16,lisk,1.0946236821636879,0.521746506786456976,,347591
2024-12-16,mode,0.1939235134754793,0.147767307718838808,,71276
2024-12-16,optimism,6.820509661840862,2.212503860795977665,,910906
2024-12-16,scroll,1.5910329675504506,1.358996579888933765,,79787
2024-12-16,starknet,1.98736471207716,1.386383155476181666,,94229
2024-12-16,taiko,18.785120984152968,24.582410529921115002,,3836657
2024-12-16,worldchain,6.123808747753941,5.25150410787565896,,616894
2024-12-16,zksync_era,2.209327855441208,1.168357856851435456,,164458
2024-12-17,arbitrum,11.79195750261874,5.12873473473248556,,2429220
2024-12-17,base,112.55381944870945,3.270822654627943514,,8300409
2024-12-17,ink,0.29052836944282434,0.032313186481349056,,14791
2024-12-17,linea,3.704358711462831,0.161064859190801599,,177080
2024-12-17,lisk,0.701506282315032,0.103781970102617352,,306181
2024-12-17,mode,0.1031774072174499,0.042992800009748096,,65824
2024-12-17,optimism,5.992259853331296,0.550190697002155548,,1094565
2024-12-17,scroll,1.0155494878633269,1.054900489643351367,,57678
2024-12-17,starknet,2.019524470914678,1.750180132765968234,,114749
2024-12-17,taiko,6.947933671273746,17.792325814767096496,,2254432
2024-12-17,worldchain,1.9965755992577827,1.369028107887112056,,615079
2024-12-17,zksync_era,2.1956393538825285,1.425871417803946363,,180215
2024-12-18,arbitrum,66.59133779153196,4.514599199787738875,,2367016
2024-12-18,base,133.34641815506762,1.070036573108259743,,7775032
2024-12-18,ink,0.3179801488608898,0.054493837904866528,,33132
2024-12-18,linea,3.908120469466857,0.189393038143989549,,202724
2024-12-18,lisk,0.6345196403135589,0.036744922677975032,,334787
2024-12-18,mode,0.09301452930053665,0.011349764185344744,,67662
2024-12-18,optimism,9.652144859135717,0.308961854591947551,,1096386
2024-12-18,scroll,1.4395851957279344,1.269781511959242328,,66994
2024-12-18,starknet,2.1803999217263788,3.56630934824108361,,133546
2024-12-18,taiko,6.083399439242767,18.48801126238009925,,1925088
2024-12-18,worldchain,1.080885518712365,0.478161624563269824,,604883
2024-12-18,zksync_era,1.95077073535124,8.507045474341505587,,172847
2024-12-19,arbitrum,114.29751360251628,23.593548110156501367,,2509530
2024-12-19,base,184.22223070187545,41.363762332231265924,,7286618
2024-12-19,ink,0.4675316280990594,0.43427737790712636,,28028
2024-12-19,linea,8.029725996482505,0.277547993341091434,,209372
2024-12-19,lisk,1.9056991431491195,1.947234950497362232,,416286
2024-12-19,mode,0.6899831530948056,0.639971219805361272,,75509
2024-12-19,optimism,22.12501851407613,11.315700256854578242,,1126966
2024-12-19,scroll,2.9874500082642412,2.718168451744151995,,82527
2024-12-19,starknet,4.405168095569201,3.415675285194839378,,133012
2024-12-19,taiko,5.797518442696806,33.361798056332498095,,1992581
2024-12-19,worldchain,18.465332678424158,16.218838620140912088,,608395
2024-12-19,zksync_era,4.065170541816243,14.09925534084449208,,175864
2024-12-20,arbitrum,107.43031568831609,17.714863074055867396,,2801865
2024-12-20,base,181.92599621155253,28.75698408321411698,,7494285
2024-12-20,ink,0.24038445691301114,0.152967035167021776,,16469
2024-12-20,linea,10.798445679141661,0.365923436235415846,,200218
2024-12-20,lisk,1.6934794416981258,2.077128266949198336,,351724
2024-12-20,mode,0.3269706202870979,0.304386181508038688,,61172
2024-12-20,optimism,20.10218947611213,5.009036924139351581,,1095034
2024-12-20,scroll,2.523570883953019,2.012131435426551434,,90887
2024-12-20,starknet,4.412899790631131,3.03069060503940471,,140640
2024-12-20,taiko,5.760359692942493,25.888935773621445694,,1971452
2024-12-20,worldchain,10.168618579512493,8.945980580572899912,,579161
2024-12-20,zksync_era,2.7797569091371552,5.090992983417283084,,146633
2024-12-21,arbitrum,7.7847835847512625,2.757190744828034295,,2155047
2024-12-21,base,80.78465964478833,3.128194690650850657,,8505852
2024-12-21,ink,0.07380048398787528,0.025783518148831356,,12488
2024-12-21,linea,4.257244713525778,0.131054165458368567,,193885
2024-12-21,lisk,0.5409518175675441,0.123251925503217512,,401677
2024-12-21,mode,0.051638135309888894,0.02765829941154216,,45628
2024-12-21,optimism,6.0451855213682535,0.463533339014639954,,1155674
2024-12-21,scroll,0.9999909237277628,0.575097895845024001,,69743
2024-12-21,starknet,0.8013679771527487,0.871104278473936759,,104860
2024-12-21,taiko,5.205873199591878,9.936796806336912176,,1903970
2024-12-21,worldchain,1.4240128928525322,1.136513693788062072,,579191
2024-12-21,zksync_era,1.9633821757295102,1.91999789208447439,,139667
2024-12-22,arbitrum,6.390194577765429,1.749646784319213382,,2023147
2024-12-22,base,63.603525288196025,1.54731329304364976,,9449030
2024-12-22,ink,0.049904085648450475,0.012655715085387448,,12549
2024-12-22,linea,3.634512702067989,0.074196613152495145,,189481
2024-12-22,lisk,0.49265097708879657,0.116859875951894872,,458583
2024-12-22,mode,0.0407527198381694,0.005284882521659304,,61046
2024-12-22,optimism,4.538934007013488,0.219785946796490971,,1110378
2024-12-22,scroll,1.0044650100121721,0.447356588267867107,,74068
2024-12-22,starknet,0.5497355303424319,0.33001122520964049,,95575
2024-12-22,taiko,5.725906644472537,8.450331874901495246,,2136700
2024-12-22,worldchain,0.6682357522802771,0.502857158118365208,,555198
2024-12-22,zksync_era,1.1552586569428938,1.56182839044694234,,115971
2024-12-23,arbitrum,13.293235443412884,6.219088218704415533,,2290450
2024-12-23,base,105.29987567834999,9.61042198567951422,,8649925
2024-12-23,ink,0.22686942776729818,0.071214674831894164,,16564
2024-12-23,linea,5.120141491783745,0.129487923057568114,,206331
2024-12-23,lisk,1.3063341113800142,0.730024723952461784,,571825
2024-12-23,mode,0.11412688045602541,0.095066669211754384,,52432
2024-12-23,optimism,8.046368887535031,1.453193402966562223,,1061145
2024-12-23,scroll,1.250556783532274,0.828177665998738854,,73318
2024-12-23,starknet,1.027721670526716,0.924148869108081664,,106040
2024-12-23,taiko,5.40975327373908,13.324374838897096567,,1905578
2024-12-23,worldchain,4.040088696821821,3.557883717602977896,,590857
2024-12-23,zksync_era,1.7066061504771322,2.353130319968956005,,142633
2024-12-24,arbitrum,9.27904454763345,5.898950976773946376,,1974529
2024-12-24,base,82.63816388355195,13.211402166859044018,,8523936
2024-12-24,ink,0.32222739237647313,0.128479207068998856,,27997
2024-12-24,linea,5.536007236754654,0.165045142818518165,,215597
2024-12-24,lisk,1.4385921285217265,0.734499001634087584,,526935
2024-12-24,mode,0.12972599655782904,0.083294029036135312,,44253
2024-12-24,optimism,5.863164530310537,1.66391089051518846,,983535
2024-12-24,scroll,0.9291666517527756,0.61111905192343439,,67597
2024-12-24,starknet,0.7120251805222216,0.470398264448235604,,78037
2024-12-24,taiko,5.38796266550058,12.666077410667386232,,1822572
2024-12-24,worldchain,5.323859905325201,4.94214220143189048,,714379
2024-12-24,zksync_era,1.745640325645279,1.793084358299765445,,136291
2024-12-25,arbitrum,6.530431317102203,2.53987781094721656,,2029775
2024-12-25,base,63.51349650862336,3.830786768283051602,,8742690
2024-12-25,ink,0.2186665963855689,0.021286592305539392,,28716
2024-12-25,linea,4.291855800312897,0.15048986019039561,,224302
2024-12-25,lisk,0.9589002478603541,0.2274193619743462,,582070
2024-12-25,mode,0.06331124097053896,0.029025319409544896,,43163
2024-12-25,optimism,3.1918532862324085,0.486142754441728051,,888084
2024-12-25,scroll,0.6959303099478176,0.384223293820286293,,58510
2024-12-25,starknet,0.4362842164710911,0.390179789225655024,,69352
2024-12-25,taiko,5.372136250165332,8.851294127500390107,,1760828
2024-12-25,worldchain,1.1713806312659172,0.990139708364792784,,569138
2024-12-25,zksync_era,2.1910134267312964,1.387039282779676703,,124494
2024-12-26,arbitrum,12.628202113270872,8.80223070790358124,,1816512
2024-12-26,base,95.28520464820828,20.65942794317721691,,7614616
2024-12-26,ink,0.32165335804201717,0.19211039069940852,,30761
2024-12-26,linea,7.173832650053006,0.217716860519173579,,210462
2024-12-26,lisk,1.8261836725528156,1.15905340179566672,,519433
2024-12-26,mode,0.16609518650597904,0.161752186357817008,,46668
2024-12-26,optimism,8.161110626736683,2.701620659692884519,,795285
2024-12-26,scroll,1.04574935018565,0.675827014869381826,,70236
2024-12-26,starknet,1.1909891762000338,0.389090051781144549,,76084
2024-12-26,taiko,5.2478604145768095,15.472483760557475544,,1836485
2024-12-26,worldchain,9.045457046751935,8.495029304508193584,,585295
2024-12-26,zksync_era,1.538438810019275,1.811485848717404821,,122700
2024-12-27,arbitrum,13.078361871213367,8.523202974937403294,,1750032
2024-12-27,base,120.26967343970551,24.612582886743499379,,8544870
2024-12-27,ink,0.2679575771756535,0.20707826555144608,,22911
2024-12-27,linea,7.316495988679534,0.19698988672713294,,162944
2024-12-27,lisk,1.9228692917023413,1.341263437289929864,,514642
2024-12-27,mode,0.13349016650844622,0.11084497261979608,,45944
2024-12-27,optimism,7.31342332950253,2.302147985480409186,,700299
2024-12-27,scroll,1.0911243498808885,0.679191486939463683,,92601
2024-12-27,starknet,0.6128430684205287,0.373600576859644925,,77046
2024-12-27,taiko,5.480170923613171,15.089185648718979298,,1926009
2024-12-27,worldchain,9.030843924083564,8.419853356846723536,,613709
2024-12-27,zksync_era,2.5964931990490485,1.92543982829250717,,161207
2024-12-28,arbitrum,10.15704489158319,7.563795775231472357,,1381111
2024-12-28,base,97.68682512432534,27.246965851161847755,,8400149
2024-12-28,ink,0.3190299956272712,0.137242838766902816,,27964
2024-12-28,linea,5.213921027692938,0.136457951695364315,,134843
2024-12-28,lisk,1.9007917489425092,1.171435380214629768,,485224
2024-12-28,mode,0.14988918931782805,0.145414418080017704,,42952
2024-12-28,optimism,6.262871380939286,2.543374409658058992,,742471
2024-12-28,scroll,0.7948230882165486,0.510575865702288298,,52566
2024-12-28,starknet,0.5305183636361515,0.201382394993235122,,61528
2024-12-28,taiko,5.197394546872845,17.655540255713082984,,1867214
2024-12-28,worldchain,13.352759109005575,13.164836700792583008,,651083
2024-12-28,zksync_era,1.7962610798153462,1.483809359752733183,,122010
2024-12-29,arbitrum,7.712039219341768,5.408013792995073261,,1389535
2024-12-29,base,105.32106987907488,21.518347653421031043,,10144621
2024-12-29,ink,0.4168306981712649,0.215104991675697384,,31941
2024-12-29,linea,4.726460932652799,0.107216069098997288,,139694
2024-12-29,lisk,1.4141917605630163,1.237444529655819144,,483376
2024-12-29,mode,0.11945997695018062,0.090612982774850056,,42106
2024-12-29,optimism,4.15577198375915,1.717611685863730386,,642455
2024-12-29,scroll,0.648872856141188,0.397492175975894124,,49619
2024-12-29,starknet,0.35529136632937675,0.281016140658825214,,55117
2024-12-29,taiko,5.258284539601848,12.378128261324284398,,1921607
2024-12-29,worldchain,7.342635116735108,6.948864442197378912,,610404
2024-12-29,zksync_era,1.5642866663824762,1.261151186848699659,,120710
2024-12-30,arbitrum,18.46262798550169,12.99188575261093014,,1930266
2024-12-30,base,152.96310511358902,39.573327482915888172,,10199838
2024-12-30,ink,0.4631639346659082,0.147518912203264692,,28402
2024-12-30,linea,6.780760044690374,0.126388696208925088,,156052
2024-12-30,lisk,2.2690804109699427,1.995914928421233728,,498483
2024-12-30,mode,0.23804198633426635,0.139406315865999744,,52596
2024-12-30,optimism,8.613535053092441,3.898012790142070232,,845534
2024-12-30,scroll,1.2276047574865987,0.893253428473125664,,67799
2024-12-30,starknet,0.6267187380647057,0.259009289375737568,,66583
2024-12-30,taiko,5.277409550326342,17.949456957944215814,,1982161
2024-12-30,worldchain,13.15644723025253,12.258004866502367016,,628665
2024-12-30,zksync_era,2.30007030961964,1.919735163585948979,,147411
2024-12-31,arbitrum,15.35628559039703,12.125723050321426937,,1630849
2024-12-31,base,166.3071229485103,56.843365272238047881,,11040285
2024-12-31,ink,0.5423289984078477,0.527759711918985792,,33548
2024-12-31,linea,6.899164431830928,0.09958227702737081,,121138
2024-12-31,lisk,2.9848379730935513,2.186381354002997408,,490267
2024-12-31,mode,0.5055452708282635,0.972484166086744528,,66650
2024-12-31,optimism,8.92315955205579,4.359941745151716147,,726116
2024-12-31,scroll,1.4215164200488875,1.128005701197759765,,59533
2024-12-31,starknet,0.779471878218111,0.430229968820576205,,54523
2024-12-31,taiko,5.174695578688054,23.109484993749677224,,1977570
2024-12-31,worldchain,14.113185600442932,13.004774551338246936,,609012
2024-12-31,zksync_era,2.1383360125554898,2.3476311739124167,,128216
2025-01-01,arbitrum,4.7311793623174525,2.856257855973531082,,1276230
2025-01-01,base,96.8837573052169,1.18596830758937275,,13349665
2025-01-01,ink,0.17173480233245247,0.0478880291118312,,30037
2025-01-01,linea,3.2296904048987924,0.014294295493896152,,135058
2025-01-01,lisk,0.7087503697803041,0.039835567166272768,,497574
2025-01-01,mode,0.07752536935501544,0.006323736400350352,,50208
2025-01-01,optimism,3.096521420947166,0.233934276425661689,,624090
2025-01-01,scroll,0.8358600603390478,1.043497419595176286,,43348
2025-01-01,starknet,0.35649945911722813,0.49359161708196724,,44093
2025-01-01,taiko,5.136827668919605,12.177107687735003227,,2002802
2025-01-01,worldchain,0.6759983841176341,0.272985026681221104,,489070
2025-01-01,zksync_era,1.1457280874906097,3.244146949907519229,,105590
2025-01-02,arbitrum,7.503666414617058,4.076186232239752566,,1607228
2025-01-02,base,203.93778014321333,1.608997869458630056,,12447682
2025-01-02,ink,0.1563757768787561,0.041524004777629284,,22747
2025-01-02,linea,5.299903740900179,0.171816247852497112,,204563
2025-01-02,lisk,0.802316490134327,0.055795675929939192,,488302
2025-01-02,mode,0.11439374043709272,0.009297820648582328,,56382
2025-01-02,optimism,3.8723237570032802,0.336097662555427133,,833933
2025-01-02,scroll,0.9814434080225032,1.242683559447023894,,51169
2025-01-02,starknet,0.5662612408115532,1.556490987626609529,,55311
2025-01-02,taiko,4.774857743758323,13.469508337888194336,,1927664
2025-01-02,worldchain,1.245403233565554,0.477972623987516808,,603394
2025-01-02,zksync_era,1.620988561552841,4.400259295222353235,,128042
2025-01-03,arbitrum,8.117290738056758,4.961916549484042532,,1558621
2025-01-03,base,196.05973418618527,11.71033826976501183,,12356765
2025-01-03,ink,0.22204130439918598,0.178061436946384304,,23493
2025-01-03,linea,4.5560507629690505,0.119480600206683037,,171479
2025-01-03,lisk,1.0097806333113903,0.748219548274600952,,474099
2025-01-03,mode,0.08950366001503691,0.061554385184206328,,44670
2025-01-03,optimism,4.388835385661857,1.242194842605965359,,781664
2025-01-03,scroll,0.7784824589032646,0.778702715820129481,,51039
2025-01-03,starknet,0.39405490768654017,0.440886007088641644,,58973
2025-01-03,taiko,6.115985216646415,11.185836300201558029,,1996134
2025-01-03,worldchain,4.533280780365237,3.855980844248003664,,628959
2025-01-03,zksync_era,1.8417900249443542,2.424009896330712193,,128341
2025-01-04,arbitrum,5.080064564817322,2.143865457571927403,,1470804
2025-01-04,base,136.32183263015887,2.629405816442709237,,11691707
2025-01-04,ink,0.20437905440029291,0.02458430747955572,,33661
2025-01-04,linea,2.4903434009993948,0.075062917232569673,,141625
2025-01-04,lisk,0.8340320877623008,0.112341938203874728,,518885
2025-01-04,mode,0.06212187557664331,0.010498858180531552,,47436
2025-01-04,optimism,3.176839603977572,0.296537470625162534,,857837
2025-01-04,scroll,0.5528399156749394,0.524134967609485564,,40876
2025-01-04,starknet,0.26511808704242273,0.589170697782814385,,53804
2025-01-04,taiko,4.835732552909861,7.820745390434812283,,1999083
2025-01-04,worldchain,1.1732330890118572,0.821833167302895088,,606480
2025-01-04,zksync_era,1.5542938148152496,2.187713993563995947,,128681
2025-01-05,arbitrum,3.765239785144578,1.378265508746203916,,1377810
2025-01-05,base,108.60589842312,0.803650331238124287,,10434843
2025-01-05,ink,0.20874435808953934,0.013900684375182236,,28390
2025-01-05,linea,2.3804520716821305,0.065369289910641333,,146002
2025-01-05,lisk,1.3789516910584878,0.028203505344009416,,478991
2025-01-05,mode,0.041627815274328295,0.003545250515951296,,46350
2025-01-05,optimism,2.1957581530450074,0.138517066721634049,,741417
2025-01-05,scroll,0.5845430194677537,0.431913684728639931,,44376
2025-01-05,starknet,0.20934066414304045,0.445675997786678263,,58573
2025-01-05,taiko,4.6355016541974265,7.840115069165005725,,2168534
2025-01-05,worldchain,0.5098783741694761,0.295705107683766648,,620355
2025-01-05,zksync_era,1.8427146299454613,1.864100507889966852,,161025
2025-01-06,arbitrum,17.82575375116917,13.831824583269969007,,1701283
2025-01-06,base,214.06702350067638,60.851911504384199862,,11892603
2025-01-06,ink,0.4614544188787355,0.509641769238252024,,29780
2025-01-06,linea,4.604040687957298,0.186153784455542722,,170633
2025-01-06,lisk,2.811718868202735,2.180994313920293392,,475671
2025-01-06,mode,0.30679588930517676,0.663748498537767768,,51563
2025-01-06,optimism,8.714956331084784,4.221926908562618733,,682673
2025-01-06,scroll,1.1666705655538994,1.1494519233608523,,50086
2025-01-06,starknet,1.2314767864233895,0.539307167368237454,,70757
2025-01-06,taiko,3.9775573038930574,22.133363680096233681,,1916457
2025-01-06,worldchain,24.68828494006696,22.221382896882543392,,686658
2025-01-06,zksync_era,4.4248250587090086,4.537563212047214357,,212509
2025-01-07,arbitrum,33.99795148200209,8.465569952314676246,,1756640
2025-01-07,base,182.4560872599218,26.221220319013287566,,11149654
2025-01-07,ink,0.7385103130162635,0.413152600536767184,,59110
2025-01-07,linea,4.1005429141152225,0.118191630217522598,,164939
2025-01-07,lisk,2.0666268741231506,1.521792446264945928,,502023
2025-01-07,mode,0.31370182431160426,0.064323725711588824,,51336
2025-01-07,optimism,8.792353896456317,2.599013970089484822,,812619
2025-01-07,scroll,1.1113331786091327,0.852248990559107537,,56409
2025-01-07,starknet,0.5406911761732157,0.397835806098787627,,52867
2025-01-07,taiko,4.014200283503433,12.859897905428126552,,2059962
2025-01-07,worldchain,9.540204985629153,9.166910114739733484,,698027
2025-01-07,zksync_era,2.9652806079666574,3.060820923244660674,,208199
2025-01-08,arbitrum,18.62885424526285,8.84611776398035012,,2143257
2025-01-08,base,179.7554980528846,21.901332647787902518,,11043382
2025-01-08,ink,0.4752614821339373,0.110019525221676456,,39650
2025-01-08,linea,4.707490826831608,0.142107194202793986,,168726
2025-01-08,lisk,2.128081688320252,0.923293834066787152,,499292
2025-01-08,mode,0.19449686574093591,0.095595110570510832,,52456
2025-01-08,optimism,9.806410724211478,2.482170623585435507,,797579
2025-01-08,scroll,1.0737489526407447,0.797092153816632424,,57867
2025-01-08,starknet,0.6274609638886047,0.241886293069513665,,58276
2025-01-08,taiko,4.12333272401,11.843870511352791327,,2073756
2025-01-08,worldchain,8.36295911036008,7.73924102374550092,,671300
2025-01-08,zksync_era,2.3758892264459335,2.525474909873177374,,187966
2025-01-09,arbitrum,14.22056079573992,7.413185681914645786,,1979061
2025-01-09,base,163.6028156316328,23.423466352386458777,,11361354
2025-01-09,ink,0.32223772249654037,0.091851090430289904,,30085
2025-01-09,linea,4.656817595651589,0.115093680341501063,,176755
2025-01-09,lisk,2.033926186891885,1.056794254733392072,,500770
2025-01-09,mode,0.20323662774318976,0.095669058391346696,,57583
2025-01-09,optimism,6.90856023111761,2.149699595197117148,,755432
2025-01-09,scroll,1.0081352534940888,0.645217499377319356,,60518
2025-01-09,starknet,0.41490919261977277,0.382295766629034664,,56878
2025-01-09,taiko,4.012752516997285,10.529036591626862273,,1920875
2025-01-09,worldchain,7.958549636775254,7.312428718452623772,,705532
2025-01-09,zksync_era,2.0527505312958554,1.984216143192999576,,168603
2025-01-10,arbitrum,13.627622083900564,5.433176043501636214,,1797060
2025-01-10,base,153.974870306421,12.078710831882099938,,10581930
2025-01-10,ink,0.280711870992611,0.182435748338551432,,29301
2025-01-10,linea,3.536616895463484,0.102284198917215834,,163341
2025-01-10,lisk,1.5307063906616354,0.54610611773480216,,503581
2025-01-10,mode,0.16114281648931858,0.065647670342807056,,57494
2025-01-10,optimism,5.980347221145628,1.419010912994721223,,777495
2025-01-10,scroll,1.011110230425736,0.575987669682522798,,58154
2025-01-10,starknet,0.3863940898329781,0.268390349584997784,,66817
2025-01-10,taiko,4.126703083509428,8.096394527464577337,,2105649
2025-01-10,worldchain,5.065194539447179,4.616206381797905092,,709235
2025-01-10,zksync_era,2.097330860031255,1.728154375879659814,,174034
2025-01-11,arbitrum,3.365625110209155,1.051093818512978186,,1400506
2025-01-11,base,70.32506052805884,1.786763716678749625,,11470474
2025-01-11,ink,0.2696875547694587,0.0125425910279562,,33990
2025-01-11,linea,1.9179104348674225,0.039478846277404434,,128451
2025-01-11,lisk,1.0106509886304138,0.078771587291589032,,529491
2025-01-11,mode,0.054523035901880325,0.007611879454992304,,49004
2025-01-11,optimism,2.0542916900968473,0.156014389049445827,,753914
2025-01-11,scroll,0.48740445332004884,0.189710351686097849,,40065
2025-01-11,starknet,0.08126419142422683,0.1226303209310956,,41429
2025-01-11,taiko,4.570434907005555,4.403952318931152531,,2139204
2025-01-11,worldchain,0.6395787557822781,0.56430086294488402,,666872
2025-01-11,zksync_era,1.3151134901584152,0.948837123165365655,,137077
2025-01-12,arbitrum,3.23727905479304,1.192307265084452766,,1202190
2025-01-12,base,64.6305223210665,3.446759198310922022,,11677295
2025-01-12,ink,0.2592638425803375,0.062565714728063456,,33843
2025-01-12,linea,1.821033462519158,0.018616847760764278,,120581
2025-01-12,lisk,1.4020488683622618,0.144447533465824664,,505235
2025-01-12,mode,0.0895331880402564,0.028804628678882416,,53668
2025-01-12,optimism,2.106725060606732,0.309373652680765727,,712274
2025-01-12,scroll,0.6333117032522724,0.162184070833688829,,41628
2025-01-12,starknet,0.0830492221059199,0.11824042458153725,,42878
2025-01-12,taiko,4.234722933434178,4.482565141105763208,,2214507
2025-01-12,worldchain,1.2369570237932386,1.156385972325768412,,634338
2025-01-12,zksync_era,1.6098503659240286,1.081077067550212829,,137610
2025-01-13,arbitrum,43.80585023169334,9.127577574633225169,,2723886
2025-01-13,base,174.5698362399104,18.815393763152635367,,9525231
2025-01-13,ink,0.2828825610605597,0.152807058016964312,,33302
2025-01-13,linea,6.825914129310785,0.096649048008956844,,173382
2025-01-13,lisk,3.148275602159291,0.839759524327472504,,485019
2025-01-13,mode,0.23470404000924866,0.247073977169316296,,59855
2025-01-13,optimism,10.448016261147314,2.806553456008712626,,1142696
2025-01-13,scroll,1.3079154183489772,0.712131239400296544,,63895
2025-01-13,starknet,0.8589146985431033,0.36098092894868733,,88793
2025-01-13,taiko,4.344452019748566,10.019235509474121885,,2354977
2025-01-13,worldchain,6.529233266454443,15.682152458734061336,,643996
2025-01-13,zksync_era,2.3271306289476206,2.634542209871715035,,151947
2025-01-14,arbitrum,8.698038650084838,4.743606453958704017,,1735250
2025-01-14,base,157.552938673179,14.720127830092095263,,10810654
2025-01-14,ink,1.2795444044480757,0.134703526883840357,,66739
2025-01-14,linea,3.2994649275772634,0.102217880241583686,,135969
2025-01-14,lisk,2.091054666493164,0.53983522788063388,,483963
2025-01-14,mode,0.09751916088177749,0.07403453127693748,,44249
2025-01-14,optimism,6.278391745843468,1.225727320827735797,,816300
2025-01-14,scroll,0.9112555077588298,0.457923221063622044,,49503
2025-01-14,soneium,0.5885922284251695,0.12887966426557794,,65370
2025-01-14,starknet,0.29603117628296693,0.343718037424258849,,56782
2025-01-14,taiko,4.356928160304609,9.642690065570812831,,2267493
2025-01-14,worldchain,5.328272053476011,5.172713602211950272,,668487
2025-01-14,zksync_era,1.66580275520227,2.805995048958212419,,147224
2025-01-15,arbitrum,20.34380923025713,12.199339099937143822,,1821571
2025-01-15,base,224.7188101927506,43.983271829444844499,,11252382
2025-01-15,ink,0.8597598140372444,0.156667404905605064,,46556
2025-01-15,linea,3.682580067799557,0.092748795262807142,,123107
2025-01-15,lisk,3.1488546630041294,1.637530855372497544,,492385
2025-01-15,mode,0.3747150426848972,0.242210802711088128,,56550
2025-01-15,optimism,12.373607328125741,3.416551206371372951,,703664
2025-01-15,scroll,1.173489736542128,0.786286830342996478,,54915
2025-01-15,soneium,0.5269320315202951,0.20929011871111708,,68949
2025-01-15,starknet,0.7436529446364131,0.48743434549220024,,64031
2025-01-15,taiko,4.0761044733898615,15.253747423843006745,,2102534
2025-01-15,worldchain,14.651483397709818,14.082156888399559908,,755296
2025-01-15,zksync_era,2.2558652888004613,2.696742210944164796,,172761
2025-01-16,arbitrum,17.231850851227616,12.409007043105064285,,1860598
2025-01-16,base,184.28053799932263,46.503613040834147296,,10642104
2025-01-16,ink,0.8511620750048773,0.314422427493686936,,55220
2025-01-16,linea,3.889688892150762,0.120322733491142805,,128934
2025-01-16,lisk,2.259401112476957,1.89368652718579772,,572204
2025-01-16,mode,0.3418306375978993,0.535921981261900496,,62599
2025-01-16,optimism,8.76276396447995,3.933586953283489948,,699996
2025-01-16,scroll,1.1856099511056268,0.745768540199567077,,55284
2025-01-16,soneium,0.753206431211673,0.71729173135926582,,123992
2025-01-16,starknet,0.627157166890414,0.322786216929043773,,59835
2025-01-16,taiko,4.233854117717844,14.115595073755632894,,2207400
2025-01-16,worldchain,12.998702150752088,12.540266150282476152,,795069
2025-01-16,zksync_era,2.307263022491156,2.260851619092221904,,162229
2025-01-17,arbitrum,12.543355708802553,8.845031364602832473,,1720118
2025-01-17,base,150.56497951333733,31.743867445074420387,,11014466
2025-01-17,ink,0.6753626796834713,0.153956949021258032,,43446
2025-01-17,linea,3.6814148675473475,0.080023796351721066,,136100
2025-01-17,lisk,1.742710901609985,1.297061831020633856,,549744
2025-01-17,mode,0.23118230987446942,0.165873006950304312,,58881
2025-01-17,optimism,7.515221497782438,2.707508997062509308,,679793
2025-01-17,scroll,0.8621889890136065,0.680703099126761817,,48701
2025-01-17,soneium,0.863778736115207,0.804513471091825136,,188531
2025-01-17,starknet,0.6599415678335588,0.363320394980608602,,84804
2025-01-17,taiko,4.11993551376875,13.102997673974473758,,2164167
2025-01-17,worldchain,10.37362625639023,9.945488564105069076,,860667
2025-01-17,zksync_era,2.039416150493611,2.575618617804171162,,144827
2025-01-18,arbitrum,15.30465890424661,9.282567796483863267,,2247652
2025-01-18,base,160.36600034544216,22.67981227966685615,,10558267
2025-01-18,ink,0.791933690588313,0.291903474427828467,,47531
2025-01-18,linea,4.191174394069004,0.163461802065256723,,114672
2025-01-18,lisk,1.587112317745838,0.96859980705434052,,531128
2025-01-18,mode,0.21951206653678007,0.136291570381482536,,58808
2025-01-18,optimism,7.360496795451693,2.062681274034540194,,688608
2025-01-18,scroll,1.0573488358941463,1.007611465484982443,,46512
2025-01-18,soneium,0.7666985038514921,0.662654182295078264,,238510
2025-01-18,starknet,0.7796089341442681,0.656039472558377767,,88280
2025-01-18,taiko,3.9677322503515855,13.733952267343113568,,2231709
2025-01-18,worldchain,10.011960995104952,9.516409736477666616,,913077
2025-01-18,zksync_era,1.6815924252398542,3.745706268413326151,,134150
2025-01-19,arbitrum,63.21877488553668,10.092665611235765873,,2915137
2025-01-19,base,225.0967713712373,2.238650507799376555,,9766948
2025-01-19,ink,0.5533382293471595,0.090137696571519048,,46833
2025-01-19,linea,5.575145551349531,0.024974655844494702,,170846
2025-01-19,lisk,1.0386337788980184,0.059382652463761552,,448627
2025-01-19,mode,0.30398826284153624,0.022070239109978416,,71742
2025-01-19,optimism,12.756988308145663,0.678927208097718035,,1214025
2025-01-19,scroll,2.4334180154185,2.367157498079229031,,63193
2025-01-19,soneium,0.36531100034632624,0.407194021712577992,,284014
2025-01-19,starknet,2.5765979450329377,1.884453614524968228,,94727
2025-01-19,taiko,4.209496660312313,19.683287640427328272,,2680078
2025-01-19,worldchain,2.520951112078803,1.314593903307505584,,830805
2025-01-19,zksync_era,3.282144043681813,7.371525546372421392,,190190
2025-01-20,arbitrum,104.40412319955564,18.085966563154585868,,3173104
2025-01-20,base,241.69329299685774,20.303904446060472197,,9178636
2025-01-20,ink,0.36419842448714934,0.113378256671822136,,31485
2025-01-20,linea,8.028048140374722,0.583879967192975656,,180571
2025-01-20,lisk,1.8945115170845188,0.871316211848928488,,461839
2025-01-20,mode,0.38711911658115356,0.285476140947297296,,70377
2025-01-20,optimism,17.93570756781598,4.17458293951490284,,992602
2025-01-20,scroll,2.6033335889931437,3.031857271985227097,,74602
2025-01-20,soneium,1.0982871665233924,2.355843338434504764,,296561
2025-01-20,starknet,2.331931763011034,1.665240844775197977,,99810
2025-01-20,taiko,5.583635148879114,23.436239700849420683,,2659634
2025-01-20,worldchain,10.377524465533538,9.603144656572482216,,847305
2025-01-20,zksync_era,3.503903117852448,10.71482761898887512,,196115
2025-01-21,arbitrum,16.125460223390775,9.069361575705154103,,2533092
2025-01-21,base,139.1440877514076,23.810526895200476956,,9987170
2025-01-21,ink,0.22559415945084424,0.138193375861061344,,27787
2025-01-21,linea,4.184963708940645,0.284628082060794097,,157967
2025-01-21,lisk,1.3870079736019987,0.674672693753807456,,544974
2025-01-21,mode,0.1891908151621806,0.157941323828180776,,55802
2025-01-21,optimism,8.196550884895125,2.140243532316200056,,836645
2025-01-21,scroll,1.0760584987491413,0.964075418065202624,,50722
2025-01-21,soneium,0.9443338393822713,0.818645976508940628,,315627
2025-01-21,starknet,0.7180715915475908,0.70110286809385686,,71734
2025-01-21,taiko,4.979349895963302,15.202195604062808524,,2486418
2025-01-21,worldchain,10.885651840691292,9.729303119958070752,,871973
2025-01-21,zksync_era,2.3414084264083344,3.629304697636128476,,173460
2025-01-22,arbitrum,6.782293686111155,3.769974917169683145,,1876077
2025-01-22,base,97.8833031133549,7.873768871277196011,,10924794
2025-01-22,ink,0.2415850944177001,0.035465931417026256,,27540
2025-01-22,linea,2.4932287663306645,0.110663474295853738,,120226
2025-01-22,lisk,0.9738879704466024,0.354443179121595744,,569076
2025-01-22,mode,0.11086571633543235,0.035692444542931408,,59174
2025-01-22,optimism,3.5812845206718684,0.644946266161544468,,715664
2025-01-22,scroll,1.6229560743204063,0.568491481927436728,,43067
2025-01-22,soneium,0.3553890538124238,0.245788866900141216,,259691
2025-01-22,starknet,0.29057197502300547,0.425912508662617837,,50381
2025-01-22,taiko,5.201548999467943,9.820527731281355545,,2780706
2025-01-22,worldchain,3.7394710391448527,3.309351932743270692,,946137
2025-01-22,zksync_era,1.499706313276068,2.178292754462483226,,135785
2025-01-23,arbitrum,98.31538404057584,16.75837947965827787,,2409792
2025-01-23,base,181.5726518080707,19.379794303418290394,,9128025
2025-01-23,ink,0.9776417178954833,0.186843350710812195,,64458
2025-01-23,linea,3.354392314335988,0.125486927028367704,,123665
2025-01-23,lisk,1.5405577558208208,1.05382976414712924,,528720
2025-01-23,mode,0.2910039185053803,0.379038732874483256,,67881
2025-01-23,optimism,9.700347405458633,2.409504727360891921,,770693
2025-01-23,scroll,1.374876297240505,0.913673469214380549,,51165
2025-01-23,soneium,1.1768803979221758,1.203167663910527792,,343299
2025-01-23,starknet,0.7557723311300691,0.462305445529457822,,64626
2025-01-23,taiko,5.066619228222833,13.554234306377174736,,2818951
2025-01-23,worldchain,9.976128923534816,8.859364896448728372,,912111
2025-01-23,zksync_era,1.5216937442102605,2.638322957197935335,,131884
2025-01-24,arbitrum,8.445478625307159,4.710761165112628164,,2210790
2025-01-24,base,103.82937843434047,10.789074400352628747,,10326040
2025-01-24,ink,0.7844031845308579,0.084302413909727967,,83604
2025-01-24,linea,2.5627499891918095,0.116354106174627685,,141708
2025-01-24,lisk,1.0355462700505331,0.433380629560279568,,508615
2025-01-24,mode,0.115657908854285,0.04142675090828992,,56861
2025-01-24,optimism,4.954390089140027,0.871679722608491703,,753019
2025-01-24,scroll,1.0302015420011423,0.645253879714358492,,47046
2025-01-24,soneium,0.5427624084629339,0.394454910918157756,,365733
2025-01-24,starknet,0.39298199663060246,0.652040720368108411,,60241
2025-01-24,taiko,5.279981517761873,10.106844163203912419,,2633308
2025-01-24,worldchain,4.043900255553702,3.558583181949693048,,907460
2025-01-24,zksync_era,1.194416038016929,3.209127051697386158,,121758
2025-01-25,arbitrum,3.860637814534996,1.558521640666695486,,1685724
2025-01-25,base,61.59940122684846,1.754946134930860051,,10920735
2025-01-25,ink,0.8111381388551633,0.020683099514532599,,136299
2025-01-25,linea,3.096732009162582,0.091783059712570193,,253526
2025-01-25,lisk,0.68931335852824,0.093796912731607384,,484054
2025-01-25,mode,0.1645972445407545,0.012336488215561608,,32407
2025-01-25,optimism,2.5226961051530816,0.207286351688699709,,743173
2025-01-25,scroll,3.3944825026127994,0.355748080526675502,,61290
2025-01-25,soneium,0.22629291192256404,0.09970450038874252,,368260
2025-01-25,starknet,0.1907357825010222,0.277484649411693156,,52882
2025-01-25,taiko,5.1066866513579505,6.028728525992286918,,2892272
2025-01-25,worldchain,1.0127484894261203,0.846520247499850992,,873109
2025-01-25,zksync_era,1.320261060291294,2.36491836061922238,,142874
2025-01-26,arbitrum,3.577654634639312,1.277747072113264729,,1266873
2025-01-26,base,110.46562903136792,1.641670503133524615,,9835168
2025-01-26,ink,1.0466570054238142,0.035934064488304001,,145244
2025-01-26,linea,1.8313430935559247,0.036295039592305898,,133592
2025-01-26,lisk,0.8783579835973168,0.104795090329664496,,611679
2025-01-26,mode,0.12967169722003904,0.01277997883782232,,33416
2025-01-26,optimism,2.2722212758786267,0.177210132277399541,,690730
2025-01-26,scroll,2.8529266139319485,0.269047194512167353,,41516
2025-01-26,soneium,0.28818860381002226,0.101371189241425108,,418943
2025-01-26,starknet,0.12596010983306424,0.159283492971267412,,48126
2025-01-26,taiko,5.230683945616427,5.852343487353660386,,3158398
2025-01-26,worldchain,0.8580503643525663,0.725543926595682144,,825780
2025-01-26,zksync_era,1.1690077259538714,2.154693529823267436,,128584
2025-01-27,arbitrum,23.609044387034587,6.612128050552921578,,2318045
2025-01-27,base,219.00468596109107,17.095362139060464797,,9335803
2025-01-27,ink,2.02738990538927,0.448177075167598391,,231330
2025-01-27,linea,3.6671161180339937,0.116918841966740693,,137232
2025-01-27,lisk,1.6124213007469113,0.760069022628826568,,571990
2025-01-27,mode,0.45090929514861006,0.109344045484260848,,48680
2025-01-27,optimism,11.040727807219806,2.032015935604221788,,904543
2025-01-27,scroll,1.4710704508910373,0.731154844442173691,,52229
2025-01-27,soneium,1.2611536353022637,0.91214337832414888,,462100
2025-01-27,starknet,0.66237594372457,0.660630569405580605,,105189
2025-01-27,taiko,4.962354673597698,12.324286631953845601,,2696489
2025-01-27,worldchain,8.114033843871676,7.479899030061855096,,840900
2025-01-27,zksync_era,2.3485071450540773,5.231458330478440545,,166516
2025-01-28,arbitrum,8.784380880599278,5.213806804783193675,,1562848
2025-01-28,base,158.43076885197308,16.560891980590300439,,8587569
2025-01-28,ink,1.7446436163945565,0.325178411578017734,,179290
2025-01-28,linea,2.786117842484932,0.080585656765039863,,107158
2025-01-28,lisk,1.5093009388969576,0.818560902132648328,,495767
2025-01-28,mode,0.15054175956901883,0.112682056598536184,,36399
2025-01-28,optimism,5.497987617809192,1.72369288268757317,,657571
2025-01-28,scroll,4.8363258495629795,0.439476017086261436,,47497
2025-01-28,soneium,1.14994798217659,0.764912344905843556,,423082
2025-01-28,starknet,0.3730620958432185,0.369607765301720352,,71765
2025-01-28,taiko,4.619516942303257,10.217798961377687087,,2432928
2025-01-28,worldchain,10.197227862058561,9.675066452761244664,,951838
2025-01-28,zksync_era,1.5490090193181292,3.51416313192952549,,128603
2025-01-29,arbitrum,10.260234208549187,2.275231881226724556,,1475002
2025-01-29,base,87.25305672305203,6.16124740977095809,,9212362
2025-01-29,ink,0.9757230003126416,0.082452934073192688,,151189
2025-01-29,linea,2.3804972241818105,0.07075194285821537,,112690
2025-01-29,lisk,0.8699555341962222,0.453258691069317024,,572601
2025-01-29,mode,0.24576262739740326,0.04228002642013744,,34716
2025-01-29,optimism,4.902562591424562,0.82729457247963046,,776061
2025-01-29,scroll,2.097814768425907,0.276511470941234936,,49902
2025-01-29,soneium,0.7314475038551126,0.50129201125616296,,614560
2025-01-29,starknet,0.29259424509021875,0.196544587993869887,,85286
2025-01-29,taiko,4.599243981737736,6.403251767728260209,,2550909
2025-01-29,worldchain,3.5355511264410966,5.266864485415521456,,826912
2025-01-29,zksync_era,1.302336923865907,1.757160177464457499,,122821
2025-01-30,arbitrum,3.5956070890286727,0.838426019084544464,,1550695
2025-01-30,base,86.63841006711412,0.534083308830091369,,9505884
2025-01-30,ink,0.8199342252424183,0.012609204053579403,,167201
2025-01-30,linea,1.8699893362341184,0.024002538759355846,,102332
2025-01-30,lisk,0.5119885446493178,0.02931297784980196,,591063
2025-01-30,mode,0.0961936624591751,0.003008453724081064,,31931
2025-01-30,optimism,2.9628888456142533,0.087425823631895826,,835261
2025-01-30,scroll,0.5161035716331492,0.186954346622331617,,41726
2025-01-30,soneium,0.14051464473650283,0.052592059896440792,,311709
2025-01-30,starknet,0.09619676589661506,0.18773949519450327,,54235
2025-01-30,taiko,4.452509901535005,4.840690411119082637,,2402787
2025-01-30,worldchain,0.35716684477554983,0.276650230905108828,,786466
2025-01-30,zksync_era,1.0774270710601672,1.357711489055850847,,102783
2025-01-31,arbitrum,6.583654204379909,2.338843586267514686,,1627876
2025-01-31,base,134.45762242491085,5.200495499832153778,,9714345
2025-01-31,ink,0.7057267752508333,0.089669236835585069,,158926
2025-01-31,linea,2.6614925619283043,0.083741285246784851,,117454
2025-01-31,lisk,0.7995094275615691,0.286736037496630192,,562808
2025-01-31,mode,0.07243088032773168,0.042574866749243472,,34873
2025-01-31,optimism,4.651173157733021,0.646874642438329995,,801249
2025-01-31,scroll,0.629212514487408,0.305171684940640275,,46114
2025-01-31,soneium,0.6780205795297601,0.312769278055051912,,462423
2025-01-31,starknet,0.18011053701875468,0.204364868535548868,,52120
2025-01-31,taiko,4.3384912657761125,6.247695666914277132,,2153094
2025-01-31,worldchain,1.91091937076254,1.683026253138811296,,798305
2025-01-31,zksync_era,1.3449095102937705,1.786173321428364834,,111876
2025-02-01,arbitrum,3.662650275955025,0.719148514671347147,,1553716
2025-02-01,base,83.15889851765172,0.706168845633075778,,8550474
2025-02-01,ink,0.5910625161656191,0.016739238033662167,,136281
2025-02-01,linea,2.0116542414290524,0.027265517076523084,,105269
2025-02-01,lisk,0.4895597790274839,0.035505745106167256,,589801
2025-02-01,mode,0.04567653663173047,0.002908104281568296,,35276
2025-02-01,optimism,3.0992154219619,0.087031389789180898,,827215
2025-02-01,scroll,0.44396213725485806,0.139068428424482107,,35126
2025-02-01,soneium,0.28496494732982314,0.055708213840523196,,452596
2025-02-01,starknet,0.10949233522502175,0.14559750282689907,,52160
2025-02-01,taiko,4.489688370406954,3.66221618988481103,,2366294
2025-02-01,worldchain,0.27416550330268774,0.241322762823599316,,725402
2025-02-01,zksync_era,0.9279567054672331,1.035843411832408361,,97509
2025-02-02,arbitrum,92.88546250279124,4.468113188647057385,,2545297
2025-02-02,base,146.16922721632028,5.956897483830181127,,8440632
2025-02-02,ink,0.742622352661753,0.165823686304023084,,144725
2025-02-02,linea,3.839406097533701,0.018661989379075619,,134477
2025-02-02,lisk,1.1147226207613494,0.470386451217391584,,690741
2025-02-02,mode,0.227537438667935,0.060268596973303992,,51669
2025-02-02,optimism,13.34280792704881,1.195697778977063061,,1091406
2025-02-02,scroll,1.1353288946156797,0.638867780102132612,,60043
2025-02-02,soneium,0.8811631737630663,0.34315592444260898,,428249
2025-02-02,starknet,0.9749421531438571,0.246277097245270832,,98447
2025-02-02,taiko,4.624387777004925,6.559151179698283243,,2343365
2025-02-02,worldchain,2.3333039908855175,2.071612594510640208,,585377
2025-02-02,zksync_era,1.6943252687231254,2.569928385486196019,,136125
2025-02-03,arbitrum,362.9801016073113,7.945561922244100129,,2879222
2025-02-03,base,354.68152318025767,1.716383147722100786,,8483101
2025-02-03,ink,0.5596543708986899,0.117900984886018329,,126484
2025-02-03,linea,9.795250794582795,0.133708575073556683,,195613
2025-02-03,lisk,1.170476100646618,0.069234687956291496,,489232
2025-02-03,mode,0.9924342901154629,0.030213520443730416,,73251
2025-02-03,optimism,44.02182229484907,0.878445487410745542,,1718506
2025-02-03,scroll,5.41492702913513,2.401892004595227822,,104382
2025-02-03,soneium,0.5279497651259518,0.366004780809720072,,479267
2025-02-03,starknet,4.73596203631599,1.634169404937080121,,129269
2025-02-03,taiko,4.680634341330608,8.790130679264533936,,1997723
2025-02-03,worldchain,1.956008826016957,0.952877119939379556,,660259
2025-02-03,zksync_era,4.503720831725228,10.420649334289218785,,189891
2025-02-04,arbitrum,21.40673271701236,3.177894064588101752,,2499058
2025-02-04,base,124.94279505020083,6.454348608443703839,,8141744
2025-02-04,ink,0.573674581744623,0.124025925237858514,,109731
2025-02-04,linea,3.9198766899350015,0.09573921802534323,,144609
2025-02-04,lisk,0.9294953437597038,0.440521526274022752,,575426
2025-02-04,mode,0.10198773375021886,0.078251644427692112,,50434
2025-02-04,optimism,6.324160810271308,1.150087699790283897,,1025972
2025-02-04,scroll,0.9586876764494836,0.266281625815650196,,73474
2025-02-04,soneium,1.8101299565486488,0.641308496530479196,,727130
2025-02-04,starknet,0.26798080516587375,0.54433752504201969,,83687
2025-02-04,taiko,4.804267357993459,4.777074060284881095,,2205899
2025-02-04,worldchain,2.5653815743308948,2.421685877044662156,,690599
2025-02-04,zksync_era,1.8279080991895589,0.983251369684426651,,152232
2025-02-05,arbitrum,5.824740884132222,1.564698819644634079,,2053986
2025-02-05,base,75.82210040922965,3.287028274606209518,,7413229
2025-02-05,ink,0.7257102096736945,0.046680733720739765,,135412
2025-02-05,linea,2.859325449204469,0.041888391872315011,,119016
2025-02-05,lisk,0.7172295517281843,0.250054671526018984,,749359
2025-02-05,mode,0.07326608104954593,0.017714594020005608,,37527
2025-02-05,optimism,4.629379176386262,0.450463168180040559,,871267
2025-02-05,scroll,0.615169461455755,0.1254541390090826,,49934
2025-02-05,soneium,1.0863779945879801,0.268719779477019816,,758953
2025-02-05,starknet,0.09569685507735408,0.143753006219708466,,55843
2025-02-05,taiko,4.3947307616298135,3.800127811787404608,,2174482
2025-02-05,worldchain,1.455891193637961,1.310291123132567856,,667612
2025-02-05,zksync_era,1.210726624790724,0.810507162882451,,121612
2025-02-06,arbitrum,6.822169733128182,1.614544315228918233,,1937476
2025-02-06,base,90.10732663679137,3.328759515069702259,,7941783
2025-02-06,ink,0.5933618825840149,0.028750205517732171,,123311
2025-02-06,linea,2.745418093266813,0.041125946582832355,,119364
2025-02-06,lisk,0.719178518554991,0.199316890232030248,,570953
2025-02-06,mode,0.15646118718287014,0.020824361742912736,,41146
2025-02-06,optimism,4.46769594269497,0.475094054879781439,,902514
2025-02-06,scroll,0.841248243480625,0.140504369658766,,53034
2025-02-06,soneium,1.0567630229095686,0.26815497223729922,,888279
2025-02-06,starknet,0.14165404496666567,0.109624392711180881,,63461
2025-02-06,taiko,4.827490647860895,3.854730042661979392,,2253989
2025-02-06,worldchain,1.416030490449445,1.265049391977643716,,652416
2025-02-06,zksync_era,1.224922790943265,0.838476209152833744,,118815
2025-02-07,arbitrum,6.954953525976077,1.193004995646790278,,1843226
2025-02-07,base,78.90600723605698,2.37738210052468311,,7488554
2025-02-07,ink,0.6190847767209148,0.041413201559103229,,141514
2025-02-07,linea,2.316285948891288,0.046261752118339817,,111650
2025-02-07,lisk,0.5797597856824792,0.139964118274892136,,554944
2025-02-07,mode,0.08936367707727523,0.024916608142698576,,42353
2025-02-07,optimism,4.414251322759072,0.43258545852579783,,1057969
2025-02-07,scroll,0.5973813444179269,0.113572611272072405,,52712
2025-02-07,soneium,0.696676066758771,0.19773863007193144,,839077
2025-02-07,starknet,0.1364900990937232,0.074528889104339937,,70250
2025-02-07,taiko,4.5591252801528865,3.57698592192470541,,2262832
2025-02-07,worldchain,1.2784722926693801,1.084237261422767112,,664089
2025-02-07,zksync_era,1.0763067671628483,0.741059829604119508,,111819
2025-02-08,arbitrum,2.7431675875455404,0.284170069885450681,,1405234
2025-02-08,base,47.43118710336489,0.360149909459299148,,7458783
2025-02-08,ink,0.47526886189715883,0.006869722767881715,,168413
2025-02-08,linea,1.8552336600306452,0.007174900964111001,,110811
2025-02-08,lisk,0.3766188378607345,0.016342161230605184,,555847
2025-02-08,mode,0.02353085081519795,0.001802370566323536,,23951
2025-02-08,optimism,2.072011237360498,0.047850585034717295,,861609
2025-02-08,scroll,0.4467999870813474,0.0570975818175067,,41157
2025-02-08,soneium,0.2574907100622753,0.023606090978596748,,664702
2025-02-08,starknet,0.07179058465887783,0.041533087849560768,,59911
2025-02-08,taiko,4.503370763718886,2.778646806089682119,,2237413
2025-02-08,worldchain,0.16799534618392192,0.165448232607100284,,639644
2025-02-08,zksync_era,0.797616258818757,0.569188697232233006,,86414
2025-02-09,arbitrum,5.2178780936430815,0.266721216259247415,,1385567
2025-02-09,base,50.926654701996306,0.22364888019163195,,7539415
2025-02-09,ink,0.3779797903810408,0.005246315514629765,,193030
2025-02-09,linea,2.123883171339129,0.008096075050219209,,122349
2025-02-09,lisk,0.4304803067521197,0.007273483554641696,,572704
2025-02-09,mode,0.037706223565098625,0.001148559359558776,,23334
2025-02-09,optimism,4.0683252333997455,0.033044351707666662,,877254
2025-02-09,scroll,0.5208101716361946,0.061279652041014628,,42509
2025-02-09,soneium,0.2516610141810773,0.01687490424664904,,835332
2025-02-09,starknet,0.10226449599355185,0.031633716192957314,,67774
2025-02-09,taiko,4.799679943212594,2.840446691389567017,,2336901
2025-02-09,worldchain,0.11014338437055465,0.114001460314710564,,621754
2025-02-09,zksync_era,0.9334815431819913,0.644509559659294588,,95831
2025-02-10,arbitrum,4.923227723898166,1.523979429996113176,,1520598
2025-02-10,base,66.39674820468262,4.498054869101408056,,7477967
2025-02-10,ink,0.44043630134287776,0.063934111199443482,,183683
2025-02-10,linea,2.127424851223585,0.049107214814741579,,120038
2025-02-10,lisk,0.8856116104969607,0.297627415807347624,,669023
2025-02-10,mode,0.08050026700247044,0.049403258496194224,,28697
2025-02-10,optimism,3.760200966491416,0.602934302053850892,,828402
2025-02-10,scroll,0.5551513684275314,0.09752716270194892,,43586
2025-02-10,soneium,0.9426441110634715,0.286808096438636732,,923004
2025-02-10,starknet,0.10367830781136365,0.067222269096101468,,55658
2025-02-10,taiko,5.110298045244973,3.705217510807526084,,2300116
2025-02-10,worldchain,2.092938694933098,1.87132544271988254,,679535
2025-02-10,zksync_era,1.2586624345166633,0.999485266660000793,,103163
2025-02-11,arbitrum,4.532932590989543,1.304077751447479025,,1521748
2025-02-11,base,90.5654565591216,3.778193755743175828,,7224463
2025-02-11,ink,1.0232894088604816,0.064754038325527958,,151882
2025-02-11,linea,2.70135174950013,0.031231869928667998,,131560
2025-02-11,lisk,1.3436217213090846,0.3018079155909466,,671240
2025-02-11,mode,0.058548908357401216,0.024715229363189,,26470
2025-02-11,optimism,3.4245545182580237,0.4860627298379677,,855913
2025-02-11,scroll,0.5394011752034292,0.114080562292615752,,43581
2025-02-11,soneium,0.9851647044710944,0.3270129516124505,,765597
2025-02-11,starknet,0.11444787722440293,0.084604971856547254,,54003
2025-02-11,taiko,4.4263656926073205,3.70537882934157687,,2308569
2025-02-11,worldchain,1.7859679868650176,1.585904410620102084,,664564
2025-02-11,zksync_era,1.0383715484340315,1.068799196821840118,,99278
2025-02-12,arbitrum,15.464369430877165,2.414872277224183701,,1601189
2025-02-12,base,90.70035717531529,7.946477211552129068,,7608859
2025-02-12,ink,0.7470981048653783,0.144733367738352348,,134805
2025-02-12,linea,3.4580795678666782,0.048650281476356372,,140078
2025-02-12,lisk,1.2931972088688721,0.683203491952476472,,674174
2025-02-12,mode,0.07309338697084532,0.052614647682264256,,26804
2025-02-12,optimism,6.31528743897233,1.023594109194661485,,755926
2025-02-12,scroll,0.6196754689239642,0.180966797953363831,,49927
2025-02-12,soneium,1.5687331232555017,0.655385677468706728,,660319
2025-02-12,starknet,0.16459749181215788,0.056275289306092606,,59348
2025-02-12,taiko,4.320912046528616,4.462154288593264065,,2405152
2025-02-12,unichain,1.2907663953663284,0.461124908797805845,,509200
2025-02-12,worldchain,3.2962692430081915,2.972902434401576004,,676953
2025-02-12,zksync_era,1.2358661093662144,1.020050377206945957,,108216
2025-02-13,arbitrum,4.884660237811113,1.815212076539943132,,1514121
2025-02-13,base,79.83420289981139,6.348640649367204055,,7989058
2025-02-13,ink,0.4955481356107505,0.072547890724908274,,133068
2025-02-13,linea,2.4332109089749974,0.03771516017037966,,125015
2025-02-13,lisk,1.217162695063092,0.393900533011981656,,649088
2025-02-13,mode,0.07761635511218978,0.033965980414939856,,25525
2025-02-13,optimism,4.426669242164816,0.674625477927434656,,791678
2025-02-13,scroll,0.47284053466646564,0.129971917173803044,,42618
2025-02-13,soneium,1.3651803989111495,0.436660218500801544,,790967
2025-02-13,starknet,0.10723679750085935,0.0498828090378396,,44593
2025-02-13,taiko,4.271813039628348,3.644915778785479025,,2437955
2025-02-13,unichain,0.8786773154928923,0.415845046141238234,,573959
2025-02-13,worldchain,2.3202752680656253,2.01757365114944826,,680576
2025-02-13,zksync_era,1.0129817569203932,0.952740863021535929,,99326
2025-02-14,arbitrum,4.69993892604728,1.729265736862741253,,1482124
2025-02-14,base,63.419636682176034,5.004085121423726872,,7298197
2025-02-14,ink,0.6870298203885535,0.073821872297316727,,138115
2025-02-14,linea,2.160626914344561,0.041257227814970512,,104766
2025-02-14,lisk,0.9703035475953805,0.294152462130902208,,718902
2025-02-14,mode,0.0655410247930665,0.017747969860927744,,23241
2025-02-14,optimism,3.7236776380585566,0.583976846937929059,,798673
2025-02-14,scroll,0.4292567120521881,0.103844029384614178,,40491
2025-02-14,soneium,1.1407805060708018,0.352258893545955272,,792596
2025-02-14,starknet,0.08023554058267268,0.065828017494600917,,42290
2025-02-14,taiko,4.302651411489933,3.201954284204189512,,2555101
2025-02-14,unichain,0.6573956275934004,0.220992045093218804,,401039
2025-02-14,worldchain,1.6556090144078128,1.524320225014686684,,658727
2025-02-14,zksync_era,0.8519222179873194,0.846884326540936728,,88752
2025-02-15,arbitrum,2.074995392652821,0.199671116286830181,,1205449
2025-02-15,base,28.460710363579686,0.187966579986470823,,6563221
2025-02-15,ink,0.654309439476148,0.004907820940758952,,212599
2025-02-15,linea,1.5570049394704266,0.005693832132252978,,92337
2025-02-15,lisk,0.3313601047187168,0.006952667261035976,,572271
2025-02-15,mode,0.056109737996873965,0.0009938340328728,,47865
2025-02-15,optimism,1.8485598097484748,0.027389698463289367,,752206
2025-02-15,scroll,0.3068029589042668,0.043477764986113139,,29258
2025-02-15,soneium,0.3337781757700805,0.017059846833263788,,1130921
2025-02-15,starknet,0.02878486431635709,0.038731246646107225,,34423
2025-02-15,taiko,4.252631930817535,2.062255082399476542,,2765520
2025-02-15,unichain,0.35457796808039493,0.027035688319598214,,301496
2025-02-15,worldchain,0.08496259208312706,0.115229850001163556,,674518
2025-02-15,zksync_era,0.6267302269661083,0.752093065734730506,,74354
2025-02-16,arbitrum,2.250095734441405,0.301938785463149895,,1189067
2025-02-16,base,33.61655190766585,0.637713928477680829,,7110345
2025-02-16,ink,1.0172632087434985,0.023111196865454532,,238546
2025-02-16,linea,1.7094203734310558,0.018901538642134155,,102177
2025-02-16,lisk,0.4256232455125689,0.039108352424545584,,631220
2025-02-16,mode,0.022389422658915435,0.004821552463027992,,65562
2025-02-16,optimism,2.024051037483905,0.07929931041489951,,654880
2025-02-16,scroll,0.3285845397943102,0.047412040887272525,,31352
2025-02-16,soneium,0.4191894174993871,0.0710491111748253,,1197383
2025-02-16,starknet,0.03817388299687102,0.038938909150082663,,40465
2025-02-16,taiko,4.061344146663226,2.38423620448722517,,2248773
2025-02-16,unichain,0.2769844738216414,0.048724913167005711,,299539
2025-02-16,worldchain,0.30313147864907053,0.311468774376451728,,672413
2025-02-16,zksync_era,0.6836666184479315,0.856415262897381641,,77763
2025-02-17,arbitrum,7.651926485882138,2.739053440188012963,,1674437
2025-02-17,base,58.284862846270265,3.510138772780697365,,6938368
2025-02-17,ink,0.7385414719676117,0.110029760856334925,,215400
2025-02-17,linea,3.0139460889968555,0.010486560714738464,,127010
2025-02-17,lisk,1.6467491165498733,0.24518920206937112,,686870
2025-02-17,mode,0.05393792523586021,0.03314344703327904,,48547
2025-02-17,optimism,4.248918100718399,0.636416316347448838,,766752
2025-02-17,scroll,0.677831377310003,0.545071266661878455,,42815
2025-02-17,soneium,1.5897520847223756,0.539366013210359052,,1360546
2025-02-17,starknet,0.28738832920025215,0.803730862164580683,,54953
2025-02-17,taiko,4.229899940175224,4.796170319408999412,,2415761
2025-02-17,unichain,0.32580686900899136,0.234191016646224594,,260861
2025-02-17,worldchain,1.7935696816452589,1.55100357243680556,,707507
2025-02-17,zksync_era,1.55526434697591,5.45785690182573116,,121423
2025-02-18,arbitrum,7.36346706151191,1.764421951801938823,,2020770
2025-02-18,base,84.51522664787335,3.945548725736891387,,7010710
2025-02-18,ink,0.886128974333764,0.096523791891352143,,192550
2025-02-18,linea,3.8465751199681435,0.046189244288895825,,408000
2025-02-18,lisk,2.3431703237673,0.370489730660437664,,796837
2025-02-18,mode,0.08509671536535235,0.01849444098106576,,32461
2025-02-18,optimism,4.517650094658544,0.584925239413910534,,865689
2025-02-18,scroll,0.4491576622628472,0.113670003971369589,,41762
2025-02-18,soneium,2.043382378479521,0.666674597811517164,,1578430
2025-02-18,starknet,0.11380419162139525,0.076090824021123823,,83959
2025-02-18,taiko,4.247895138261805,3.343214332318364176,,2746540
2025-02-18,unichain,0.3822762982717564,0.203077853923407841,,291663
2025-02-18,worldchain,1.5734600830952996,1.475428521718375248,,694835
2025-02-18,zksync_era,1.1668878535934009,1.033986917489242729,,110692
2025-02-19,arbitrum,3.501359089449269,0.2883482012848364,,1586888
2025-02-19,base,57.2512712114914,0.371987815126411288,,6941621
2025-02-19,ink,0.45386684375319447,0.006449328130853304,,192180
2025-02-19,linea,2.2702947043172848,0.01539175694531721,,193086
2025-02-19,lisk,1.3494099689077153,0.023611277692517616,,657591
2025-02-19,mode,0.03688471084058398,0.001528695455477904,,22208
2025-02-19,optimism,2.564175328285977,0.068124878106055323,,1118455
2025-02-19,scroll,0.3632568190212347,0.050909227650732482,,36075
2025-02-19,soneium,5.328312576950621,0.069907119957762784,,1895763
2025-02-19,starknet,0.04874888695055658,0.054335068115267846,,66343
2025-02-19,taiko,4.503706660480182,2.170090206338001847,,3123178
2025-02-19,unichain,0.4075187126138872,0.035210723677735917,,222100
2025-02-19,worldchain,0.19062188746268718,0.211447662652798272,,686544
2025-02-19,zksync_era,0.8770893459303662,0.642705612157720022,,95408
2025-02-20,arbitrum,4.544088730524262,1.268333821380282547,,1547270
2025-02-20,base,69.70139266635785,3.651063164837015081,,7773192
2025-02-20,ink,0.4615726801153152,0.068677044343903628,,183888
2025-02-20,linea,2.2252721990756936,0.030672744170456229,,155677
2025-02-20,lisk,1.0848283671107157,0.202690224526758888,,640208
2025-02-20,mode,0.2579731943854125,0.04179653930189528,,72796
2025-02-20,optimism,2.9508285243866124,0.412524189786691734,,861098
2025-02-20,scroll,0.35882138973315136,0.081632606814935838,,35266
2025-02-20,soneium,8.628749914923416,0.575579525576544732,,1753719
2025-02-20,starknet,0.0629511889055498,0.033296188159769821,,45205
2025-02-20,taiko,4.397437574714168,2.972670011367254326,,2878368
2025-02-20,unichain,0.41597444005264295,0.135735431297473144,,205946
2025-02-20,worldchain,1.4158812608702904,1.335619759306463964,,747855
2025-02-20,zksync_era,0.8281799451745591,0.648862842533943321,,85944
2025-02-21,arbitrum,18.51693078296785,4.942289092994703579,,1879202
2025-02-21,base,136.43136371802342,13.257450562085559017,,7604068
2025-02-21,ink,0.5593908929064957,0.136002390762212844,,137810
2025-02-21,linea,3.480463643713226,0.080468163797949277,,142442
2025-02-21,lisk,1.333313183631052,0.814962234926349088,,537291
2025-02-21,mode,0.14495383649340893,0.22556522266172736,,81809
2025-02-21,optimism,10.17207435371604,1.909733193934650215,,968173
2025-02-21,scroll,0.6963531740267425,0.282885688716649465,,46256
2025-02-21,soneium,12.674327093051957,2.442159860507349532,,1645541
2025-02-21,starknet,0.8124811548650236,0.075641138151245533,,340793
2025-02-21,taiko,3.942245072488937,4.759975684382718381,,2423621
2025-02-21,unichain,0.4397566963064165,0.345657493020942492,,191339
2025-02-21,worldchain,4.8232947732909865,4.530362830149591972,,718212
2025-02-21,zksync_era,1.1403487132737347,0.956784155763000799,,100200
2025-02-22,arbitrum,4.177598319160329,1.356070553524260771,,1452184
2025-02-22,base,49.25182362090428,4.22478554821008583,,6935701
2025-02-22,ink,0.44998785901170285,0.041520519410106012,,150626
2025-02-22,linea,2.023272018023423,0.030834776626033256,,105119
2025-02-22,lisk,1.4150173144443898,0.310837810951324768,,647615
2025-02-22,mode,0.04506825331101193,0.022185156546684536,,72659
2025-02-22,optimism,4.068524986017632,0.461710913736036239,,870151
2025-02-22,scroll,0.34397844692138213,0.070172549176319063,,34776
2025-02-22,soneium,14.22705101110337,0.800825619384469552,,1974140
2025-02-22,starknet,0.26396103976634744,0.047045555379632394,,575573
2025-02-22,taiko,4.060658211697312,3.090185652890648393,,2279717
2025-02-22,unichain,0.15612550013246046,0.133979187432028774,,192799
2025-02-22,worldchain,1.3915260699772136,1.317489451120918452,,665155
2025-02-22,zksync_era,0.6516560896058532,0.519854614781160674,,63554
2025-02-23,arbitrum,2.908943375882685,0.219058903417235471,,1342365
2025-02-23,base,43.515044838577346,0.2632398601796208,,6844332
2025-02-23,ink,0.803614715732507,0.006453599862759525,,221396
2025-02-23,linea,1.7162897157439965,0.005706115733799043,,99991
2025-02-23,lisk,1.3096056512566299,0.012514855267743904,,620990
2025-02-23,mode,0.01628780579572569,0.002048409868389216,,97047
2025-02-23,optimism,2.4294723760336443,0.038646051695460223,,950395
2025-02-23,scroll,0.3203108378388885,0.046770938657452645,,34044
2025-02-23,soneium,4.93165941663996,0.042857719915805356,,2058253
2025-02-23,starknet,0.14863899573550543,0.031642021680697016,,726046
2025-02-23,taiko,3.8944750207004457,2.240374778480265237,,2125533
2025-02-23,unichain,0.0804982527746941,0.028874123028185178,,171619
2025-02-23,worldchain,0.11102762472832386,0.121770779234828508,,668454
2025-02-23,zksync_era,0.573709384964099,0.456812888603522509,,50878
2025-02-24,arbitrum,33.949187551282854,1.944255443015775542,,2195366
2025-02-24,base,145.8509907947307,5.01170754355681106,,7287980
2025-02-24,ink,0.4033128331528785,0.062878614296668839,,200054
2025-02-24,linea,5.496584048722275,0.036307748050833089,,141973
2025-02-24,lisk,3.4373707564605587,0.390835865561317592,,684809
2025-02-24,mode,0.07292058995967975,0.033380482493333344,,86119
2025-02-24,optimism,7.804082737628509,0.874888190290233451,,1165328
2025-02-24,scroll,0.6156509886294701,0.129762194209983206,,49204
2025-02-24,soneium,19.91845944561502,0.831961614613839528,,1974761
2025-02-24,starknet,0.714373372834101,0.094642536239566276,,1427662
2025-02-24,taiko,3.924550687036681,3.21360313147898339,,2231824
2025-02-24,unichain,0.15181976502466146,0.127931638685422271,,176209
2025-02-24,worldchain,1.9903536342366497,1.873866178290387216,,689056
2025-02-24,zksync_era,1.1213671006537087,0.57077661703857175,,79939
2025-02-25,arbitrum,71.47030893963455,5.725268539651360692,,2945251
2025-02-25,base,140.94952980063684,9.875837274364310834,,6895053
2025-02-25,ink,0.4568982662862326,0.154656173430882364,,158664
2025-02-25,linea,7.899906684901691,0.094771144351377519,,175521
2025-02-25,lisk,3.6261590775836616,1.078555629654961088,,716653
2025-02-25,mode,0.15404607472801382,0.147344768811518136,,77038
2025-02-25,optimism,22.59144391689243,1.900313845066842304,,1134130
2025-02-25,scroll,1.1121181629652461,0.39361012996549673,,79117
2025-02-25,soneium,54.41882574802305,3.259515983927428728,,1838415
2025-02-25,starknet,0.7505894768974957,0.124957265002731236,,552774
2025-02-25,taiko,3.87559837208556,4.852167414313854183,,2176160
2025-02-25,unichain,0.2739014402627755,0.266398118872998333,,117967
2025-02-25,worldchain,4.164833281452623,3.751092322350493608,,680127
2025-02-25,zksync_era,1.453559536600127,0.99297925724533482,,96333
2025-02-26,arbitrum,39.87335997272984,4.732907777031819146,,2273561
2025-02-26,base,103.40320377528882,9.189141315156361555,,6459430
2025-02-26,ink,0.4543111121198779,0.081335489605472231,,152736
2025-02-26,linea,6.658178911345227,0.061709522804025822,,169662
2025-02-26,lisk,3.8632547384936777,0.929335641311445432,,605360
2025-02-26,mode,0.11003322522354317,0.107307384116833616,,79071
2025-02-26,optimism,10.521157272479499,1.886385177094597708,,909357
2025-02-26,scroll,0.8334923070057534,0.257504566788690324,,63724
2025-02-26,soneium,37.2565780887089,4.788257442023501876,,2636675
2025-02-26,starknet,0.23764017474868343,0.094293549589588786,,59442
2025-02-26,taiko,3.96122792780434,4.663768240861219148,,2400767
2025-02-26,unichain,0.2629838382599816,0.239441747849369002,,185321
2025-02-26,worldchain,4.573747673531696,4.296363609496175028,,709461
2025-02-26,zksync_era,1.1814610462722386,0.896249284195356056,,83459
2025-02-27,arbitrum,9.215712785892126,1.033003325233895536,,2242600
2025-02-27,base,61.23607324183391,2.111062877414698125,,6536148
2025-02-27,ink,0.46055704629039396,0.041352903026440365,,173020
2025-02-27,linea,4.924641311092728,0.030849471468682505,,161852
2025-02-27,lisk,2.463498722224543,0.187628349072623632,,621588
2025-02-27,mode,0.05004750223696069,0.02046483889389856,,102508
2025-02-27,optimism,6.30922619055871,0.323337290254028963,,911197
2025-02-27,scroll,0.5190294201531892,0.071521981696906452,,47682
2025-02-27,soneium,1.7951296199105924,0.468298205051009376,,1010523
2025-02-27,starknet,0.07335415787476696,0.042888609709853608,,52955
2025-02-27,taiko,4.117134046240643,2.951695334890446873,,2527758
2025-02-27,unichain,0.08983646969728316,0.08407308160823826,,184100
2025-02-27,worldchain,1.0197689156338205,0.934202054026168812,,662403
2025-02-27,zksync_era,2.256306388892045,0.656309353336842782,,92189
2025-02-28,arbitrum,65.87036651034231,2.457154318061087919,,2996701
2025-02-28,base,126.23825743246505,3.742443438860853516,,7421702
2025-02-28,ink,0.39004364335932074,0.07120441906632017,,176101
2025-02-28,linea,8.3130996753378,0.091443370746903948,,207171
2025-02-28,lisk,1.122628038610785,0.242932597784847736,,502833
2025-02-28,mode,0.1015606981072733,0.03763785156351372,,103209
2025-02-28,optimism,14.071896691496981,0.597132142218077466,,1004694
2025-02-28,scroll,0.9698102890915076,0.186795886348464215,,75244
2025-02-28,soneium,1.765200229229221,0.305100281304113444,,653965
2025-02-28,starknet,0.20132274738659692,0.071897628333608629,,89026
2025-02-28,taiko,4.247996674690784,3.560496038316920809,,2499709
2025-02-28,unichain,0.14979415542843652,0.156066212833343848,,201176
2025-02-28,worldchain,1.6886231454781109,1.5416551430180403,,596613
2025-02-28,zksync_era,1.7608181251911483,1.013326103649610367,,138815
2025-03-01,arbitrum,3.364821694416701,0.243017805484921816,,1631918
2025-03-01,base,41.90369274993016,0.194464323884386932,,7023742
2025-03-01,ink,0.39359531621430954,0.004877327091800499,,212794
2025-03-01,linea,3.009347094277563,0.007844085777156893,,122633
2025-03-01,lisk,0.07558459556012251,0.00133335258206864,,73571
2025-03-01,mode,0.042331891625689,0.00154738600186324,,108204
2025-03-01,optimism,2.5382272568707944,0.0301944897774399,,985964
2025-03-01,scroll,0.29912143565522276,0.047715408892576886,,31525
2025-03-01,soneium,0.2842119436523919,0.016634074689780568,,835523
2025-03-01,starknet,0.04703468742060096,0.03679477186840652,,56367
2025-03-01,taiko,4.051937955559664,2.501667436390871862,,2717507
2025-03-01,unichain,0.03864730433378123,0.027129966777131264,,218038
2025-03-01,worldchain,0.10395385045219607,0.10852836917186202,,700972
2025-03-01,zksync_era,0.908530489308731,0.553738925796960235,,95388
2025-03-02,arbitrum,66.54633784073948,0.956080933473190485,,1903260
2025-03-02,base,123.9278282024749,0.557675038119894766,,7973911
2025-03-02,ink,0.38875474372606655,0.010548829092291747,,185190
2025-03-02,linea,3.9816228332041534,0.010354767835074228,,144474
2025-03-02,lisk,0.08083204522347548,0.003083823654691064,,63601
2025-03-02,mode,0.05323797747955298,0.009387927223795224,,103684
2025-03-02,optimism,9.113788944782591,0.128561440152754764,,1074895
2025-03-02,scroll,0.7873058355695118,0.387846591293535337,,49423
2025-03-02,soneium,0.34010845423456554,0.060024849305805696,,853738
2025-03-02,starknet,0.321074730557775,0.319772854198900533,,66310
2025-03-02,taiko,3.8917466943884067,3.045611900536555462,,2371076
2025-03-02,unichain,0.0705748214092855,0.078637173895111056,,298397
2025-03-02,worldchain,0.3652589088098139,0.266822598713250936,,675913
2025-03-02,zksync_era,1.2470813816476753,1.578233018528629605,,100387
2025-03-03,arbitrum,39.79939378222094,2.223883286225515791,,2523509
2025-03-03,base,107.8256747859016,5.061372473368568706,,8153104
2025-03-03,ink,0.5015521932417912,0.148963742268482834,,168221
2025-03-03,linea,3.4452265794490846,0.04834122925463419,,137584
2025-03-03,lisk,0.08135730608226766,0.052396394699580864,,53573
2025-03-03,mode,0.11971037045690963,0.049601583867689784,,111161
2025-03-03,optimism,8.749477514542097,0.79092628774863725,,965166
2025-03-03,scroll,0.6490281648729416,0.155955988724523409,,53810
2025-03-03,soneium,1.1074694141184502,0.412603260613439364,,807930
2025-03-03,starknet,0.16665874729234229,0.0794417262668836,,98670
2025-03-03,taiko,3.977841295862592,3.506529740527647255,,2287753
2025-03-03,unichain,0.1772947310144955,0.185255247586925399,,233049
2025-03-03,worldchain,1.7802208602301994,1.704343548253449348,,727625
2025-03-03,zksync_era,1.3721737349424143,1.004684148711082226,,123051
2025-03-04,arbitrum,71.53470092893923,2.020332009419763158,,2800127
2025-03-04,base,123.07955935712266,3.328398646888033957,,7628439
2025-03-04,ink,0.531600605546961,0.117327710747099291,,189224
2025-03-04,linea,5.092564579478075,0.050890273249568055,,181221
2025-03-04,lisk,0.06498758793534051,0.015766561049358848,,40202
2025-03-04,mode,0.10730196710217725,0.037822383842740752,,120642
2025-03-04,optimism,10.963241019332926,0.648876810102940331,,1118124
2025-03-04,scroll,1.1067302385302502,0.177222247883172041,,66144
2025-03-04,soneium,0.9010396234776529,0.26232061578732444,,880667
2025-03-04,starknet,0.2223715650722303,0.147957765731411246,,84840
2025-03-04,taiko,4.040149807707134,3.312749903836100848,,2325159
2025-03-04,unichain,0.11259929908777573,0.124569203683248596,,172840
2025-03-04,worldchain,1.4206006511355662,1.3298299573597956,,684777
2025-03-04,zksync_era,1.8554470658438764,0.967110395560382804,,151134
2025-03-05,arbitrum,8.896784393154793,0.578307945824247485,,2156210
2025-03-05,base,67.0872949432018,1.023911726127175052,,7442250
2025-03-05,ink,0.651128901373902,0.025596651382189816,,221519
2025-03-05,linea,3.7024433642213532,0.017417423067202217,,156421
2025-03-05,lisk,0.05632637296227602,0.013608792913728424,,44620
2025-03-05,mode,0.0932672373868253,0.00957940484129736,,112619
2025-03-05,optimism,4.63292185496323,0.15383689593837044,,930372
2025-03-05,scroll,0.4042811225140156,0.055570266667217246,,40276
2025-03-05,soneium,0.41319110766601347,0.095474380431798284,,884793
2025-03-05,starknet,0.04730935503058269,0.042951064699296017,,54078
2025-03-05,taiko,4.103759327144166,2.891546592482489204,,2581781
2025-03-05,unichain,0.0753018404980436,0.057527923186506274,,266028
2025-03-05,worldchain,0.47741564603610787,0.409783962858205176,,684269
2025-03-05,zksync_era,1.0483385605544162,0.567922642508160814,,106792
2025-03-06,arbitrum,8.4745891365554,0.434380201106956409,,2080139
2025-03-06,base,62.32120948866296,0.579869593296160604,,7834930
2025-03-06,ink,0.3562312337233365,0.012045989148682854,,253560
2025-03-06,linea,4.365799779612263,0.008129506621114447,,157506
2025-03-06,lisk,0.046099836283655174,0.002812355668133056,,40305
2025-03-06,mode,0.09135837178344998,0.00724672500129664,,113338
2025-03-06,optimism,3.348215476629987,0.081855252566391314,,867948
2025-03-06,scroll,0.4381514504075997,0.059304846859475522,,39574
2025-03-06,soneium,0.34302921266688996,0.044480320016724312,,721445
2025-03-06,starknet,0.05122529088866851,0.048129896309694568,,54039
2025-03-06,taiko,4.010184383678806,2.732701479573224971,,2590602
2025-03-06,unichain,0.07247988891728174,0.041196334963737484,,238766
2025-03-06,worldchain,0.2722328659936579,0.2450888353013736,,691529
2025-03-06,zksync_era,0.8929762015868269,0.557715351892447441,,94672
2025-03-07,arbitrum,30.759939282115432,1.088460784702124685,,2419764
2025-03-07,base,104.84542299105468,2.16273861198115669,,7130354
2025-03-07,ink,0.39631401291034507,0.041332417743586716,,223012
2025-03-07,linea,4.510046628744308,0.01059775024100516,,138758
2025-03-07,lisk,0.03925573417122124,0.017247347105326528,,30988
2025-03-07,mode,0.10886939164692534,0.032706180177696912,,119317
2025-03-07,optimism,6.28838097919953,0.304722405273640606,,894723
2025-03-07,scroll,0.5917980589965429,0.084230436321220402,,44738
2025-03-07,soneium,1.0128652537404348,0.273449254362597928,,1157611
2025-03-07,starknet,0.10258135458670038,0.057830035447439822,,65186
2025-03-07,taiko,4.037058613313128,3.160142777101730096,,2551019
2025-03-07,unichain,0.09736833847528384,0.076979885858436817,,212152
2025-03-07,worldchain,0.905940437383911,0.804482227489604524,,659392
2025-03-07,zksync_era,1.2228190423052496,0.578883071766767088,,111416
2025-03-08,arbitrum,3.696837133578048,0.253675901513049401,,1903262
2025-03-08,base,61.202785420619534,0.233318862399555831,,7517122
2025-03-08,ink,0.26455110349114686,0.005557522390436682,,222443
2025-03-08,linea,2.19544131703844,0.008685991291126543,,101690
2025-03-08,lisk,0.05294032614040354,0.000556337393114952,,37088
2025-03-08,mode,0.02709937625232009,0.002627805574593512,,111953
2025-03-08,optimism,1.8866176735680285,0.030371667223138856,,703549
2025-03-08,scroll,0.38665614093706796,0.038367862666070197,,26858
2025-03-08,soneium,0.7806106848545302,0.028479709428474304,,1278043
2025-03-08,starknet,0.03879950823978395,0.024943075372673457,,58636
2025-03-08,taiko,3.9759499912290375,2.64820254806861781,,2725888
2025-03-08,unichain,0.032922199406346594,0.028100256982491175,,261989
2025-03-08,worldchain,0.17307574717990812,0.122710122423758448,,624542
2025-03-08,zksync_era,0.8482771785678717,0.441073234857168287,,73712
2025-03-09,arbitrum,15.271424632412543,0.957824572928679955,,2334451
2025-03-09,base,73.01084187890213,1.57137546568832271,,8175583
2025-03-09,ink,0.4515387775481213,0.03142546583080415,,224628
2025-03-09,linea,2.877377840350982,0.0152164420075709,,111779
2025-03-09,lisk,0.033300858426448955,0.007606979502119264,,44076
2025-03-09,mode,0.07158276810303325,0.017494041253644616,,110552
2025-03-09,optimism,5.3232752788791995,0.242150508736514786,,837519
2025-03-09,scroll,0.4041689107466214,0.058128453568103708,,36560
2025-03-09,soneium,1.4147954301609575,0.302094617786870032,,1414920
2025-03-09,starknet,0.07638157829866575,0.02691028649172097,,59753
2025-03-09,taiko,3.9922611555396412,2.795432974589898702,,2633609
2025-03-09,unichain,0.08887465214465119,0.054120396647934852,,267585
2025-03-09,worldchain,0.7885976802265098,0.626355631472802912,,607942
2025-03-09,zksync_era,1.0164864284376383,0.525558572464978825,,95029
2025-03-10,arbitrum,98.16400792312564,10.516985791278856908,,2999581
2025-03-10,base,166.41277710832537,17.12044500665155776,,7692916
2025-03-10,ink,0.5061137160272867,0.311388944236012511,,191384
2025-03-10,linea,6.858648753771736,0.019968415726344243,,138393
2025-03-10,lisk,0.09543502931879581,0.123241232915987048,,32993
2025-03-10,mode,0.21333353898127153,0.168207747843410312,,104415
2025-03-10,optimism,23.668595772757865,3.843348596276291996,,935709
2025-03-10,scroll,1.4730802545137271,0.778045136079558226,,75153
2025-03-10,soneium,7.746298634850546,2.887998436007436384,,1353615
2025-03-10,starknet,1.719273764360094,0.18883771469719851,,558982
2025-03-10,taiko,3.954596826882537,6.694486612866158209,,2626682
2025-03-10,unichain,0.2517580106198923,0.42510767854638574,,221956
2025-03-10,worldchain,6.638543295439229,5.31449591808028836,,608481
2025-03-10,zksync_era,1.8144958538992477,1.56105247942034041,,123671
2025-03-11,arbitrum,53.10368271108378,2.435126067815338613,,2757133
2025-03-11,base,143.71941427571738,4.523474607060605878,,7468340
2025-03-11,ink,0.3796317961798953,0.129036314199188137,,167334
2025-03-11,linea,3.946771021663794,0.042652239552587385,,123757
2025-03-11,lisk,0.052267181414893255,0.011403490285769216,,29452
2025-03-11,mode,0.0940196797790722,0.04974386126499432,,107092
2025-03-11,optimism,16.366115362696135,0.700875918979066765,,876167
2025-03-11,scroll,0.648849708603596,0.19077812350559599,,49891
2025-03-11,soneium,3.036130876191488,0.869443504771019752,,1274961
2025-03-11,starknet,0.4337438061328678,0.085295194471087766,,517766
2025-03-11,taiko,3.858202397841935,3.602860312368324203,,2601920
2025-03-11,unichain,0.17244275019932154,0.166026011611698159,,242920
2025-03-11,worldchain,2.02562157607327,1.784239313514747468,,622979
2025-03-11,zksync_era,1.6384643067830005,1.006622566523062879,,124629
2025-03-12,arbitrum,15.577553227439775,1.805399013286220039,,2370857
2025-03-12,base,126.00722866228747,4.235018697535248938,,7591919
2025-03-12,ink,0.2689152686162358,0.067974932389801169,,189057
2025-03-12,linea,2.4311720901621974,0.034776036074318355,,115234
2025-03-12,lisk,0.04032211663782582,0.015754382230906896,,30484
2025-03-12,mode,0.1071490071613176,0.0476858292262168,,106336
2025-03-12,optimism,5.931566417702792,0.546319948463496548,,776203
2025-03-12,scroll,0.34154594387610665,0.071447985831504165,,34361
2025-03-12,soneium,4.097104244150752,0.869364945765212008,,1358859
2025-03-12,starknet,0.27976423469741185,0.058279070627392029,,413258
2025-03-12,taiko,3.9755337526019936,3.645549135974385994,,2739719
2025-03-12,unichain,0.1229242876857265,0.118950994808361732,,178616
2025-03-12,worldchain,1.6270978504639537,1.422570181241816676,,631936
2025-03-12,zksync_era,1.416397467042709,0.571828389097943252,,114393
2025-03-13,arbitrum,8.039227571883766,1.456880161684447463,,2010558
2025-03-13,base,89.21001591857143,4.087999941340530018,,7657380
2025-03-13,ink,0.2773048604648919,0.057467082955340366,,176738
2025-03-13,linea,1.8039388340070885,0.048636099569449012,,148543
2025-03-13,lisk,0.03244342801849559,0.023390184646907064,,38946
2025-03-13,mode,0.06419232595095659,0.042505748208650912,,101139
2025-03-13,optimism,4.162063737721225,0.475730515885143066,,758391
2025-03-13,scroll,0.30208318148473995,0.068718639763566517,,32786
2025-03-13,soneium,5.6249899596570625,0.828494982208394816,,1439726
2025-03-13,starknet,0.2521727137694688,0.055830654934378745,,505740
2025-03-13,taiko,3.9976795783693966,3.399525950094270027,,2969596
2025-03-13,unichain,0.1725642113155129,0.131501086073633418,,213963
2025-03-13,worldchain,1.7740054530332172,1.554436149584818764,,637717
2025-03-13,zksync_era,0.977789167874333,0.516222262868174383,,105280
2025-03-14,arbitrum,6.02308116875749,0.651822891508291414,,1651294
2025-03-14,base,87.23576235251218,1.475796551204921625,,7535562
2025-03-14,ink,0.22820559021918677,0.023838465775893517,,249279
2025-03-14,linea,1.6597247164678046,0.032306330771407671,,173726
2025-03-14,lisk,0.019446363086830815,0.009384614755020928,,34802
2025-03-14,mode,0.047362575399987034,0.013380274428893368,,100757
2025-03-14,optimism,2.395677204502733,0.194012935603826948,,732217
2025-03-14,scroll,0.2433861548172939,0.042629082359913005,,26183
2025-03-14,soneium,7.8433937188136555,0.316892924592819348,,1644323
2025-03-14,starknet,0.22165844507517474,0.050133992295916739,,822275
2025-03-14,taiko,4.083003817571935,3.005281197389173614,,3136299
2025-03-14,unichain,0.09268706030687646,0.056159058726833054,,173638
2025-03-14,worldchain,0.6692395932340698,0.613513835860556304,,632090
2025-03-14,zksync_era,0.7715658897027,0.484679166027117363,,89506
2025-03-15,arbitrum,2.989148107631009,0.230677687833863393,,1328168
2025-03-15,base,55.29779738723424,0.46811751066211574,,7018793
2025-03-15,ink,0.20974201439045795,0.008478843723467853,,192002
2025-03-15,linea,1.1553744860195592,0.009389860561375847,,117769
2025-03-15,lisk,0.011717355542580021,0.001964593785916584,,28535
2025-03-15,mode,0.020240923937940365,0.004892504552765856,,116673
2025-03-15,optimism,1.6019491376135944,0.053748122997532935,,708649
2025-03-15,scroll,0.16873579759911078,0.025672693562355151,,21999
2025-03-15,soneium,2.246799468938395,0.078861155390120376,,1491913
2025-03-15,starknet,0.2409091461280385,0.023547890511005346,,1494083
2025-03-15,taiko,4.1640826306029455,2.812931744395682148,,3260266
2025-03-15,unichain,0.06155516529531089,0.030089666058600598,,192868
2025-03-15,worldchain,0.22059226327809411,0.215935860979343412,,615620
2025-03-15,zksync_era,0.669753347562587,0.365669977662428572,,80207
2025-03-16,arbitrum,5.14366979394913,0.225677465490130835,,1641914
2025-03-16,base,55.45576582050525,0.288926070315582493,,7546582
2025-03-16,ink,0.19775331450776815,0.006588723496010487,,275316
2025-03-16,linea,1.3180427951150606,0.008051634650833091,,121979
2025-03-16,lisk,0.019588007954156744,0.000735940495532824,,31848
2025-03-16,mode,0.01805820431166342,0.002958390836589488,,146489
2025-03-16,optimism,2.0759301911774286,0.033941606741072081,,687557
2025-03-16,scroll,0.2186024889988786,0.027259657694782673,,25694
2025-03-16,soneium,2.0932965250155773,0.040493617795086072,,1511914
2025-03-16,starknet,0.24019711797070242,0.020733229364467045,,1622986
2025-03-16,taiko,3.943913858813294,2.653151493985067328,,2919329
2025-03-16,unichain,0.08933310915650601,0.027724895814118212,,241565
2025-03-16,worldchain,0.11489490460279041,0.14002456746508638,,601681
2025-03-16,zksync_era,0.7081881704751547,0.406090124701175208,,78356
2025-03-17,arbitrum,5.503555394519943,1.301015729988154356,,1765060
2025-03-17,base,76.54183191796837,3.292132132220123449,,6896510
2025-03-17,ink,0.3460267456783069,0.05284540017971263,,195624
2025-03-17,linea,1.4138927554692264,0.06282358304956902,,110840
2025-03-17,lisk,0.04135304124052798,0.026009757517486744,,41823
2025-03-17,mode,0.06514331738046486,0.030692395572717584,,102370
2025-03-17,optimism,2.6559170188886267,0.432736089097417024,,724276
2025-03-17,scroll,0.2307079489102395,0.049228728226452755,,26130
2025-03-17,soneium,5.397970397633959,0.69098636712887112,,1371267
2025-03-17,starknet,0.4915762421007155,0.057715692597392711,,1051025
2025-03-17,taiko,6.133534471332248,4.412611054546228496,,3674276
2025-03-17,unichain,0.18815026077525196,0.147831076692039862,,216613
2025-03-17,worldchain,1.6747709476838835,1.484474505714787032,,673361
2025-03-17,zksync_era,0.874821247391806,0.496098949296484049,,90997
2025-03-18,arbitrum,4.74262547659416,0.273067114462190537,,1806151
2025-03-18,base,75.22876353025754,0.397006456351321621,,7426995
2025-03-18,ink,0.5751881362311524,0.009220392424375752,,268327
2025-03-18,linea,1.2277507539349484,0.006661168040612187,,94201
2025-03-18,lisk,0.3113424310409091,0.004223756050577208,,214763
2025-03-18,mode,0.025929868323172886,0.004520951675738288,,130152
2025-03-18,optimism,1.700400886420784,0.047173313950729187,,733823
2025-03-18,scroll,0.2904314597348186,0.028285657497790598,,26324
2025-03-18,soneium,3.7983850481829986,0.072169754545160792,,1442254
2025-03-18,starknet,0.14060593642349092,0.024407025051160097,,880990
2025-03-18,taiko,3.687931401470833,1.975075377324112836,,2308115
2025-03-18,unichain,0.05766620547784565,0.030103425606331484,,226250
2025-03-18,worldchain,0.24498075762356164,0.211453547099749476,,667076
2025-03-18,zksync_era,0.7174328147135227,0.429066724512424378,,78170
2025-03-19,arbitrum,13.187897101265763,0.284137963249766621,,1933691
2025-03-19,base,95.7462945118142,0.23161156031201351,,7741344
2025-03-19,ink,0.5816272312666397,0.006055901795271419,,306123
2025-03-19,linea,1.651316874126665,0.007897321085985218,,101275
2025-03-19,lisk,0.14115817893798382,0.001571076476064104,,114696
2025-03-19,mode,0.02827497561900537,0.00186137318616544,,120681
2025-03-19,optimism,3.253257648615842,0.03350902545108263,,781355
2025-03-19,scroll,0.2944252473217602,0.036502374314691644,,26857
2025-03-19,soneium,6.811753441929181,0.031646768389579024,,1512282
2025-03-19,starknet,0.2001968624254914,0.024498396647829943,,1149573
2025-03-19,taiko,2.722159277774768,1.232024361157385019,,2147797
2025-03-19,unichain,0.11786267876997296,0.026571547040163274,,201264
2025-03-19,worldchain,0.09378898176252179,0.12609024333958284,,662978
2025-03-19,zksync_era,0.8101288636218429,0.686233899441342984,,81390
2025-03-20,arbitrum,5.141590657542346,0.224302554638259673,,1695369
2025-03-20,base,62.172990075073876,0.200369150727651461,,8221351
2025-03-20,ink,0.3510996217305235,0.004553167894083163,,232202
2025-03-20,linea,1.275423963822337,0.006117596151451108,,94681
2025-03-20,lisk,0.09073154701287559,0.000655348820600912,,48772
2025-03-20,mode,0.023446915251534074,0.00125864222196612,,110525
2025-03-20,optimism,1.7962892854650583,0.02486123344636796,,771324
2025-03-20,scroll,0.22386301515572526,0.031636996979736913,,24192
2025-03-20,soneium,5.734470683613113,0.024727968366836872,,1575952
2025-03-20,starknet,0.11236236824866289,0.024471090871326721,,724358
2025-03-20,taiko,2.6627530073431185,1.10788658014341739,,2593450
2025-03-20,unichain,0.047233056802149204,0.024585358823747838,,221750
2025-03-20,worldchain,0.0916969332316567,0.116308579251221508,,689115
2025-03-20,zksync_era,0.6275768874478801,2.161999011174407851,,71618
2025-03-21,arbitrum,3.8555512643041343,0.184872369122511272,,1544740
2025-03-21,base,44.94528461057361,0.207686544020848668,,8377076
2025-03-21,ink,0.35110838598959504,0.004606154621409916,,230341
2025-03-21,linea,1.3293089707681076,0.005365215600991727,,94991
2025-03-21,lisk,0.03696148967762766,0.000920966610815056,,53416
2025-03-21,mode,0.015628700046790185,0.001766514175213696,,122557
2025-03-21,optimism,1.472868849401566,0.034434718736190301,,1675417
2025-03-21,scroll,0.2802322430057168,0.025657901048474607,,25722
2025-03-21,soneium,7.251954748559696,0.02648578059247424,,1572959
2025-03-21,starknet,0.06318179792981875,0.024681421127593629,,422829
2025-03-21,taiko,2.4758732113855793,1.077527464549781134,,2285861
2025-03-21,unichain,0.06198737289854614,0.022867502901036133,,200208
2025-03-21,worldchain,0.0772016467749497,0.1142220001832148,,562089
2025-03-21,zksync_era,0.5726711949002198,0.730321899120590649,,69232
2025-03-22,arbitrum,3.4711814500609397,0.231468677270650285,,1420938
2025-03-22,base,28.04941754615817,0.320898511675516542,,7610390
2025-03-22,ink,0.29187478389378796,0.006662836174945477,,221394
2025-03-22,linea,0.910764622669527,0.006188537411412205,,74797
2025-03-22,lisk,0.0359535469868361,0.000737087127895824,,45149
2025-03-22,mode,0.019741051774537294,0.002107510601591384,,100765
2025-03-22,optimism,1.312622748449217,0.064886489863353698,,1465580
2025-03-22,scroll,0.2578276363322968,0.025193458973102457,,27001
2025-03-22,soneium,7.93033515432329,0.042248802809887532,,1678997
2025-03-22,starknet,0.09021260232573426,0.024389499471751449,,616108
2025-03-22,taiko,2.6307407002258496,1.065818268260179119,,2428721
2025-03-22,unichain,0.0511281132076909,0.025102078228378519,,186245
2025-03-22,worldchain,0.13205978032190868,0.165302495476799808,,462857
2025-03-22,zksync_era,0.7527356567510601,0.362723350121485731,,66993
2025-03-23,arbitrum,3.429166604372233,0.180280344297550428,,1444043
2025-03-23,base,38.022763410002995,0.169849616186462848,,7249498
2025-03-23,ink,0.3921778883532335,0.003713103458976736,,193869
2025-03-23,linea,1.067211657975315,0.004273122094464844,,85150
2025-03-23,lisk,0.01930723431936331,0.000399278291675704,,38706
2025-03-23,mode,0.010869844420226338,0.001100638319060552,,102569
2025-03-23,optimism,1.3529225023390703,0.023385668305722157,,1057368
2025-03-23,scroll,0.2100163779432254,0.021688671690297423,,25089
2025-03-23,soneium,8.274790020203422,0.02048053392696696,,1632348
2025-03-23,starknet,0.11793996802387148,0.018669560032535346,,910598
2025-03-23,taiko,2.4148405005665077,0.984893963656489494,,2136671
2025-03-23,unichain,0.04340829158715836,0.022115673152513581,,222124
2025-03-23,worldchain,0.07250630827582773,0.11029119132280836,,483522
2025-03-23,zksync_era,0.7721986394361422,1.248041416058595727,,83084
2025-03-24,arbitrum,5.769205496786142,0.269732116014899596,,1938733
2025-03-24,base,69.30690345975316,0.189412337031443028,,7197677
2025-03-24,ink,0.3657607256427759,0.00475726323221094,,236516
2025-03-24,linea,1.3000448499747044,0.007196036425517869,,102239
2025-03-24,lisk,0.041158158088194716,0.000666742063816752,,47238
2025-03-24,mode,0.018813416039842015,0.001343166827650376,,107233
2025-03-24,optimism,1.816773500215838,0.028346069919164614,,1148547
2025-03-24,scroll,0.2939016270141064,0.040261993741326385,,29841
2025-03-24,soneium,8.110948228962203,0.023501643983494536,,1568397
2025-03-24,starknet,0.09328136858162556,0.033015553507865758,,540422
2025-03-24,taiko,2.466729879816019,0.985688580789378539,,2106741
2025-03-24,unichain,0.10042162969586471,0.02544162143472127,,219332
2025-03-24,worldchain,0.10775982895676296,0.12924049699719846,,488832
2025-03-24,zksync_era,0.6490086966867208,0.338420655884764693,,75762
2025-03-25,arbitrum,5.521317975457185,0.234305797739265234,,1927120
2025-03-25,base,62.86938791806968,0.180381576820698196,,6903330
2025-03-25,ink,0.2645188714994173,0.004241217130755129,,235358
2025-03-25,linea,1.3393352566494006,0.008282919561487572,,119363
2025-03-25,lisk,0.055619036880976705,0.000530208915928376,,48244
2025-03-25,mode,0.03459866433439181,0.001412958730648664,,105163
2025-03-25,optimism,1.4384273349680323,0.025719190960633214,,1069180
2025-03-25,scroll,0.3623996683760871,0.031518474240179532,,29178
2025-03-25,soneium,8.8936553777448,0.021830609853017624,,1609214
2025-03-25,starknet,0.05304580708410242,0.024058854745588891,,237399
2025-03-25,taiko,2.3775996989427433,0.920321826517940612,,2172971
2025-03-25,unichain,0.055470162652045275,0.022856250925608259,,178468
2025-03-25,worldchain,0.10315620882455853,0.129360349893120288,,493343
2025-03-25,zksync_era,0.5336722543649841,0.372591294626411522,,64655
2025-03-26,arbitrum,6.698919006229627,0.275392874823724961,,1983921
2025-03-26,base,53.59840169652411,0.191467515265534275,,6804832
2025-03-26,ink,0.29294052251320524,0.005214423728474058,,304477
2025-03-26,linea,1.4796750174322901,0.008205198572371274,,113726
2025-03-26,lisk,0.0232786033640342,0.000612770913705392,,42537
2025-03-26,mode,0.023885148039057277,0.001295888115376608,,77733
2025-03-26,optimism,1.7612684629640039,0.031398046260658314,,1057530
2025-03-26,scroll,0.27480422852645425,0.037131712858206462,,28936
2025-03-26,soneium,13.002659209154146,0.027067118699989816,,1492453
2025-03-26,starknet,0.09420138197156425,0.053238557539207085,,185661
2025-03-26,taiko,2.347262056010145,0.966780361235855603,,2132696
2025-03-26,unichain,0.05917165382109897,0.025865060396571437,,232529
2025-03-26,worldchain,0.10305409635218013,0.128618182902906444,,490431
2025-03-26,zksync_era,0.559829985627683,0.155852846649496166,,69646
2025-03-27,arbitrum,5.589529616075921,0.263463494608000829,,2035325
2025-03-27,base,46.672490188135455,0.198356614496351341,,6957059
2025-03-27,ink,0.3028438381328712,0.005098766997946557,,255212
2025-03-27,linea,1.3906796934082264,0.002754499675350407,,99250
2025-03-27,lisk,0.022526262147653183,0.000715983582528312,,42417
2025-03-27,mode,0.01888704790802819,0.001461388327150688,,102005
2025-03-27,optimism,1.5184007408563722,0.030085867373524812,,1147883
2025-03-27,scroll,0.26866431360257276,0.035208399192234987,,26472
2025-03-27,soneium,12.96037690819871,0.027018935423035032,,1468695
2025-03-27,starknet,0.11785933350929059,0.049100451198864346,,292407
2025-03-27,taiko,2.367989946074572,1.157143224179410306,,2102073
2025-03-27,unichain,0.03900342501293067,0.025696570994439176,,210346
2025-03-27,worldchain,0.15568913700099035,0.126973104007971336,,648322
2025-03-27,zksync_era,0.548548048256357,0.103887869283462832,,68264
2025-03-28,arbitrum,11.390963979162704,0.635405044467140488,,2138979
2025-03-28,base,67.05307613399415,1.125969307465230887,,7059591
2025-03-28,ink,0.3830926246558054,0.023911228214407159,,213155
2025-03-28,linea,1.4869169428667057,0.03034811197163415,,99139
2025-03-28,lisk,0.037690039434315606,0.004236750728664304,,43330
2025-03-28,mode,0.08027234897559196,0.012770902053277496,,119217
2025-03-28,optimism,2.8295428191345704,0.163011913437019018,,986631
2025-03-28,scroll,0.281007090156406,0.045067913964359053,,29704
2025-03-28,soneium,15.691399983658565,0.239990074307762844,,1493946
2025-03-28,starknet,0.13931470148120828,0.041538623230876056,,337029
2025-03-28,taiko,2.3686379799120276,1.265287071189077438,,2165282
2025-03-28,unichain,0.1016094943480364,0.059517555352356844,,177837
2025-03-28,worldchain,0.6676814202737578,0.597209756403569292,,551128
2025-03-28,zksync_era,1.0085167617537554,0.024232575855012068,,82427
2025-03-29,arbitrum,8.736314609625172,0.274144062354092916,,2353307
2025-03-29,base,43.63975800583343,0.231753608143316067,,6776553
2025-03-29,ink,0.2680346473999134,0.00622355996239533,,276528
2025-03-29,linea,1.297429511692078,0.006799912571128731,,91971
2025-03-29,lisk,0.016534348968241405,0.00141534150494456,,37023
2025-03-29,mode,0.03709049324163911,0.002533792304145784,,107945
2025-03-29,optimism,1.7948249875914004,0.03607205096217831,,972971
2025-03-29,scroll,0.2258022084415789,0.026642884127231544,,26303
2025-03-29,soneium,28.494552842893405,0.040206419169435384,,1334170
2025-03-29,starknet,0.0824867567310122,0.024584593522412775,,386784
2025-03-29,taiko,2.337380187998116,1.320834353092839738,,2090956
2025-03-29,unichain,0.04203587060381769,0.024923759580288564,,182845
2025-03-29,worldchain,0.13042090167701706,0.138074598465707412,,512769
2025-03-29,zksync_era,0.6659551893222787,0.016397032737402244,,71088
2025-03-30,arbitrum,6.170122521632826,0.220338936849056254,,2033571
2025-03-30,base,49.52841122467649,0.167879092429736663,,6896911
2025-03-30,ink,0.3627549503115722,0.004580987134059989,,305640
2025-03-30,linea,1.3215770710904384,0.00445829736184249,,97574
2025-03-30,lisk,0.021593829798769178,0.0006496832608954,,44466
2025-03-30,mode,0.019835911702647605,0.001801200249458688,,141774
2025-03-30,optimism,1.7857249366255932,0.025247930350908795,,1082444
2025-03-30,scroll,0.2067601957377114,0.022690492962615712,,23892
2025-03-30,soneium,36.96958723871567,0.02297803902851934,,1366468
2025-03-30,starknet,0.04981999223153375,0.020330842657019754,,237726
2025-03-30,taiko,3.786359363615184,2.446397948975870661,,2181718
2025-03-30,unichain,0.024359602072979134,0.022258365797710971,,158666
2025-03-30,worldchain,0.1647988797943417,0.105039622717770876,,471119
2025-03-30,zksync_era,0.6346547636492269,0.018260409566518682,,71580
2025-03-31,arbitrum,10.420647319531902,0.771657109154935824,,2527164
2025-03-31,base,63.49138064138785,1.342664558476181027,,7471159
2025-03-31,ink,0.6257262734493384,0.027333513289602048,,219859
2025-03-31,linea,1.7098636542997234,0.012243519210791572,,106350
2025-03-31,lisk,0.024461017473512925,0.00581123880962696,,51121
2025-03-31,mode,0.029954138455313396,0.012198795418849856,,128386
2025-03-31,optimism,3.144437132666755,0.205050272901499853,,993648
2025-03-31,scroll,0.27625652040601134,0.052732696741982318,,31811
2025-03-31,soneium,46.688591153001205,0.299600347459464184,,1424611
2025-03-31,starknet,0.19241110715783308,0.03414343152466946,,824027
2025-03-31,taiko,2.332089451535184,1.417500318660913175,,2200499
2025-03-31,unichain,0.07769192237271508,0.057952574371511901,,167122
2025-03-31,worldchain,0.6560372809835678,0.545291152403707104,,472998
2025-03-31,zksync_era,0.7355333374891715,0.024513365411572774,,77494
2025-04-01,arbitrum,10.038048546336974,1.67627251641886956,,2108991
2025-04-01,base,60.156905491077175,3.485661360537617653,,6651133
2025-04-01,ink,1.091107812356428,0.084265494947659271,,301220
2025-04-01,linea,1.426156945170705,0.037675890085411258,,83670
2025-04-01,lisk,0.06070302603155024,0.032150638817432568,,69005
2025-04-01,mode,0.05559521810395366,0.033680176232819232,,120451
2025-04-01,optimism,2.9030785566107435,0.548450578340282498,,870764
2025-04-01,scroll,0.2631746456550362,0.078011354828818914,,24639
2025-04-01,soneium,0.870942290211961,0.208840305810683144,,637991
2025-04-01,starknet,0.19002810046098478,0.038184784418253724,,564960
2025-04-01,taiko,2.329570942719265,3.642440595854282737,,2229317
2025-04-01,unichain,0.13367054068616407,0.119189263334617223,,163777
2025-04-01,worldchain,1.9706354123243033,1.650729040575024144,,472260
2025-04-01,zksync_era,0.6690686294851954,0.041887539302889976,,69608
2025-04-02,arbitrum,32.64840478077996,0.383313391530453001,,2594227
2025-04-02,base,114.38679244859276,0.217683831142110326,,7255479
2025-04-02,ink,0.9055414834233081,0.006961584418451668,,305483
2025-04-02,linea,1.824515073355057,0.006407979779649167,,101642
2025-04-02,lisk,0.04704690105167158,0.001143899997051928,,50365
2025-04-02,mode,0.027186225435919035,0.003194969520141736,,138513
2025-04-02,optimism,4.354236929978306,0.036667752871369825,,964993
2025-04-02,scroll,0.2989851174971391,0.064611109007570154,,28770
2025-04-02,soneium,0.3264240198962084,0.018494166199873687,,812297
2025-04-02,starknet,0.1253258621744417,0.035267580556273431,,568689
2025-04-02,taiko,2.280998134817597,2.346749779494986767,,2010660
2025-04-02,unichain,0.09838043424244881,0.029788667509586124,,185265
2025-04-02,worldchain,0.13569288973286725,0.125628864250652856,,470460
2025-04-02,zksync_era,0.8864504424561501,0.0209401825514694,,83664
2025-04-03,arbitrum,18.273279049448757,0.405593060842873751,,2373404
2025-04-03,base,54.16197088879497,0.242590635480501529,,7517070
2025-04-03,ink,0.4969323801326537,0.007545958041554065,,300847
2025-04-03,linea,1.6084606696904342,0.00759275624590358,,89610
2025-04-03,lisk,0.01650888814917071,0.000649349432644232,,44709
2025-04-03,mode,0.04542277795511418,0.00329030595787072,,151737
2025-04-03,optimism,4.449383174905883,0.0407056459327357,,953180
2025-04-03,scroll,0.31063198491147287,0.069665185322429952,,33091
2025-04-03,soneium,0.4270883363955596,0.020292534955929082,,773494
2025-04-03,starknet,0.11401240814095465,0.033542630066113323,,421594
2025-04-03,taiko,2.262486066311892,1.547298252716768343,,2212806
2025-04-03,unichain,0.05039514751726225,0.030349358680485786,,153568
2025-04-03,worldchain,0.16415734277500327,0.143621514239067036,,459789
2025-04-03,zksync_era,0.7021334007584411,0.019529417887021396,,75585
2025-04-04,arbitrum,13.308242603540211,0.281138502022565376,,2158307
2025-04-04,base,54.90559692545874,0.185797548117562653,,6943821
2025-04-04,ink,0.46723754530875816,0.006245352505202308,,320578
2025-04-04,linea,1.5259312761182422,0.00543844063634281,,83203
2025-04-04,lisk,0.022091051287661877,0.000543172108846696,,36150
2025-04-04,mode,0.02399748183595689,0.002106506724993608,,151274
2025-04-04,optimism,3.3050534609216853,0.030754737003178404,,813380
2025-04-04,scroll,0.31021501613810976,0.046894056550278477,,29023
2025-04-04,soneium,0.22538399959300132,0.015121568457447111,,673763
2025-04-04,starknet,0.13569155181354683,0.040088160700557277,,975852
2025-04-04,taiko,2.2975952798410493,1.327676677103439813,,2258631
2025-04-04,unichain,0.045347874424187466,0.024697750811788023,,193212
2025-04-04,worldchain,0.12776567946584952,0.121053141923578068,,478927
2025-04-04,zksync_era,0.7671005277986152,0.017420920232752536,,76440
2025-04-05,arbitrum,3.919362539738576,0.183754390100441803,,1424133
2025-04-05,base,25.20430047907928,0.147216036432420428,,5903442
2025-04-05,ink,0.42780614865131333,0.004675445770202498,,283589
2025-04-05,linea,0.894057953615836,0.003258471678988109,,64381
2025-04-05,lisk,0.022077788281437045,0.00061618031281856,,49544
2025-04-05,mode,0.031126318961043474,0.001335114142814344,,117644
2025-04-05,optimism,1.0821265505277684,0.023826605213901078,,741968
2025-04-05,scroll,0.20255809314091722,0.033910314035941145,,25810
2025-04-05,soneium,0.3359868668080697,0.012548439065827989,,772075
2025-04-05,starknet,0.08782372113905396,0.023465507907633079,,776146
2025-04-05,taiko,2.228971023384923,1.322540166171643839,,2123869
2025-04-05,unichain,0.04232452561111424,0.022690339080519396,,217031
2025-04-05,worldchain,0.10570579793506418,0.113575381087831392,,465100
2025-04-05,zksync_era,0.4261174235181741,0.014753313124748124,,50801
2025-04-06,arbitrum,122.07805176332936,2.700751531534221031,,2698267
2025-04-06,base,135.96635992207484,2.282600807889441405,,7231135
2025-04-06,ink,0.6488531586040737,0.05596857976654315,,287203
2025-04-06,linea,3.970538475141264,0.003762369859377275,,106842
2025-04-06,lisk,0.033121970017584934,0.005292599961928168,,48761
2025-04-06,mode,0.08593527060076149,0.007352646165081168,,113604
2025-04-06,optimism,22.63067176594405,0.442005542328273145,,1052634
2025-04-06,scroll,1.3184193433811955,0.295248544899259,,77026
2025-04-06,soneium,1.0312627331309008,0.32331360829350714,,1047287
2025-04-06,starknet,0.3892502757625952,0.022956046728166993,,774107
2025-04-06,taiko,2.243368969608089,2.767968776530371244,,2165832
2025-04-06,unichain,0.14130979975418834,0.115118311503522062,,237570
2025-04-06,worldchain,1.1209752627858751,1.035994300357301388,,449781
2025-04-06,zksync_era,1.10464198196785,0.076387690769620476,,80184
2025-04-07,arbitrum,174.1900892810486,4.786864405135278313,,3099411
2025-04-07,base,232.38570228893582,7.748208759747213712,,7668059
2025-04-07,ink,0.5249692972795574,0.145529970231623786,,223829
2025-04-07,linea,5.268998896847671,0.038003988433646996,,143619
2025-04-07,lisk,0.08528494709927925,0.038737141779920096,,40567
2025-04-07,mode,0.17633646834504318,0.066857139797497504,,103417
2025-04-07,optimism,26.68763328385402,1.385468741134068055,,1099492
2025-04-07,scroll,1.3700426261161942,0.645778705694355616,,64032
2025-04-07,soneium,2.2950077533910287,0.863546369016799892,,1012382
2025-04-07,starknet,0.7870453656850744,0.112998770605905447,,381061
2025-04-07,taiko,2.2854195821565817,4.228609477736835412,,2213002
2025-04-07,unichain,0.35180373365429823,0.399737330321072887,,235159
2025-04-07,worldchain,3.750156121244836,3.379556504626391172,,459363
2025-04-07,zksync_era,1.5122249209130896,0.198903026043272444,,109817
2025-04-08,arbitrum,15.352623719678776,2.054409432474360183,,2442809
2025-04-08,base,67.86750005386793,3.570704816409201695,,6996324
2025-04-08,ink,0.43158603543524443,0.153736322689292999,,283080
2025-04-08,linea,1.7055893907832627,0.028894215625453584,,90766
2025-04-08,lisk,0.03627938418408624,0.01511014243431228,,54648
2025-04-08,mode,0.04785185163134314,0.026897615044709216,,103702
2025-04-08,optimism,7.7291665842733615,0.943640712007590727,,1143483
2025-04-08,scroll,0.370179893095627,0.104479881949815419,,40025
2025-04-08,soneium,1.0736112536050408,0.347422622482162785,,1045709
2025-04-08,starknet,0.28443747554704185,0.082257661046183145,,727456
2025-04-08,taiko,2.4196740785494883,2.887504864067526121,,2365176
2025-04-08,unichain,0.19995557775726272,0.176948083315714504,,245754
2025-04-08,worldchain,1.8883228050432537,1.595186022923088156,,462179
2025-04-08,zksync_era,0.699171146645614,0.039858752630137756,,75988
2025-04-09,arbitrum,68.28245369299498,1.447221316881529013,,2817235
2025-04-09,base,130.91040908766075,1.495538244745100209,,6924600
2025-04-09,ink,0.5608799051716142,0.077352796621096052,,332329
2025-04-09,linea,3.029377568366991,0.012118729676302476,,126213
2025-04-09,lisk,0.06620089622559766,0.008038401241005752,,45675
2025-04-09,mode,0.10839633236496765,0.025508577545571552,,126156
2025-04-09,optimism,11.000067804552103,0.238863099891657388,,1113757
2025-04-09,scroll,0.5335115800992433,0.243602431100242955,,43580
2025-04-09,soneium,0.6085309468623175,0.145219626141180351,,969380
2025-04-09,starknet,0.4206543870668239,0.048462615283920941,,761697
2025-04-09,taiko,2.6332378993626575,2.481058929874740839,,2384531
2025-04-09,unichain,0.10178695594389962,0.104070823192147654,,266788
2025-04-09,worldchain,0.8098812395642436,0.660515442380927664,,506552
2025-04-09,zksync_era,1.2138455499755336,0.070797231726154418,,111585
2025-04-10,arbitrum,26.938430775200796,3.571250131120552092,,2460568
2025-04-10,base,88.09253669899215,8.495515187307417877,,7305218
2025-04-10,ink,0.5186243823737027,0.220420296029264505,,284712
2025-04-10,linea,2.6020563389850837,0.016344255996462097,,100024
2025-04-10,lisk,0.05242906507275267,0.00964839083753716,,39903
2025-04-10,mode,0.13270506537537832,0.04978077426420224,,126482
2025-04-10,optimism,6.145608179093306,1.514021228258347738,,980920
2025-04-10,scroll,0.40754380371325793,0.264985790522473849,,32595
2025-04-10,soneium,1.8974046844576762,0.938389336897924643,,1034102
2025-04-10,starknet,0.687442793563223,0.249374545764359278,,777216
2025-04-10,taiko,2.1317942516998674,3.717154890603972889,,2213141
2025-04-10,unichain,0.33524349702727163,0.270148446958325812,,310637
2025-04-10,worldchain,3.7126708258008367,3.721809478718165436,,617606
2025-04-10,zksync_era,0.8310379459417372,0.125265907302505348,,86777
2025-04-11,arbitrum,8.730684546946032,1.036365094425607052,,1992862
2025-04-11,base,77.7651504141006,2.210956836596715484,,7409022
2025-04-11,ink,0.3027180595137211,0.056755723572781175,,295365
2025-04-11,linea,1.681135163397073,0.008530373062636689,,82876
2025-04-11,lisk,0.03326922560638605,0.019496649197647016,,31925
2025-04-11,mode,0.06294935486134201,0.0253307073580314,,111214
2025-04-11,optimism,3.6664272948972307,0.321713448595602462,,887800
2025-04-11,scroll,0.27577509796892624,0.083639337483314234,,28567
2025-04-11,soneium,1.2271498131946876,0.314098159538281559,,1383410
2025-04-11,starknet,0.21501458960686887,0.060752158526668836,,489212
2025-04-11,taiko,2.066792482439222,2.187699181911512022,,2456004
2025-04-11,unichain,0.1310941040111669,0.108578491908231256,,295600
2025-04-11,worldchain,1.200643288557316,0.976133805075470508,,601916
2025-04-11,zksync_era,0.6787987936824357,0.02724787711230674,,65448
2025-04-12,arbitrum,6.566318424650447,0.947143829515374317,,1640046
2025-04-12,base,51.731446496719386,2.374997595148897633,,7759580
2025-04-12,ink,0.24154576134942088,0.043943771382719729,,256660
2025-04-12,linea,1.4010079361180618,0.026500193670139275,,74739
2025-04-12,lisk,0.039979728077995616,0.018557800024034592,,42268
2025-04-12,mode,0.03207524182843286,0.02519074955960008,,102811
2025-04-12,optimism,2.727358632659194,0.301200803234818269,,857159
2025-04-12,scroll,0.26171939409680234,0.059770831680284713,,28347
2025-04-12,soneium,1.3359317074408634,0.294580769947839011,,1234515
2025-04-12,starknet,0.24271114699190602,0.050116463446545074,,597192
2025-04-12,taiko,2.026041324896767,2.445515827149613583,,2203578
2025-04-12,unichain,0.13873388824764749,0.117649780883816554,,303508
2025-04-12,worldchain,1.3677059609216535,1.137978325962030708,,605841
2025-04-12,zksync_era,0.6201277783095307,0.025673281110170476,,64262
2025-04-13,arbitrum,10.021600023451038,0.208574960615888738,,1750107
2025-04-13,base,66.25072061390563,0.190513329510638873,,7611879
2025-04-13,ink,0.3999858987399972,0.004759375625669395,,261026
2025-04-13,linea,3.42845513704701,0.004631246322353488,,83242
2025-04-13,lisk,0.017318833240219718,0.0006384870219998,,39720
2025-04-13,mode,0.031138009534245323,0.00249747460794388,,122043
2025-04-13,optimism,6.38546951365341,0.028848133706070772,,943055
2025-04-13,scroll,0.48233718577705464,0.038485816845100047,,28135
2025-04-13,soneium,0.7264338196436047,0.017030691826531435,,1054105
2025-04-13,starknet,0.107830393323832,0.021155940711755422,,579887
2025-04-13,taiko,3.8394995746838063,1.236969359156291363,,2356322
2025-04-13,unichain,0.2706867106527853,0.025818080512906954,,310114
2025-04-13,worldchain,0.10841569504287904,0.12635856220645236,,641572
2025-04-13,zksync_era,0.8083739705098535,0.017583951564216116,,75223
2025-04-14,arbitrum,7.047988414013398,0.78599115134373044,,1854777
2025-04-14,base,63.297220197311844,1.263706506248769663,,7942267
2025-04-14,ink,0.2788169152869394,0.032841052104831022,,277504
2025-04-14,linea,2.533533876945279,0.008844138569954872,,85423
2025-04-14,lisk,0.019286334165313234,0.001512861431247816,,33295
2025-04-14,mode,0.028896926069262616,0.005471572572053024,,85197
2025-04-14,optimism,14.771765228619476,0.192839950517592368,,930488
2025-04-14,scroll,0.3644278352165521,0.108649729375601001,,29871
2025-04-14,soneium,1.5802602551023104,0.165428670285575059,,1178158
2025-04-14,starknet,0.23912526559279793,0.194933010213064412,,563801
2025-04-14,taiko,2.893079405745883,1.972199840617922075,,2225432
2025-04-14,unichain,0.1412272563507674,0.08524123251037739,,340179
2025-04-14,worldchain,0.8598037324666137,0.657566925886210572,,638271
2025-04-14,zksync_era,1.0980098853548539,0.029858107304971392,,70430
2025-04-15,arbitrum,8.543542456998983,1.18050978327512013,,1740977
2025-04-15,base,55.26670247472701,2.778257109317183655,,7136945
2025-04-15,ink,0.23335201769559438,0.060017553560555181,,225189
2025-04-15,linea,1.8380878155634073,0.019390220471312452,,85495
2025-04-15,lisk,0.029867350690740348,0.00622234444472292,,37023
2025-04-15,mode,0.03605254464230823,0.031778666324820024,,104776
2025-04-15,optimism,18.376710644187376,0.635118802818003433,,1365456
2025-04-15,scroll,0.2633951737258908,0.068566425948579026,,31704
2025-04-15,soneium,1.5216275221472286,0.338867970055244845,,1249626
2025-04-15,starknet,0.11539510066737192,0.021009515930543139,,198176
2025-04-15,taiko,2.0211747004157044,2.279601829633039993,,2111054
2025-04-15,unichain,0.36675928999257446,0.207362281421391857,,372817
2025-04-15,worldchain,1.7816285700068815,1.500921925938137856,,624971
2025-04-15,zksync_era,1.2053278622460535,0.044764535366110564,,77721
2025-04-16,arbitrum,12.0554822329019,1.410191573855138869,,1853339
2025-04-16,base,110.50650217820484,5.878919911440448086,,7117595
2025-04-16,ink,0.359068171540877,0.233499756023822252,,222930
2025-04-16,linea,2.421039759155936,0.025171890778558421,,87499
2025-04-16,lisk,0.043058153441944656,0.035627835983713872,,29587
2025-04-16,mode,0.06095511763565389,0.076393284507904232,,103011
2025-04-16,optimism,7.726585988507447,0.774643358281456688,,968389
2025-04-16,scroll,0.4258918420983159,0.088151073927480105,,38780
2025-04-16,soneium,1.9894014589993816,0.667035791999945338,,927889
2025-04-16,starknet,0.15634998397205097,0.020508495759990463,,258095
2025-04-16,taiko,2.061512003890906,3.460318197374151211,,2681686
2025-04-16,unichain,0.556707044542429,0.302850421324100257,,356273
2025-04-16,worldchain,3.6465594816210425,3.332101026280948896,,624697
2025-04-16,zksync_era,0.7478416810667775,0.06420189599462558,,71577
2025-04-17,arbitrum,7.19691942306477,2.526065895225723447,,1547908
2025-04-17,base,99.54500018456561,16.462243770642147854,,6493399
2025-04-17,ink,0.5191285524567193,0.48003691228951079,,132568
2025-04-17,linea,1.7933228934270478,0.064511431359895636,,71299
2025-04-17,lisk,0.08925697029384429,0.076041095282995312,,31688
2025-04-17,mode,0.10844060135141763,0.144223488888041576,,63008
2025-04-17,optimism,6.327451421484843,1.922151694721492511,,824691
2025-04-17,scroll,0.4395895271006359,0.144186809650177891,,33733
2025-04-17,soneium,5.225945380633711,1.672084691800160793,,922752
2025-04-17,starknet,0.28395071198542565,0.032998800034105874,,147932
2025-04-17,taiko,1.850095038351966,6.878542873558564798,,2225581
2025-04-17,unichain,1.376967915212525,0.687610659742873765,,309980
2025-04-17,worldchain,10.486248560806114,8.560766921389601304,,553611
2025-04-17,zksync_era,3.315854888003784,0.126099529698884236,,75632
2025-04-18,arbitrum,5.728839009095285,1.511012104354019038,,1274552
2025-04-18,base,56.96043171134322,8.022592663818232867,,5507716
2025-04-18,ink,0.3970797036410883,0.189210385473560992,,131063
2025-04-18,linea,1.2311307591864538,0.048069092066090166,,62100
2025-04-18,lisk,0.055277386180130464,0.072799574576287248,,35814
2025-04-18,mode,0.13157695346170412,0.083998527881649776,,62656
2025-04-18,optimism,4.143882666274628,1.309933608949935419,,826509
2025-04-18,scroll,0.348323605290571,0.093680214971593043,,34369
2025-04-18,soneium,3.1085021676908107,1.109635999402511131,,1009405
2025-04-18,starknet,0.14682466156449894,0.043718210274328929,,118164
2025-04-18,taiko,1.6746922405232958,3.173884733531378031,,1731418
2025-04-18,unichain,0.7452556078877761,0.493477718953408316,,324412
2025-04-18,worldchain,5.664262316565562,4.76210344776203394,,554622
2025-04-18,zksync_era,3.793499766048344,0.0800611582064213,,68886
2025-04-19,arbitrum,4.540141337048468,0.163602395549095193,,1276144
2025-04-19,base,32.279598591458154,0.261996136216343986,,5903564
2025-04-19,ink,0.23260512934364241,0.006748433704260459,,265828
2025-04-19,linea,1.1608747406776383,0.002705956241973386,,64345
2025-04-19,lisk,0.01071011979030122,0.000538441850004096,,27843
2025-04-19,mode,0.009288686938237036,0.002346531103875152,,100164
2025-04-19,optimism,1.7230781201359058,0.033642167042263576,,845359
2025-04-19,scroll,0.2090764013039032,0.022655267578160595,,26883
2025-04-19,soneium,0.5432860104398786,0.025840189012144128,,1168473
2025-04-19,starknet,0.04642763904411839,0.016952226621051153,,211296
2025-04-19,taiko,1.7905704783254897,1.016825032406236364,,1915262
2025-04-19,unichain,0.18523712355494087,0.027542701025858774,,338281
2025-04-19,worldchain,0.25305337475916606,0.17644197159684444,,574702
2025-04-19,zksync_era,0.3754182548547925,0.014480987769811672,,42285
2025-04-20,arbitrum,4.596134013860656,0.144299940594785141,,1353976
2025-04-20,base,34.799673062597,0.17705168512043574,,6728854
2025-04-20,ink,0.2749709208653878,0.004982500428348694,,383688
2025-04-20,linea,0.9710275016027363,0.002890920369071535,,59578
2025-04-20,lisk,0.012546293348053718,0.00084905687213592,,92549
2025-04-20,mode,0.04254539435204918,0.00128521108385976,,107149
2025-04-20,optimism,2.0015169029406383,0.023960833867187654,,871782
2025-04-20,scroll,0.21986693268519433,0.02281528884307417,,29160
2025-04-20,soneium,0.7012947296826932,0.015882514854790016,,1313686
2025-04-20,starknet,0.09009960083872486,0.015055148080789199,,505414
2025-04-20,taiko,1.762092306934787,1.008286964450170115,,1817657
2025-04-20,unichain,0.18889767826905096,0.023346676311756051,,329138
2025-04-20,worldchain,0.130000562060711,0.128354039882424816,,605928
2025-04-20,zksync_era,0.3730342504445643,0.013188521562632688,,45488
2025-04-21,arbitrum,9.099391913108738,0.693746106425580982,,1893025
2025-04-21,base,58.156098467062975,1.620228561984050533,,6648164
2025-04-21,ink,0.3770051172692802,0.031428609325954905,,339940
2025-04-21,linea,1.6846261755932532,0.007675196651281625,,88961
2025-04-21,lisk,0.022806324521426204,0.010327523600471016,,43212
2025-04-21,mode,0.04271195076276779,0.014883634334280408,,96192
2025-04-21,optimism,3.7212240620684742,0.2267146925671896,,912806
2025-04-21,scroll,0.32234706658696005,0.047693937782584899,,35763
2025-04-21,soneium,0.9767263357550728,0.186463703674943169,,1273716
2025-04-21,starknet,0.16113291485809195,0.024137602866238376,,575775
2025-04-21,taiko,1.7590825040855402,1.307981964877902025,,1846149
2025-04-21,unichain,0.6002061796578262,0.109314759709099334,,380376
2025-04-21,worldchain,0.9993728355136051,0.822145886189082144,,593449
2025-04-21,zksync_era,0.49279710341723293,0.02110897661114686,,52492
2025-04-22,arbitrum,48.607454232645985,10.241447532907804117,,2082688
2025-04-22,base,129.72369258684427,23.478931577929569683,,6825568
2025-04-22,ink,0.7000030858753566,0.430289323936388393,,250811
2025-04-22,linea,2.7029078872194856,0.035153854360583308,,94803
2025-04-22,lisk,0.1494673455329391,0.106123166679216072,,49710
2025-04-22,mode,0.11850910761947865,0.168629684618239896,,143606
2025-04-22,optimism,9.672313795276654,3.259084444436432853,,865829
2025-04-22,scroll,0.663893340114554,0.317675222985864542,,45659
2025-04-22,soneium,5.188616888735974,2.257783218702920651,,1097605
2025-04-22,starknet,0.9108480152490264,0.068721188955432326,,341485
2025-04-22,taiko,1.7589612969787813,5.820985318896104939,,1777005
2025-04-22,unichain,4.867253094926916,3.290968109188198856,,1741591
2025-04-22,worldchain,13.614182620280891,11.032278208663435892,,592893
2025-04-22,zksync_era,0.8004506290198744,0.092839350888631268,,56876
2025-04-23,arbitrum,25.950504396214452,7.986618066563579397,,2096173
2025-04-23,base,168.31729762055662,44.157665370957301312,,6949824
2025-04-23,ink,0.8212151683550069,0.774064458125925966,,174957
2025-04-23,linea,3.3563896000925726,0.088676444261943038,,93182
2025-04-23,lisk,0.145029460757645,0.115087476568865112,,38402
2025-04-23,mode,0.18183976535411048,0.138228547388042432,,54599
2025-04-23,optimism,8.185753016799172,3.402079449415234695,,778242
2025-04-23,scroll,0.6870742570760499,0.39164311511467503,,43412
2025-04-23,soneium,6.008220146891479,1.969350369444998981,,664851
2025-04-23,starknet,1.2959790330975973,0.119562427639809673,,407739
2025-04-23,taiko,1.7450910515752551,7.449272811898060788,,1638558
2025-04-23,unichain,12.552305384754208,12.142554400131020251,,3985602
2025-04-23,worldchain,19.371666493711302,14.337748375832100304,,597823
2025-04-23,zksync_era,0.8204280067241194,0.118736885264326616,,63375
2025-04-24,arbitrum,13.488634218425778,1.846608596698525499,,1797698
2025-04-24,base,72.65188880589216,4.177928955969726048,,7181708
2025-04-24,ink,0.28528014296647713,0.081269523078026197,,283139
2025-04-24,linea,2.18913213587618,0.017224919266028492,,95014
2025-04-24,lisk,0.042721041114193656,0.013480348122781648,,40724
2025-04-24,mode,0.03704428425705687,0.039212645650284176,,71867
2025-04-24,optimism,3.4800915973054654,0.575401156288302019,,957091
2025-04-24,scroll,0.4070003046371072,0.045758998739603912,,48851
2025-04-24,soneium,1.1397157257940038,0.385085301453222238,,834555
2025-04-24,starknet,0.48530737746486613,0.2148926497265152,,492179
2025-04-24,taiko,1.7124094625965436,2.056536038614952947,,1667233
2025-04-24,unichain,1.4570926783413123,0.900706447462247537,,2787136
2025-04-24,worldchain,2.583988658857522,1.994013920952659784,,678723
2025-04-24,zksync_era,0.5402289304029834,0.046610023638078456,,62791
2025-04-25,arbitrum,25.484598511792647,4.696937863450875001,,1873277
2025-04-25,base,90.08318612693932,12.505192695547283211,,7049861
2025-04-25,ink,0.38756303951502014,0.196778043295557881,,192127
2025-04-25,linea,2.1394765340616573,0.073660349926045417,,88747
2025-04-25,lisk,0.057899181342471684,0.050318481132309096,,31966
2025-04-25,mode,0.083268523889136,0.120705811334748344,,73427
2025-04-25,optimism,4.888697837954992,1.609256815343783684,,870814
2025-04-25,scroll,0.6112105176388801,0.122389899285233826,,56236
2025-04-25,soneium,3.415548624731249,1.330434081367801205,,1096322
2025-04-25,starknet,0.6407501459500392,0.085844582781865207,,682663
2025-04-25,taiko,1.6961272457217076,3.803314615371728604,,1660516
2025-04-25,unichain,2.239618655160416,1.383387290366651274,,1780082
2025-04-25,worldchain,8.698561520733328,6.943504716503905104,,703432
2025-04-25,zksync_era,0.7091584913861732,0.073446477423421428,,70501
2025-04-26,arbitrum,12.134925040326177,0.728841713803932294,,1540912
2025-04-26,base,53.592774000158016,2.191824094302733553,,6994190
2025-04-26,ink,0.14540270194313037,0.044364036677127236,,184283
2025-04-26,linea,1.2707188442657706,0.030353499454873467,,83610
2025-04-26,lisk,0.02075006836329021,0.014188509408961648,,33086
2025-04-26,mode,0.0646864643918061,0.015150358087140576,,84236
2025-04-26,optimism,2.9431304440005532,0.25310070384728726,,772136
2025-04-26,scroll,0.20061303984358125,0.018204309530973302,,36230
2025-04-26,soneium,0.8901731407553553,0.236961764575818634,,1047085
2025-04-26,starknet,0.240972813669785,0.070814584650632079,,665158
2025-04-26,taiko,1.6850071762872743,1.379686052974452343,,1634772
2025-04-26,unichain,0.7450254222295667,0.258292716786274979,,1270194
2025-04-26,worldchain,2.0885926655059803,1.412454981377251992,,933974
2025-04-26,zksync_era,0.4415121578224031,0.021644425721093528,,52407
2025-04-27,arbitrum,9.94802596255605,0.650359716294078898,,1573349
2025-04-27,base,47.27378904398948,1.85298603220098271,,7508039
2025-04-27,ink,0.08337582436280862,0.031130188066636603,,170596
2025-04-27,linea,1.5139265872134282,0.022912244970328469,,93665
2025-04-27,lisk,0.016578932531976023,0.00987116976086408,,32003
2025-04-27,mode,0.025215753484068515,0.016461186024398784,,104380
2025-04-27,optimism,2.39928118114175,0.202589924522272302,,786606
2025-04-27,scroll,0.21246860575690765,0.015026144891021437,,41613
2025-04-27,soneium,0.725640938395925,0.193960313946509281,,1130641
2025-04-27,starknet,0.17993511630614767,0.053838253178815183,,522007
2025-04-27,taiko,1.668837008704743,1.288630577243677375,,1633346
2025-04-27,unichain,0.666635191831407,0.161387473963866279,,898281
2025-04-27,worldchain,1.3899358503844903,1.098028207716380016,,910206
2025-04-27,zksync_era,0.44328342811378774,0.018635278594725624,,53228
2025-04-28,arbitrum,15.189009808890221,2.307595312785180491,,1877949
2025-04-28,base,85.65397634717803,7.074870311065591899,,7044288
2025-04-28,ink,0.17367640017950664,0.140739247651194455,,168039
2025-04-28,linea,2.0968054821800926,0.048764393419982803,,101260
2025-04-28,lisk,0.04283247584552918,0.02717415173000344,,36361
2025-04-28,mode,0.08278386176822371,0.051252459088171656,,85510
2025-04-28,optimism,3.826378956693407,0.878997360607233328,,767964
2025-04-28,scroll,0.3152289169940347,0.081061389242504703,,45239
2025-04-28,soneium,2.316534847393764,0.781454806544894365,,1164306
2025-04-28,starknet,0.28167401722103375,0.068296591075312788,,302547
2025-04-28,taiko,1.6870117939700386,2.410235699385866833,,1703492
2025-04-28,unichain,1.7775795719587721,0.478761656955451086,,564471
2025-04-28,worldchain,5.936024598364986,4.746616105958660592,,926145
2025-04-28,zksync_era,0.5123532024610217,0.035502169627994156,,57101
2025-04-29,arbitrum,12.127824910173576,1.777608299951597107,,1802494
2025-04-29,base,71.43598417350547,5.186053633594101512,,6964368
2025-04-29,ink,0.13271233723483986,0.079895721980645113,,168815
2025-04-29,linea,2.2697829309609188,0.053958459325167055,,105153
2025-04-29,lisk,0.03174649389661202,0.021609500592817216,,37991
2025-04-29,mode,0.09662438576856888,0.047560026807734584,,82607
2025-04-29,optimism,3.182758892166455,0.636590441771562261,,781620
2025-04-29,scroll,0.2963577443331116,0.055670382966731147,,46965
2025-04-29,soneium,2.2003742286601455,0.707484782273295374,,1352173
2025-04-29,starknet,0.33628027273377803,0.077726750772195774,,412679
2025-04-29,taiko,1.6925870715203986,2.099097925119352821,,1527458
2025-04-29,unichain,1.145802970970731,0.449264750093490248,,762838
2025-04-29,worldchain,4.055944096444016,3.132508258569247008,,991444
2025-04-29,zksync_era,0.49579550755586144,0.038382183605681276,,55599
2025-04-30,arbitrum,18.124526620674242,2.910108631167247027,,1779130
2025-04-30,base,73.86004781021785,9.330836068300867354,,7273219
2025-04-30,ink,0.24159523912195272,0.107869163206853308,,217127
2025-04-30,linea,2.4023366649297495,0.034197700737849857,,103912
2025-04-30,lisk,0.059272665421511106,0.032575029203310632,,37746
2025-04-30,mode,0.07428045944803743,0.109118501896940544,,96197
2025-04-30,optimism,3.6809752532675706,1.093657476191325488,,795911
2025-04-30,scroll,0.37239064140577366,0.165988385741462487,,45144
2025-04-30,soneium,2.744081465967154,1.076642764495998904,,1306136
2025-04-30,starknet,0.2860098017306441,0.056159802223058251,,291135
2025-04-30,taiko,1.6774048551772958,2.510495026990972034,,1611608
2025-04-30,unichain,1.6833424701814401,0.879199419899439324,,970966
2025-04-30,worldchain,6.755960177429003,5.06170982021023646,,1218393
2025-04-30,zksync_era,0.512059198399122,0.061964034228580752,,56843
2025-05-01,arbitrum,15.913999900510088,2.493974777319976512,,1679415
2025-05-01,base,88.06594950027794,23.424487943779478852,,7981357
2025-05-01,ink,0.24238483919517592,0.126620659643117489,,162900
2025-05-01,linea,1.8511843289213452,0.028287954015655968,,80382
2025-05-01,lisk,0.07105164600621657,0.328611625748905752,,31889
2025-05-01,mode,0.07165560514613373,0.512194063287406768,,67117
2025-05-01,optimism,5.301288790733553,1.295489193055340483,,803927
2025-05-01,scroll,0.4222424396299611,0.102661539402161553,,38398
2025-05-01,soneium,3.8712931610771495,0.938935442179040996,,1107143
2025-05-01,starknet,0.5258331174724986,0.050806100778774338,,429111
2025-05-01,taiko,1.6983014220350654,2.656271569653898412,,1668968
2025-05-01,unichain,1.624941201766973,0.627209960400188634,,616771
2025-05-01,worldchain,9.722392477045657,6.203832470959393504,,1223669
2025-05-01,zksync_era,0.4336051717341462,0.041759220413520588,,49904
2025-05-02,arbitrum,10.87625925100847,1.373277680786822915,,1591310
2025-05-02,base,60.11758763106076,4.008784771801474836,,7088154
2025-05-02,ink,0.12703028454371917,0.083984468423105677,,172022
2025-05-02,linea,1.4477310098430094,0.024699052224397898,,68503
2025-05-02,lisk,0.0388469868424014,0.019192155533279528,,33716
2025-05-02,mode,0.05189989013594784,0.019881610760277664,,78041
2025-05-02,optimism,2.7176007221915786,0.595437902039552651,,821294
2025-05-02,scroll,0.19838653177714524,0.027990370744632816,,38362
2025-05-02,soneium,1.516381729056488,0.43064307471893793,,1168669
2025-05-02,starknet,0.16191464489222465,0.045876348191929257,,334215
2025-05-02,taiko,1.7161381350550253,1.721943924121957088,,1716453
2025-05-02,unichain,1.254013319367408,0.306231728126427494,,568872
2025-05-02,worldchain,3.1675062733202695,2.344439657394334128,,1201615
2025-05-02,zksync_era,0.40069550553040684,0.028809134308708764,,45565
2025-05-03,arbitrum,7.238895559035056,0.17452447159336169,,1283842
2025-05-03,base,35.551995900695076,0.335588530343513112,,7753694
2025-05-03,ink,0.05179072000807062,0.00656624049513364,,224347
2025-05-03,linea,1.1496834374478404,0.003520399350802814,,63936
2025-05-03,lisk,0.01836801220464417,0.001408424671498008,,36115
2025-05-03,mode,0.0192445501137478,0.001836454393651952,,86079
2025-05-03,optimism,1.8683094647650198,0.042808641544097695,,745064
2025-05-03,scroll,0.12627876374716085,0.002763416990818278,,28177
2025-05-03,soneium,0.8687130303797841,0.027210898496279655,,1178177
2025-05-03,starknet,0.06290375739864523,0.020074453408773496,,283370
2025-05-03,taiko,1.6876029018529304,0.952834059759566445,,1632934
2025-05-03,unichain,0.5822011995388694,0.033639725052823312,,590740
2025-05-03,worldchain,0.3745391554140618,0.229718908157618196,,1203228
2025-05-03,zksync_era,0.3684118290457649,0.013896543583085072,,43288
2025-05-04,arbitrum,7.856088016427444,0.319927205261973407,,1367704
2025-05-04,base,34.399492555572024,0.871131518924295724,,7035272
2025-05-04,ink,0.07204423891055756,0.019396175431610783,,229178
2025-05-04,linea,0.8578440933815703,0.004602419614581286,,60959
2025-05-04,lisk,0.018750327499532295,0.001924860502522592,,26509
2025-05-04,mode,0.08397722308983997,0.00751960002086816,,105426
2025-05-04,optimism,2.002303658586003,0.11846213703346572,,718185
2025-05-04,scroll,0.1868431915140791,0.007472864674709721,,30237
2025-05-04,soneium,0.5051352665770361,0.082294165805582677,,955237
2025-05-04,starknet,0.15187593809446884,0.033723144958641035,,711424
2025-05-04,taiko,1.714381184720252,1.234947364306783666,,1738846
2025-05-04,unichain,0.6097914777668185,0.069447030155438442,,643853
2025-05-04,worldchain,0.6835804550122395,0.546993944060852556,,1165480
2025-05-04,zksync_era,0.4049370931600602,0.016593129735650696,,48998
2025-05-05,arbitrum,9.161181631550235,0.512490624409895924,,1555726
2025-05-05,base,50.212883131149866,1.384498825479421128,,6759145
2025-05-05,ink,0.09325263774780855,0.033331205411123135,,273078
2025-05-05,linea,1.1127978024101617,0.037773409347749853,,72892
2025-05-05,lisk,0.013425097048765974,0.002215569841793624,,36925
2025-05-05,mode,0.03024394476737512,0.0130669415278766,,87849
2025-05-05,optimism,1.9531363801359984,0.20104449762740204,,755331
2025-05-05,scroll,0.2099900950103979,0.022450744390941329,,34824
2025-05-05,soneium,0.3525951709203884,0.104449450975858872,,753948
2025-05-05,starknet,0.1391991633251469,0.035119839343648134,,688349
2025-05-05,taiko,1.7158036069350764,1.351511850832097591,,1736176
2025-05-05,unichain,0.6788480342215272,0.110935002137473111,,601730
2025-05-05,worldchain,1.0703317026138968,0.805693317736158252,,1160858
2025-05-05,zksync_era,0.4593706658416054,0.026303341798729779,,52643
2025-05-06,arbitrum,12.088307519139931,0.677563789662276545,,1789464
2025-05-06,base,55.455387512859225,2.94028778948684942,,7061783
2025-05-06,ink,0.0641376681959969,0.015867047749897296,,295369
2025-05-06,linea,1.6251861776619978,0.021857330046548243,,82852
2025-05-06,lisk,0.03851541306017638,0.079965747541627328,,41168
2025-05-06,mode,0.06874361789308966,0.025456543469634008,,110967
2025-05-06,optimism,2.3317940748467234,0.27697981901937879,,863380
2025-05-06,scroll,0.3000549863662954,0.027924059026108194,,48919
2025-05-06,soneium,0.3580179902458093,0.101357972796296103,,849657
2025-05-06,starknet,0.12848365545234744,0.088302633721748283,,367035
2025-05-06,taiko,1.728814837242941,1.547082872404122,,1756455
2025-05-06,unichain,1.0313732506832909,0.193373698713160032,,643712
2025-05-06,worldchain,1.5316598294880714,1.048714299318349428,,1135811
2025-05-06,zksync_era,0.5000130549941125,0.020139262219284748,,56157
2025-05-07,arbitrum,13.169248866388996,0.493045011021228961,,1780084
2025-05-07,base,51.50788221029908,0.559972867379581343,,7621618
2025-05-07,ink,0.04294034101958213,0.008372181291222998,,169317
2025-05-07,linea,1.3815651609002033,0.013711495787468483,,76863
2025-05-07,lisk,0.01633101097433598,0.000857016055643808,,37388
2025-05-07,mode,0.029862243973024574,0.005248851696849784,,112791
2025-05-07,optimism,4.421632192757974,0.090148816281612537,,869347
2025-05-07,scroll,0.21531460479554518,0.006389026706452962,,45556
2025-05-07,soneium,0.19733250174209466,0.04228950718926489,,831987
2025-05-07,starknet,0.09937589830305361,0.078724824424603716,,198681
2025-05-07,taiko,1.6403901811182002,1.157663604820652527,,1624442
2025-05-07,unichain,0.8899839741560602,0.061042159111287544,,642728
2025-05-07,worldchain,0.5749866891576391,0.419003893285698168,,1171970
2025-05-07,zksync_era,0.4434110773185951,0.021803246607958684,,53700
2025-05-08,arbitrum,42.31329744004211,1.84528171204200933,,2542661
2025-05-08,base,122.28572238564311,1.128448455860945436,,10212601
2025-05-08,ink,0.9137956432944717,0.024656194473173896,,234777
2025-05-08,linea,1.938679802353118,0.024621914994452274,,95393
2025-05-08,lisk,0.04074606036913499,0.001895874044101016,,33247
2025-05-08,mode,0.0771601753002425,0.004699718642653256,,96221
2025-05-08,optimism,4.577163290324516,0.143191970696792123,,1052774
2025-05-08,scroll,0.36681698306102517,0.034169249340337038,,43490
2025-05-08,soneium,0.4668481468008644,0.057222400545781625,,705607
2025-05-08,starknet,0.43421949410505406,0.58308035928325165,,254297
2025-05-08,taiko,1.6450432044719574,1.881917211629694005,,1525827
2025-05-08,unichain,2.906319432812928,0.131883605185699994,,647547
2025-05-08,worldchain,0.9774103647906518,0.451012502300794272,,1185354
2025-05-08,zksync_era,0.8923995180409858,0.073227018513446712,,71673
2025-05-09,arbitrum,52.760818416870904,1.329617268707717313,,2581605
2025-05-09,base,130.17665891944512,0.860738682129438036,,10307135
2025-05-09,ink,0.09822955464938016,0.023307384659110849,,318559
2025-05-09,linea,2.516359489583997,0.026312435451941022,,114882
2025-05-09,lisk,0.040424631288159124,0.00142179854834316,,27181
2025-05-09,mode,0.06936698046262935,0.005137494524950536,,73203
2025-05-09,optimism,5.215672259426975,0.115883878152408445,,1191533
2025-05-09,scroll,0.5430407246362479,0.01554071009623129,,64861
2025-05-09,soneium,0.4362740001342974,0.049693219282944955,,721328
2025-05-09,starknet,0.6012254327994184,0.223010319137529249,,342737
2025-05-09,taiko,1.7302759845893396,1.368262855651942006,,1516724
2025-05-09,unichain,6.5039315885329225,0.087667144050658378,,680532
2025-05-09,worldchain,0.663022114594995,0.32051378178990468,,1161332
2025-05-09,zksync_era,1.2229073299278228,0.078578799201575564,,89447
2025-05-10,arbitrum,30.102596578016993,0.968356659773736173,,2723463
2025-05-10,base,91.7498180557698,0.715239023055687668,,10980247
2025-05-10,ink,0.06718162292109722,0.014032166358849835,,317727
2025-05-10,linea,1.9098509747338586,0.017776845023392202,,97641
2025-05-10,lisk,0.01709152972220258,0.000740332824547512,,25386
2025-05-10,mode,0.03255734829435635,0.00271973956549468,,82142
2025-05-10,optimism,4.571919406620315,0.076198321121052093,,1138361
2025-05-10,scroll,0.35328751393075186,0.012756613695556144,,53779
2025-05-10,soneium,0.6749619479872425,0.036502296293371114,,961259
2025-05-10,starknet,0.4722469425638211,0.263507800832129385,,877929
2025-05-10,taiko,1.6890921712475127,1.295229387775746936,,1458260
2025-05-10,unichain,2.9388148684772624,0.071014673533413663,,720324
2025-05-10,worldchain,0.43879233401529505,0.266020911029238072,,1132512
2025-05-10,zksync_era,0.8032885084978101,0.034676879004833384,,74869
2025-05-11,arbitrum,31.569645958748566,0.976106222007435835,,2492207
2025-05-11,base,76.45244463998833,0.753464412533558342,,11115521
2025-05-11,ink,0.08531906167256025,0.01151727460282602,,309001
2025-05-11,linea,1.6897219917310773,0.036727896345403627,,91824
2025-05-11,lisk,0.017055429555103016,0.001059101091316016,,30902
2025-05-11,mode,0.03338483139606388,0.003082440839360184,,108314
2025-05-11,optimism,3.9876962328746246,0.074470610755884219,,945516
2025-05-11,scroll,0.25981776479306995,0.014853570418606752,,44206
2025-05-11,soneium,0.3063588477441941,0.04191892106668077,,1081669
2025-05-11,starknet,0.46534847414642155,0.146550939364810198,,892446
2025-05-11,taiko,1.87999955320835,1.224428760161820747,,1690473
2025-05-11,unichain,1.998203723078432,0.076765478542197554,,894298
2025-05-11,worldchain,0.606248855638437,0.303729875317386288,,1174985
2025-05-11,zksync_era,0.745487098425923,0.03400038864278204,,72652
2025-05-12,arbitrum,43.46986323954681,1.368084456512507201,,2608879
2025-05-12,base,110.18929802672946,1.01078346005084239,,12167516
2025-05-12,ink,0.09117959846195978,0.020605012604240383,,331365
2025-05-12,linea,2.128599705232412,0.03198726085480737,,102062
2025-05-12,lisk,0.03223505647320799,0.001841683922063376,,40237
2025-05-12,mode,0.046095953711111234,0.004711978230452616,,113381
2025-05-12,optimism,4.088180066674829,0.102280749074523129,,967999
2025-05-12,scroll,0.3292587582646014,0.020666030667814032,,61338
2025-05-12,soneium,0.8332640910618953,0.053438343950013724,,944001
2025-05-12,starknet,0.3524221545259716,0.396921105046467228,,348594
2025-05-12,taiko,1.8944935454924676,1.819632994590205711,,1709387
2025-05-12,unichain,3.013943945556399,0.092576566960516847,,883086
2025-05-12,worldchain,0.6500543472353116,0.340754995536411228,,1151355
2025-05-12,zksync_era,0.8748378729714417,0.054895261013112072,,83182
2025-05-13,arbitrum,33.542443373296976,1.133069551319685785,,2627129
2025-05-13,base,107.88636471513192,0.867612428840251168,,11458443
2025-05-13,ink,0.07380482027799738,0.014433634243374616,,321923
2025-05-13,linea,2.0377636337105884,0.032619885386899599,,99118
2025-05-13,lisk,0.022206727572817313,0.001699479557158664,,39722
2025-05-13,mode,0.04084736370675751,0.00380113291858276,,114531
2025-05-13,optimism,3.69703095632644,0.085030444869950865,,943683
2025-05-13,scroll,0.3956620170532696,0.014018941030089278,,74921
2025-05-13,soneium,0.5498881693755003,0.042852788594287,,967043
2025-05-13,starknet,0.29231233173328713,0.545103789953846428,,297334
2025-05-13,taiko,1.8143082296269197,1.767876453416756411,,1844482
2025-05-13,unichain,2.2938801721245703,0.077995820697047552,,877721
2025-05-13,worldchain,0.5584989264399218,0.2978598116293194,,1124259
2025-05-13,zksync_era,0.794366777139751,0.041572672250558364,,77409
2025-05-14,arbitrum,22.983557514528073,0.621579589006259892,,2328628
2025-05-14,base,114.87552490981142,0.51494164274101117,,10801094
2025-05-14,ink,0.07514761920904442,0.011799473833134691,,366481
2025-05-14,linea,1.502824559721363,0.017925228832718711,,96290
2025-05-14,lisk,0.020266919546048257,0.000795054030540088,,34652
2025-05-14,mode,0.025216263245939723,0.002307467378609896,,94075
2025-05-14,optimism,2.887695639993015,0.06463896038092313,,931062
2025-05-14,scroll,0.24712890688004957,0.006242684745489504,,59287
2025-05-14,soneium,0.2866355786074886,0.029567155130170139,,1018097
2025-05-14,starknet,0.33877077660936605,0.118782927024360949,,636485
2025-05-14,taiko,1.6832566107813964,1.450356886462208831,,1711067
2025-05-14,unichain,2.0707751964096848,0.053779930750300196,,1100740
2025-05-14,worldchain,0.3643350303017575,0.253961530390528968,,1206571
2025-05-14,zksync_era,0.715652594323151,0.028207588334137744,,85877
2025-05-15,arbitrum,30.57815752038366,0.796635509215113942,,2433316
2025-05-15,base,79.58495574917482,0.320422313038404328,,9509608
2025-05-15,ink,0.050180997532464286,0.010068104307138676,,299497
2025-05-15,linea,1.357221043622069,0.028148265161571711,,95346
2025-05-15,lisk,0.05348029239104356,0.001242623739181168,,54212
2025-05-15,mode,0.036359350849637144,0.002574315583631896,,94749
2025-05-15,optimism,7.908634552325754,0.06803457317981499,,943034
2025-05-15,scroll,0.33087723671505154,0.012364941096592638,,68124
2025-05-15,soneium,0.28838866650179185,0.033550914635117215,,963105
2025-05-15,starknet,0.3790181449637717,0.25663875846411908,,319414
2025-05-15,taiko,1.7259713770009868,1.681511173351932337,,1719800
2025-05-15,unichain,3.2442659419638797,0.061220179540956571,,1245752
2025-05-15,worldchain,0.39972427332154115,0.247584751269801756,,1168118
2025-05-15,zksync_era,0.6104495099640539,0.029180590772680868,,68744
2025-05-16,arbitrum,23.642149257889187,0.531501208766404896,,1999093
2025-05-16,base,54.70587490874737,0.301199245145453836,,8829229
2025-05-16,ink,0.07758260085748406,0.008382687194639427,,303934
2025-05-16,linea,1.1091415856069802,0.014610232429871207,,84831
2025-05-16,lisk,0.01905571716915784,0.000866893268098448,,40475
2025-05-16,mode,0.09054923428856215,0.001812301757994176,,90300
2025-05-16,optimism,2.4378887718151026,0.050127864384816617,,928438
2025-05-16,scroll,0.24976435304720274,0.007044579356655396,,36538
2025-05-16,soneium,0.273380684297135,0.024560362584386137,,886948
2025-05-16,starknet,0.31249702687473924,0.213018499289301359,,300860
2025-05-16,taiko,1.670570030981343,1.269385972121970681,,1701788
2025-05-16,unichain,2.071778065547362,0.048782978826876935,,1212286
2025-05-16,worldchain,0.2774641612596526,0.21252633613702686,,1133239
2025-05-16,zksync_era,0.5167363881953586,0.023412357875178764,,62815
2025-05-17,arbitrum,17.51617954587605,0.270506626813593698,,1978272
2025-05-17,base,46.89747025254688,0.204387115846496152,,8019025
2025-05-17,ink,0.08649172854035803,0.005540115726364414,,290316
2025-05-17,linea,0.8510918899931896,0.006920907654036566,,73472
2025-05-17,lisk,0.009304635967153472,0.00066512996689552,,38463
2025-05-17,mode,0.018790551552716587,0.0015687003933114,,108719
2025-05-17,optimism,1.8862889587240042,0.032451943729148916,,889399
2025-05-17,scroll,0.2139207485540175,0.003283893913286052,,39278
2025-05-17,soneium,0.2609112740860095,0.016419220093607621,,975154
2025-05-17,starknet,0.2377851194254061,0.083689419548332552,,406462
2025-05-17,taiko,1.7119307060342286,1.110427544967109243,,1738621
2025-05-17,unichain,2.278133715337433,0.032169013641663216,,1290644
2025-05-17,worldchain,0.1633058734769864,0.170787815248421268,,1124199
2025-05-17,zksync_era,0.507213196164749,0.01552375131680436,,58459
2025-05-18,arbitrum,34.166407192391034,0.301947936596377212,,2076084
2025-05-18,base,92.23390362203419,0.208894143673522324,,8792143
2025-05-18,ink,0.12588759576998848,0.006015665598286944,,326109
2025-05-18,linea,1.1734697212585778,0.006378769460972004,,75865
2025-05-18,lisk,0.02266658325215789,0.000659967034259808,,42342
2025-05-18,mode,0.037446825245393486,0.00166671025238176,,117064
2025-05-18,optimism,3.022945805299895,0.033658590768965107,,960084
2025-05-18,scroll,0.2570657813466893,0.004857437156415342,,44707
2025-05-18,soneium,0.23725076823500882,0.016547606455049962,,989180
2025-05-18,starknet,0.2818114460219782,0.058492621767064546,,383058
2025-05-18,taiko,1.6434189122235763,1.043660531643510152,,1711685
2025-05-18,unichain,3.789311672081294,0.03166710825158616,,1364720
2025-05-18,worldchain,0.28019325535459205,0.179870043467904852,,1121693
2025-05-18,zksync_era,0.6446359994265246,0.018028501813471296,,64063
2025-05-19,arbitrum,34.457856132904624,0.414925586870570401,,2476660
2025-05-19,base,86.0867253849336,0.226429095236008044,,9237171
2025-05-19,ink,0.047439316107630455,0.008360330185371912,,415802
2025-05-19,linea,1.4194572928030205,0.010725882640327755,,97990
2025-05-19,lisk,0.021157709665818786,0.000994551841571096,,48066
2025-05-19,mode,0.03160267131202059,0.002004538937205976,,117399
2025-05-19,optimism,3.3476021376556266,0.040530922795362927,,1026199
2025-05-19,scroll,0.2669385732751183,0.005203335951715886,,49625
2025-05-19,soneium,0.2441985041755864,0.020871201818283998,,910640
2025-05-19,starknet,0.317141585881575,0.085751861248264823,,351665
2025-05-19,taiko,1.7055238349089787,1.054572399934718079,,1734174
2025-05-19,unichain,4.8564686499616005,0.039752895345545831,,1422930
2025-05-19,worldchain,1.0207818031503622,0.198242854023328716,,1158918
2025-05-19,zksync_era,0.6374481148572901,0.019849861434249184,,68416
2025-05-20,arbitrum,21.04338636622216,0.455659281746160858,,2347544
2025-05-20,base,71.77908493974071,0.274877118881029404,,10261262
2025-05-20,ink,0.048194578127616454,0.008518956797101863,,399103
2025-05-20,linea,1.2943872891872388,0.011729935478875255,,85048
2025-05-20,lisk,0.01888183229438455,0.001226243897415456,,52195
2025-05-20,mode,0.06354044526018923,0.002482467790260912,,138431
2025-05-20,optimism,2.4529376067007584,0.046710238910988337,,1066352
2025-05-20,scroll,0.40861573047274946,0.005653422421046932,,77094
2025-05-20,soneium,0.21235293372835778,0.020570776295273302,,879344
2025-05-20,starknet,0.3616103236919077,0.116458077623448469,,330081
2025-05-20,taiko,1.7366543535856596,1.059668164561500542,,1752451
2025-05-20,unichain,3.0037956085022426,0.043830142952042536,,1466748
2025-05-20,worldchain,0.8839352656728348,0.196101531767125296,,1125484
2025-05-20,zksync_era,0.6138389977440685,0.015875142667095608,,67688
2025-05-21,arbitrum,44.385065622864246,0.725818564725746132,,2451673
2025-05-21,base,133.32496541005509,0.404059225364015832,,12618459
2025-05-21,ink,0.07436106716511202,0.014209001011524286,,463502
2025-05-21,linea,1.4608467660054676,0.011766581478795748,,97168
2025-05-21,lisk,0.036942870247072525,0.001619974978582104,,67462
2025-05-21,mode,0.04356014034607408,0.00404342912706128,,170280
2025-05-21,optimism,3.8531249771725635,0.077108832053072258,,1031393
2025-05-21,scroll,0.34038125131608676,0.009083674134390872,,86553
2025-05-21,soneium,0.29542656635920783,0.032367707496299493,,944519
2025-05-21,starknet,0.6288321746762517,0.093189781755485552,,344846
2025-05-21,taiko,1.6549448547325192,1.682972820343794141,,1653175
2025-05-21,unichain,5.226467604147291,0.060682441328096621,,1416621
2025-05-21,worldchain,0.6195461015514023,0.251843381775229332,,1201479
2025-05-21,zksync_era,0.691959706300018,0.028074265258004688,,69959
2025-05-22,arbitrum,26.431309372843188,0.955240795164405342,,2476676
2025-05-22,base,71.26184346345927,0.423499542162463372,,10774330
2025-05-22,ink,0.16672683554839623,0.014872694404877966,,432333
2025-05-22,linea,1.303616978311048,0.011679635605585487,,93960
2025-05-22,lisk,0.035598402309163106,0.00168197867391296,,72347
2025-05-22,mode,0.047441442143151456,0.004735782164247568,,171123
2025-05-22,optimism,3.959282241000296,0.098636265396665131,,1061092
2025-05-22,scroll,0.387193870099707,0.013938973927360252,,84818
2025-05-22,soneium,0.2654244431306048,0.03553173332506446,,821138
2025-05-22,starknet,0.7738959134492924,0.251465724950191444,,322625
2025-05-22,taiko,1.580605033299921,2.460095178688813413,,1560995
2025-05-22,unichain,3.706467023627746,0.076136927809110161,,1439826
2025-05-22,worldchain,0.9496993340856337,0.34426670494573164,,1381875
2025-05-22,zksync_era,0.6086654289434349,0.026956783094991532,,65999
2025-05-23,arbitrum,41.984424539538296,0.672266159253157189,,2373751
2025-05-23,base,90.79403080082699,0.370023527437680056,,10593028
2025-05-23,ink,0.10215230641916902,0.011557726247291888,,411864
2025-05-23,linea,1.458738570919527,0.030779144002044837,,97794
2025-05-23,lisk,0.02965128177368547,0.00158690086464596,,68890
2025-05-23,mode,0.028776766138141254,0.004016458925178352,,170031
2025-05-23,optimism,4.0012436034876995,0.067774933615064227,,1071252
2025-05-23,scroll,0.2970440513003879,0.009871857820870038,,61836
2025-05-23,soneium,0.33174844948894483,0.029342081962404245,,1062460
2025-05-23,starknet,0.5726551996771809,0.111222216714177878,,367669
2025-05-23,taiko,1.6675986412104205,2.015360958287049421,,1648577
2025-05-23,unichain,6.903710303557193,0.06368210167000128,,1381655
2025-05-23,worldchain,1.460674178141697,0.261846279971892684,,1303192
2025-05-23,zksync_era,0.6753333724623839,0.022386092669501596,,69297
2025-05-24,arbitrum,11.970497512952583,0.223852600402330391,,1696645
2025-05-24,base,34.01587950890192,0.290064681266754632,,8106382
2025-05-24,ink,0.03316735507712255,0.00612857969518938,,404107
2025-05-24,linea,0.8775084257533241,0.00427142606108589,,72344
2025-05-24,lisk,0.012955732570825673,0.00068877673991424,,56706
2025-05-24,mode,0.014654831851168625,0.001822707225696264,,128185
2025-05-24,optimism,1.7337088438044006,0.036644541535809113,,971158
2025-05-24,scroll,0.163171774617039,0.00227533252015254,,32065
2025-05-24,soneium,0.26499639538031006,0.016629083783688845,,1106944
2025-05-24,starknet,0.18577769918396528,0.051954209719097367,,281745
2025-05-24,taiko,1.6481324544559763,1.301344205546608494,,1678439
2025-05-24,unichain,1.9227839723786795,0.028864365947036557,,1307828
2025-05-24,worldchain,0.3808347349062729,0.186692717613977988,,1303007
2025-05-24,zksync_era,0.4313036317089527,0.006292423860246216,,51434
2025-05-25,arbitrum,21.436880871265792,0.246173578713837695,,1937305
2025-05-25,base,45.370409412614165,0.255247435161835208,,8703356
2025-05-25,ink,0.04212729624244821,0.005937325648781401,,424720
2025-05-25,linea,0.8461489274355144,0.002417246112312618,,75353
2025-05-25,lisk,0.009383121868296098,0.000483036786434376,,40311
2025-05-25,mode,0.012487480881803889,0.001855872186654912,,157258
2025-05-25,optimism,1.9132113680144562,0.035524335602530248,,968070
2025-05-25,scroll,0.14872894201400913,0.002897761517128542,,29184
2025-05-25,soneium,0.2791844589607603,0.01588893301299145,,1088950
2025-05-25,starknet,0.2108057216783572,0.051106278552669406,,299869
2025-05-25,taiko,1.705982066473614,0.967740292331554797,,1718367
2025-05-25,unichain,2.7805172268897476,0.027405706674346692,,1221011
2025-05-25,worldchain,0.19364100458163386,0.18533887064470098,,1463832
2025-05-25,zksync_era,0.4562973403213109,0.006353940729153264,,53050
2025-05-26,arbitrum,19.07384885368393,0.386766590448904934,,2074462
2025-05-26,base,57.87652985366109,0.286421123608191008,,10382934
2025-05-26,ink,0.03386240950197025,0.007028263333253504,,353880
2025-05-26,linea,0.91473241246731,0.013894023140847401,,83670
2025-05-26,lisk,0.019402732854583243,0.001040388804851744,,71078
2025-05-26,mode,0.012617944655620349,0.001973571898552192,,133481
2025-05-26,optimism,2.090467858458871,0.042089000957753546,,1018892
2025-05-26,scroll,0.21742447163740417,0.004014576938909802,,65877
2025-05-26,soneium,0.27009883859183736,0.019623080890691406,,1021994
2025-05-26,starknet,0.37659559565350315,0.135144321917898692,,321257
2025-05-26,taiko,1.7322096138451517,1.154314392419802145,,1671222
2025-05-26,unichain,2.39421348762278,0.036475015400519337,,1215640
2025-05-26,worldchain,0.48204581269541436,0.221218007032528836,,1362707
2025-05-26,zksync_era,0.4466329412724267,0.010061946317760964,,52538
2025-05-27,arbitrum,37.21892501332467,1.048307681411803323,,2361211
2025-05-27,base,61.39919575902301,0.46827637573408414,,9813237
2025-05-27,ink,0.030928467319904965,0.015660750867641763,,400893
2025-05-27,linea,1.2295925416650835,0.020435200746675002,,87804
2025-05-27,lisk,0.022906705580526505,0.001392921454546168,,55734
2025-05-27,mode,0.03437622873219645,0.003825795911687272,,155400
2025-05-27,optimism,2.684200900677971,0.083080590480845634,,1093954
2025-05-27,scroll,0.3212828126936779,0.015816047304748395,,89621
2025-05-27,soneium,0.3560899677722277,0.040419398445493902,,986169
2025-05-27,starknet,0.7783253061136921,0.327510489434688039,,317829
2025-05-27,taiko,1.7697838135622304,1.754481850704555487,,1658488
2025-05-27,unichain,4.265880989358971,0.080684750521159677,,1222478
2025-05-27,worldchain,0.8562454923518152,0.360252423421832124,,1389053
2025-05-27,zksync_era,0.5677407969592781,0.030288665718615208,,61291
2025-05-28,arbitrum,16.69452263239852,0.786777207054540427,,1907293
2025-05-28,base,95.17463411431181,1.37030971129526884,,11945584
2025-05-28,ink,0.23628428335138674,0.015798788390406611,,424852
2025-05-28,linea,1.120605339536536,0.011167282252988166,,78050
2025-05-28,lisk,0.024423988294496955,0.001342513425018288,,48402
2025-05-28,mode,0.023233852165793444,0.003217626819817888,,117952
2025-05-28,optimism,3.0713457211258097,0.088694228589585016,,953958
2025-05-28,scroll,0.22568910978513648,0.012122385646644012,,52480
2025-05-28,soneium,0.3687737096042093,0.037521933738415092,,1019335
2025-05-28,starknet,0.6605524983923934,0.28585862884476347,,329055
2025-05-28,taiko,1.7618433856346083,1.560977214777612438,,1513350
2025-05-28,unichain,3.545629732091415,0.06945113141225826,,1161299
2025-05-28,worldchain,0.8054994248345799,0.3576357969791946,,1399995
2025-05-28,zksync_era,0.5516047556896467,0.021790732741284168,,55285
2025-05-29,arbitrum,26.00753311407926,0.77652611452555232,,2192329
2025-05-29,base,144.8202411111623,0.987386204042488608,,13990302
2025-05-29,ink,0.03378201845690926,0.016894727419884756,,358922
2025-05-29,linea,1.270728204075571,0.026897391298198461,,82647
2025-05-29,lisk,0.023254343011663545,0.001619537010684456,,61868
2025-05-29,mode,0.03248444611266123,0.00391703769112576,,116335
2025-05-29,optimism,2.8972102358357765,0.084639471622108201,,1022730
2025-05-29,scroll,0.2123499959414608,0.015293435260387428,,35365
2025-05-29,soneium,0.3426784724847556,0.039081404648832998,,1076323
2025-05-29,starknet,0.5438143103748635,0.32959148371999371,,375890
2025-05-29,taiko,1.545231093018957,1.238124963474533153,,1347234
2025-05-29,unichain,4.580490941252096,0.076099868431483494,,1247626
2025-05-29,worldchain,0.529567190649819,0.329463590436407196,,1387702
2025-05-29,zksync_era,0.645510258906231,0.019638820968921784,,62237
2025-05-30,arbitrum,36.48412505091051,0.913613290574545343,,2551001
2025-05-30,base,86.51432423972255,0.931567487593549244,,11546565
2025-05-30,ink,0.060928313991147,0.017445656426069638,,352751
2025-05-30,linea,1.4100004310006748,0.015954833142823594,,87259
2025-05-30,lisk,0.019404190662679885,0.001571964768338376,,41067
2025-05-30,mode,0.024537445606117106,0.00453505516757012,,133626
2025-05-30,optimism,3.2308107314174803,0.103911642309677758,,1183548
2025-05-30,scroll,0.20991439886096946,0.011808386146241573,,34846
2025-05-30,soneium,0.3839347470060828,0.04236057211711783,,1130740
2025-05-30,starknet,0.6235542494371143,0.295909436644628809,,382822
2025-05-30,taiko,1.6972360479914053,1.210705580672374978,,1565249
2025-05-30,unichain,5.468384579739709,0.087394712064085957,,1153158
2025-05-30,worldchain,0.5424553839029234,0.31782306575845944,,1376697
2025-05-30,zksync_era,0.7176260072085318,0.026330190973398548,,63534
2025-05-31,arbitrum,17.01357535770764,0.346934865347442288,,1849786
2025-05-31,base,43.23893897240826,0.514806400157448356,,8795551
2025-05-31,ink,0.04696834778116264,0.007445868467399961,,347180
2025-05-31,linea,0.8991597416859464,0.00955771672909583,,65294
2025-05-31,lisk,0.011955010169307405,0.00098021326713788,,45376
2025-05-31,mode,0.012009910577620629,0.002290320374542624,,149587
2025-05-31,optimism,3.252678755906437,0.048319557275451125,,921229
2025-05-31,scroll,0.1659149240520204,0.005260074578127047,,26361
2025-05-31,soneium,0.20452831439021585,0.01911081168488041,,914246
2025-05-31,starknet,0.3065622307561491,0.135938216626408301,,273914
2025-05-31,taiko,1.665823393857576,0.896612204204935249,,1617900
2025-05-31,unichain,2.9623552063036427,0.043090654784358644,,1061629
2025-05-31,worldchain,0.27827665968589294,0.117061287577955388,,1378396
2025-05-31,zksync_era,0.44631055949497606,0.009328612279978896,,51558
2025-06-01,arbitrum,11.442006044169727,0.297663649283372391,,1576148
2025-06-01,base,43.897717824237915,0.477357649166575448,,8386724
2025-06-01,ink,0.03235136793867825,0.006779798761830532,,351169
2025-06-01,linea,0.8468556071103089,0.010164557361016587,,66366
2025-06-01,lisk,0.01100614848103046,0.000887080931885096,,56167
2025-06-01,mode,0.017959987671394638,0.001905795021837976,,129769
2025-06-01,optimism,1.3885158115900031,0.034805292368732272,,732956
2025-06-01,scroll,0.12947965787716897,0.004883372825100574,,23609
2025-06-01,soneium,0.2442498518532969,0.018449397745507618,,953445
2025-06-01,starknet,0.2984462419285356,0.153697614056619082,,343630
2025-06-01,taiko,1.6108268033547144,0.86620199777704441,,1613174
2025-06-01,unichain,2.265356836587987,0.040029436308669715,,984004
2025-06-01,worldchain,0.2643705785734628,0.117886283927560992,,1376911
2025-06-01,zksync_era,0.39595755160300894,0.008250685585533468,,45379
2025-06-02,arbitrum,16.55934227427494,0.631179977315141784,,1915279
2025-06-02,base,51.1528462430084,0.638176945484927212,,8773707
2025-06-02,ink,0.10507196627668255,0.01161486000616272,,331162
2025-06-02,linea,1.0075732123541505,0.015138524072039519,,74957
2025-06-02,lisk,0.01939698280669771,0.001058897523046168,,58324
2025-06-02,mode,0.031028475555154873,0.002696551029328904,,133281
2025-06-02,optimism,1.8170049862113025,0.061509548220858132,,748904
2025-06-02,scroll,0.16728255119821733,0.015543958657069348,,26591
2025-06-02,soneium,0.2796746084184959,0.031831130010484477,,924209
2025-06-02,starknet,0.48112086025952816,0.236412230759057209,,302047
2025-06-02,taiko,1.7606571729963534,1.212938794824369797,,1701491
2025-06-02,unichain,2.8788745751211393,0.066586354451510645,,1001547
2025-06-02,worldchain,0.5151739553431389,0.157646754080454924,,1389205
2025-06-02,zksync_era,0.9327808837681361,0.01786323261971756,,52421
2025-06-03,arbitrum,15.384910283394653,0.779912935464337236,,1975152
2025-06-03,base,61.06375627960074,0.882666662413033644,,11669435
2025-06-03,ink,0.08039307603773829,0.016849325980837305,,402631
2025-06-03,linea,1.1241502121344973,0.01722641513289086,,81995
2025-06-03,lisk,0.024349496064516737,0.001423483845171024,,53857
2025-06-03,mode,0.02956322412746514,0.004212294094793272,,158671
2025-06-03,optimism,1.7970386299193903,0.06862356085673357,,816555
2025-06-03,scroll,0.1633404453796939,0.011256741664351975,,32575
2025-06-03,soneium,0.1724708396651969,0.022608531583313924,,289712
2025-06-03,starknet,0.48218890681126325,0.399262234820111212,,281359
2025-06-03,taiko,1.7202064808717215,1.311158786851978432,,1557259
2025-06-03,unichain,2.1719029075277256,0.078121229949043557,,1236102
2025-06-03,worldchain,0.7714106899231536,0.174906866397560616,,1418717
2025-06-03,zksync_era,0.5888126118627224,0.02453574672325272,,57791
2025-06-04,arbitrum,14.053813658427954,0.684108885660780605,,1925566
2025-06-04,base,67.19384526181486,0.760539873012350408,,9916279
2025-06-04,ink,0.33952299579747325,0.012754109509328963,,366684
2025-06-04,linea,1.195937350387645,0.019051422872938856,,90580
2025-06-04,lisk,0.04470152765242807,0.001394231883377744,,68221
2025-06-04,mode,0.0449914160942935,0.003904428262520488,,165686
2025-06-04,optimism,1.9328244427547712,0.075463464150687912,,940717
2025-06-04,scroll,0.15866502825104192,0.011439507173282709,,25081
2025-06-04,soneium,0.1576999131153995,0.025541888956359293,,442258
2025-06-04,starknet,0.40971967086552913,0.374666893657479667,,280339
2025-06-04,taiko,1.7722969128457158,1.231336032531526401,,1673380
2025-06-04,unichain,2.4864485104669223,0.082147781705558127,,1441632
2025-06-04,worldchain,0.6746091304264807,0.1702182042988695,,1387252
2025-06-04,zksync_era,0.47206429105076886,0.018851894130668708,,54109
2025-06-05,arbitrum,45.67048873812666,1.173521302224472667,,2302728
2025-06-05,base,97.1552379934839,1.090011147910089236,,11945884
2025-06-05,ink,0.09457794793025458,0.018061994202814562,,347865
2025-06-05,linea,1.7320171575712742,0.019711501165368279,,97709
2025-06-05,lisk,0.034734890012011486,0.001683647998148744,,66483
2025-06-05,mode,0.037570845983198056,0.00581526364610856,,161298
2025-06-05,optimism,4.958680344697836,0.097097296102354119,,994485
2025-06-05,scroll,0.29001346005456535,0.016182086796256587,,31718
2025-06-05,soneium,0.18077904783346221,0.028384647855205447,,298494
2025-06-05,starknet,0.5510933937713262,0.444055383083283297,,275480
2025-06-05,taiko,1.7351570170795134,1.395420461547593764,,1584663
2025-06-05,unichain,5.768902695727881,0.113983799196372592,,1488416
2025-06-05,worldchain,0.856751849941248,0.209935264450745016,,1587174
2025-06-05,zksync_era,0.5642555449919964,0.030408337920350768,,57789
2025-06-06,arbitrum,17.48481973181444,0.521055023950434306,,2027484
2025-06-06,base,47.99621376674804,0.744683952426949664,,10873947
2025-06-06,ink,0.11486128229170112,0.010696252612069379,,421739
2025-06-06,linea,1.362622237256961,0.014408164533991296,,85732
2025-06-06,lisk,0.023133735054006375,0.001210887171865384,,56521
2025-06-06,mode,0.02623658141076112,0.003479443693349984,,159341
2025-06-06,optimism,2.179717350332669,0.08773729259083009,,963095
2025-06-06,scroll,0.16640607622225925,0.008677335538199261,,27389
2025-06-06,soneium,0.12993434078525115,0.01977272747522916,,488938
2025-06-06,starknet,0.2567826929740413,0.279628724998004509,,256428
2025-06-06,taiko,1.7073576020898842,1.178680790195045145,,1654900
2025-06-06,unichain,3.839141029751749,0.072382286484304198,,1334343
2025-06-06,worldchain,0.39332058518825275,0.143547009935986596,,1383811
2025-06-06,zksync_era,0.5199708448369864,0.01295137001418272,,58120
2025-06-07,arbitrum,9.189526145702061,0.269054588477247409,,1588043
2025-06-07,base,39.11782851916659,0.500911141801347284,,8781327
2025-06-07,ink,0.06358975601845684,0.007617529978820548,,414319
2025-06-07,linea,0.8001354875595504,0.005509767101187016,,69471
2025-06-07,lisk,0.012861880792491636,0.000575269925027592,,45027
2025-06-07,mode,0.01574706223692678,0.002681401408851504,,128928
2025-06-07,optimism,1.0536320247745041,0.034725063108461878,,1031236
2025-06-07,scroll,0.17781266884815397,0.004516963504896126,,21487
2025-06-07,soneium,0.2705572288378253,0.017946605970337945,,1081137
2025-06-07,starknet,0.15256237987446164,0.132078334620169382,,237525
2025-06-07,taiko,1.679266246461832,0.945523018867162845,,1692472
2025-06-07,unichain,1.5941205957608071,0.046513118654814333,,1420644
2025-06-07,worldchain,0.251964278788534,0.10757562659146782,,1391722
2025-06-07,zksync_era,0.3154006869960777,0.00661696863025992,,37438
2025-06-08,arbitrum,8.384542409765245,0.219053422713299267,,1504552
2025-06-08,base,43.648952193442284,0.505515850265863532,,9351027
2025-06-08,ink,0.11185665168646228,0.010439985925616492,,432748
2025-06-08,linea,0.8104624335533469,0.00668977261986528,,73240
2025-06-08,lisk,0.017694965791743424,0.000688718598501024,,50571
2025-06-08,mode,0.05381150326163952,0.007287539477514152,,158648
2025-06-08,optimism,0.916358972739621,0.029836539694356193,,844471
2025-06-08,scroll,0.11696432848832601,0.003768696812064477,,20268
2025-06-08,soneium,0.25104857123899493,0.016610710432325527,,1063542
2025-06-08,starknet,0.12337604578062916,0.106471691585578283,,226892
2025-06-08,taiko,1.7240900556780754,0.836932020421623074,,1696191
2025-06-08,unichain,1.6919358094223789,0.053703872216273524,,1320347
2025-06-08,worldchain,0.21143401001181475,0.099938161056362892,,1360890
2025-06-08,zksync_era,0.3630851766267903,0.004910979092014032,,40127
2025-06-09,arbitrum,16.088637926230966,0.638211310477979585,,2007951
2025-06-09,base,79.00865045958548,0.756913825454420368,,10641588
2025-06-09,ink,0.028569575735173717,0.012362092446513041,,457842
2025-06-09,linea,1.6996649589580006,0.013787046628576304,,95767
2025-06-09,lisk,0.03493742289906977,0.001329970019534312,,59901
2025-06-09,mode,0.042804800374842994,0.004935609709608504,,157105
2025-06-09,optimism,1.5691961138707295,0.05731184082843148,,1006959
2025-06-09,scroll,0.14354903506056946,0.008019664314875419,,34776
2025-06-09,soneium,0.2959387452720679,0.028253161431912895,,1029516
2025-06-09,starknet,0.29628885895147083,0.229780932075629896,,236611
2025-06-09,taiko,1.744727882673256,1.200133148659201117,,1735617
2025-06-09,unichain,3.4769975948792085,0.07800007171352996,,1432997
2025-06-09,worldchain,0.4381870024970724,0.1511342005907265,,1387549
2025-06-09,zksync_era,0.45059720287222094,0.01499607231098458,,51344
2025-06-10,arbitrum,32.063345251916026,1.09301009941553262,,2635303
2025-06-10,base,89.71420702137496,0.918857335050965888,,10229759
2025-06-10,ink,0.04310659807677955,0.015266311614658616,,438408
2025-06-10,linea,2.0185106565927504,0.018582534691239922,,119350
2025-06-10,lisk,0.031132632901543278,0.001308523732296952,,49021
2025-06-10,mode,0.0484883461173119,0.005188693820109784,,186162
2025-06-10,optimism,3.0162259763048636,0.090001598485306584,,1045322
2025-06-10,scroll,0.29585174436302375,0.015781500674553318,,40308
2025-06-10,soneium,0.34128963657371203,0.040213261530350259,,952186
2025-06-10,starknet,0.34098038897392174,0.55727960670493973,,227342
2025-06-10,taiko,1.7573715580133218,1.469151763389827131,,1675855
2025-06-10,unichain,6.555975142576188,0.10393281624547611,,1628197
2025-06-10,worldchain,0.6669156724926736,0.188548015158217068,,1451473
2025-06-10,zksync_era,0.6200069409694408,0.026246668491615776,,62172
2025-06-11,arbitrum,23.26537234511742,0.830903220249072171,,2404976
2025-06-11,base,83.23864990292428,0.81117564083328104,,10658053
2025-06-11,ink,0.05916328099282178,0.014220028037156574,,424820
2025-06-11,linea,1.4349058372443007,0.016501411604953467,,106766
2025-06-11,lisk,0.04180313447629633,0.001313124984867024,,52056
2025-06-11,mode,0.03296356355309575,0.00452596969726,,203520
2025-06-11,optimism,3.0540847260650406,0.072627984858732393,,1208290
2025-06-11,scroll,0.1919941971598722,0.011033344590770441,,30801
2025-06-11,soneium,0.9494399060930747,0.04165940039075204,,1214779
2025-06-11,starknet,0.26445154155173317,0.419142731963098543,,195209
2025-06-11,taiko,1.7015727403019407,1.379057207094292325,,1572630
2025-06-11,unichain,6.48667309841025,0.090120026565707634,,1640878
2025-06-11,worldchain,0.9935281661700842,0.175915226947503276,,1447375
2025-06-11,zksync_era,0.5783846720079442,0.018557794690754816,,57504
2025-06-12,arbitrum,19.869525542513824,0.770684191460768811,,2287136
2025-06-12,base,88.54955491644705,0.89690586629459542,,12170326
2025-06-12,ink,0.03174970239527243,0.013129986686775265,,448629
2025-06-12,linea,1.3207132009589155,0.012747795768299627,,93172
2025-06-12,lisk,0.034157449316727685,0.001184243328716592,,43216
2025-06-12,mode,0.028773208320407823,0.003854342936499224,,173473
2025-06-12,optimism,2.604533456514985,0.076494764957574372,,1197244
2025-06-12,scroll,0.17778747777726434,0.010248341972391926,,29462
2025-06-12,soneium,0.9200367806568027,0.036209340098383388,,1252395
2025-06-12,starknet,0.2802546288294237,0.377411713853824194,,202504
2025-06-12,taiko,1.7249330328648735,1.344825180822603269,,1614992
2025-06-12,unichain,5.189215587960567,0.086147253844409146,,1528863
2025-06-12,worldchain,0.7720286779034204,0.168615412982539392,,1446641
2025-06-12,zksync_era,0.5302252206107937,0.016719804152310684,,57437
2025-06-13,arbitrum,50.55238234721328,0.703756650246589207,,2627877
2025-06-13,base,120.54989013343328,0.801513363958529516,,10994765
2025-06-13,ink,0.32413255871191404,0.01032686609183688,,397581
2025-06-13,linea,1.2074277574552694,0.01240539092551023,,83382
2025-06-13,lisk,0.03149862737113552,0.001191027799592808,,33059
2025-06-13,mode,0.02585818561263619,0.006605712969306956,,196398
2025-06-13,optimism,4.750409164427568,0.069373092342544025,,1144671
2025-06-13,scroll,0.20233846847401515,0.013170035575404637,,37371
2025-06-13,soneium,0.4898423924003993,0.032642942171551891,,1182195
2025-06-13,starknet,0.24994463796163643,0.397680443176648059,,170443
2025-06-13,taiko,1.7714408184470511,1.252939954893017276,,1630276
2025-06-13,unichain,7.712725887856111,0.073917481864410629,,1604958
2025-06-13,worldchain,0.9271212757042523,0.172134743532102612,,1482532
2025-06-13,zksync_era,0.6680295945007512,0.014981017996525384,,67876
2025-06-14,arbitrum,10.098153904996362,0.195238365372981721,,1569389
2025-06-14,base,37.631815060360935,0.584817419265177164,,9987352
2025-06-14,ink,0.09012280059993898,0.004820478505304434,,350801
2025-06-14,linea,0.917926579626881,0.005440489294073192,,69269
2025-06-14,lisk,0.010262017251581467,0.000428775596613088,,33395
2025-06-14,mode,0.01033509137918212,0.003944996533000232,,172838
2025-06-14,optimism,1.3732665905223844,0.028845684188234108,,1019137
2025-06-14,scroll,0.13754569650676388,0.002300425824874896,,24160
2025-06-14,soneium,0.3054376318076595,0.016381189979219853,,1159953
2025-06-14,starknet,0.09106969273265575,0.070010104014972226,,160540
2025-06-14,taiko,1.6718959959097905,0.872230508261423206,,1610146
2025-06-14,unichain,2.503317772723254,0.035978864794399126,,1530389
2025-06-14,worldchain,0.29116504368994717,0.102804064175782488,,1434586
2025-06-14,zksync_era,0.4107302430418146,0.003713910862786992,,49879
2025-06-15,arbitrum,9.604880148024497,0.19747969797558383,,1530117
2025-06-15,base,27.727980213596293,0.452975278670330724,,7828252
2025-06-15,ink,0.017417337869465595,0.005631198293097525,,389752
2025-06-15,linea,0.807088050355373,0.002467743622604062,,71266
2025-06-15,lisk,0.014440377741673602,0.000417013556909872,,32692
2025-06-15,mode,0.01173646877551001,0.004488521934352936,,193613
2025-06-15,optimism,1.319768396151953,0.04165083410505927,,1065269
2025-06-15,scroll,0.16538467937143472,0.00349698224949712,,24685
2025-06-15,soneium,0.4316162959351137,0.017030735151225041,,1216531
2025-06-15,starknet,0.10301362152377028,0.077387911611633314,,216891
2025-06-15,taiko,1.737669075247564,0.834050165619446769,,1733078
2025-06-15,unichain,2.2207748234501565,0.034167884013064836,,1447488
2025-06-15,worldchain,0.26844429145619614,0.10150160147025246,,1414219
2025-06-15,zksync_era,0.37905164077665204,0.003590170214030376,,45646
2025-06-16,arbitrum,20.379221669550432,0.471110262206057675,,2102407
2025-06-16,base,82.50446335713633,0.67308498487790474,,11264596
2025-06-16,ink,0.035117439452350366,0.008096663614481533,,397017
2025-06-16,linea,2.891035801063924,0.00718818463582606,,85765
2025-06-16,lisk,0.0215150559724346,0.000542622131011016,,31098
2025-06-16,mode,0.01934391775098867,0.00711006765658264,,195137
2025-06-16,optimism,2.4506226551301937,0.051338022468191194,,1452396
2025-06-16,scroll,0.19319596734902258,0.00577291699419605,,31484
2025-06-16,soneium,0.5215980379477069,0.025037422585711292,,1244205
2025-06-16,starknet,0.13151554504442628,0.177700378188110643,,197516
2025-06-16,taiko,2.779740702322504,1.246236358618166654,,2294026
2025-06-16,unichain,4.428044613908109,0.054068293272573649,,1486491
2025-06-16,worldchain,0.4632035753091349,0.1371680655672867,,1476189
2025-06-16,zksync_era,0.4662043764471797,0.009420589264717152,,51534
2025-06-17,arbitrum,27.165206410668787,0.566049338993862568,,2398762
2025-06-17,base,73.06040514303255,0.640502866912992832,,10202361
2025-06-17,ink,0.035715698323873536,0.010423312975846503,,418631
2025-06-17,linea,1.0836432069210409,0.009628648049972485,,70834
2025-06-17,lisk,0.04389686692316748,0.000743469232379376,,34325
2025-06-17,mode,0.04339717754431189,0.006526453258846856,,192577
2025-06-17,optimism,3.3768263596896184,0.050866038260505547,,1362939
2025-06-17,scroll,0.16221287872055248,0.005193244325957949,,36456
2025-06-17,soneium,0.41150128548222364,0.02946535459705913,,1257887
2025-06-17,starknet,0.08381989721011791,0.190174070297093242,,171545
2025-06-17,taiko,1.5147411613633874,1.05960916818826644,,1228597
2025-06-17,unichain,5.062588904735638,0.063398693257083503,,1624162
2025-06-17,worldchain,0.4574013715073218,0.141372250808160336,,1499997
2025-06-17,zksync_era,0.6352323033799833,0.010051464152311672,,61425
2025-06-18,arbitrum,17.288085476556816,0.457521989528072147,,2126273
2025-06-18,base,77.38829207922623,0.608131793695555712,,11560418
2025-06-18,ink,0.0680680854172517,0.008255587719712672,,471123
2025-06-18,linea,1.5599433676899424,0.005423289768185442,,69788
2025-06-18,lisk,0.017936097048679066,0.000677903349862448,,40402
2025-06-18,mode,0.06783411353643998,0.005597745169093504,,177611
2025-06-18,optimism,2.163709260485707,0.043497858470950394,,1358734
2025-06-18,scroll,0.1259006807671497,0.004747172586765246,,33658
2025-06-18,soneium,0.30808484117085555,0.021422070874535235,,1239236
2025-06-18,starknet,0.06479591138262966,0.142175908873350291,,144327
2025-06-18,taiko,1.4108988943816825,0.941779512678763528,,1282407
2025-06-18,unichain,6.483452239516172,0.049115773732880273,,1581337
2025-06-18,worldchain,0.3431257778085425,0.119267813108740908,,1472361
2025-06-18,zksync_era,0.8301488396879936,0.006441013215725152,,64398
2025-06-19,arbitrum,11.268332391452791,0.455496724192997962,,1712087
2025-06-19,base,55.037151658624964,0.535347942462955352,,9130169
2025-06-19,ink,0.0787997558703884,0.00925441618811288,,472885
2025-06-19,linea,0.7734203849867287,0.005552294254088456,,56614
2025-06-19,lisk,0.012441900997918365,0.000828607449740592,,43594
2025-06-19,mode,0.016660366883983275,0.005636670976707684,,200058
2025-06-19,optimism,1.5341290406379011,0.048985206823373186,,1141789
2025-06-19,scroll,0.08053056755906098,0.004492754071930137,,24360
2025-06-19,soneium,0.3487763878895793,0.023336248541988858,,1171470
2025-06-19,starknet,0.06039310515778557,0.169439399119919158,,141309
2025-06-19,taiko,1.396135604108481,0.90818069303829383,,1235252
2025-06-19,unichain,2.70518746666234,0.051608072079289577,,1591131
2025-06-19,worldchain,0.36917617610754605,0.117281686271777628,,1422621
2025-06-19,zksync_era,0.5266597910720716,0.007776453501314943,,50831
2025-06-20,arbitrum,28.207952236898542,0.443198065657793617,,2012119
2025-06-20,base,81.19999710784626,0.612943760739786508,,10973552
2025-06-20,ink,0.08303584767145142,0.008219414758836816,,477242
2025-06-20,linea,0.9432112509380762,0.004116047646936982,,60512
2025-06-20,lisk,0.3075271679714655,0.000961700875521568,,56557
2025-06-20,mode,0.020244750949550538,0.00617169632298452,,205207
2025-06-20,optimism,2.890263926442206,0.056657015969674916,,1193810
2025-06-20,scroll,0.10537453311832959,0.005493433404738824,,28748
2025-06-20,soneium,0.4053722826803593,0.02541683235727849,,1547089
2025-06-20,starknet,0.08055777007832852,0.117326906277205245,,148992
2025-06-20,taiko,1.3555614595266479,0.899593969218308961,,1240296
2025-06-20,unichain,4.10815335371515,0.050308226911183326,,1459490
2025-06-20,worldchain,0.34106443623561933,0.108363734208461484,,1442501
2025-06-20,zksync_era,0.763108615838993,0.015935864736305528,,54374
2025-06-21,arbitrum,37.531159604432055,0.291321695014360362,,1964867
2025-06-21,base,85.31047019943159,0.517034939578990624,,11329752
2025-06-21,ink,0.08398765683259365,0.005951316145740284,,429913
2025-06-21,linea,0.9033893058618893,0.003654522384083327,,54852
2025-06-21,lisk,0.03189128750120008,0.000537016818076448,,43216
2025-06-21,mode,0.018796273886681127,0.004674391495753888,,197004
2025-06-21,optimism,4.775085131081392,0.036628071097789228,,1211713
2025-06-21,scroll,0.13196601498196378,0.002462160158786619,,32917
2025-06-21,soneium,0.4110062080504889,0.02069039997627017,,1401215
2025-06-21,starknet,0.0645978387473669,0.132617909058940205,,135487
2025-06-21,taiko,1.3869373327333032,0.784634143461147913,,1289058
2025-06-21,unichain,4.913731086746015,0.039918739146085574,,1443705
2025-06-21,worldchain,0.27726004407397015,0.101019462055537068,,1442882
2025-06-21,zksync_era,0.7189843842858105,0.008861907245121798,,54067
2025-06-22,arbitrum,62.337357611474104,0.776424241463930178,,2667299
2025-06-22,base,108.33016184700132,0.600011551550052548,,8742242
2025-06-22,ink,0.10284073956694766,0.012840996855193013,,486560
2025-06-22,linea,1.3497320155286276,0.00836105688376061,,70897
2025-06-22,lisk,0.05119070352870771,0.001492086429645176,,67217
2025-06-22,mode,0.04225242971922603,0.013605399178494912,,237602
2025-06-22,optimism,4.398694670470968,0.062807885622659971,,1435854
2025-06-22,scroll,0.1483461689594444,0.013450143699048312,,37957
2025-06-22,soneium,0.8726734716351194,0.03414189432427028,,1439192
2025-06-22,starknet,0.14777691816830696,0.249716698787938703,,201744
2025-06-22,taiko,1.3140959324202823,1.180336341344608338,,1225844
2025-06-22,unichain,9.30509232884754,0.07669972924147219,,1608861
2025-06-22,worldchain,0.5460292128330805,0.153867085330237404,,1476858
2025-06-22,zksync_era,0.9933046749328934,0.021504550916726041,,69253
2025-06-23,arbitrum,47.56041138120685,1.195583520217971961,,2529514
2025-06-23,base,82.26732363803265,0.785215036054122856,,8588254
2025-06-23,ink,0.09499018575722987,0.018278891104762465,,530504
2025-06-23,linea,1.1439518278507286,0.0084189057225441,,70894
2025-06-23,lisk,0.054983797392068136,0.002100332587070032,,75528
2025-06-23,mode,0.05839989806385791,0.0180711006632276,,233951
2025-06-23,optimism,3.3503598307272715,0.101257907988433009,,1168520
2025-06-23,scroll,0.16021487345765026,0.014452093703537928,,39166
2025-06-23,soneium,0.9811362075145588,0.057176974645744477,,1257449
2025-06-23,starknet,0.17165005634721175,0.55852844790243047,,145265
2025-06-23,taiko,1.324219693971921,1.503449404021205199,,1239060
2025-06-23,unichain,10.119451170958305,0.108140152949741103,,1677122
2025-06-23,worldchain,0.8683842692401844,0.21042987377183628,,1549411
2025-06-23,zksync_era,1.0149665263800762,0.013273399597674508,,63754
2025-06-24,arbitrum,25.38343494332188,0.952380187233483172,,2275430
2025-06-24,base,63.00462113302976,0.719419719013789948,,7912680
2025-06-24,ink,0.12538251700758776,0.016296305377535044,,492297
2025-06-24,linea,0.9194524258933874,0.013610220856475923,,66042
2025-06-24,lisk,0.040339618445543464,0.001897943857483816,,72219
2025-06-24,mode,0.04933953904944739,0.011111784272194308,,201007
2025-06-24,optimism,2.5919451997961906,0.088089810647008624,,1202298
2025-06-24,scroll,0.10962072996101738,0.015532509745472615,,29242
2025-06-24,soneium,0.9744123398155448,0.048791432210472671,,1456380
2025-06-24,starknet,0.12383818031576853,0.512247791849687537,,139617
2025-06-24,taiko,1.3377769270669488,1.502533226530342988,,1246739
2025-06-24,unichain,8.713882744888322,0.104677241720415317,,1513029
2025-06-24,worldchain,0.8542079167178058,0.212025380230389024,,1646017
2025-06-24,zksync_era,0.6313717582434736,0.022038514112301182,,54237
2025-06-25,arbitrum,22.335632108334458,1.01065631348821594,,2237478
2025-06-25,base,58.30189653648024,0.746168094780429964,,8780880
2025-06-25,ink,0.11554186304892422,0.017059131751173509,,465951
2025-06-25,linea,0.9037794564658033,0.019735425781385985,,64802
2025-06-25,lisk,0.04148110338664803,0.001275107367615952,,47715
2025-06-25,mode,0.13723092119141653,0.01523227167668832,,223785
2025-06-25,optimism,2.0669521318279758,0.086299053616323108,,1164951
2025-06-25,scroll,0.11534488791259338,0.016822220796038274,,70542
2025-06-25,soneium,0.945051238069466,0.054848577963071615,,2011348
2025-06-25,starknet,0.13780408273256184,0.404804603124593423,,126437
2025-06-25,taiko,1.2863861232623681,1.499643807274026387,,1123768
2025-06-25,unichain,6.526333102474879,0.100070506738785456,,1650824
2025-06-25,worldchain,0.8163190825736906,0.200615645879535636,,1577588
2025-06-25,zksync_era,0.6326791768248171,0.022623734549326656,,54345
2025-06-26,arbitrum,22.537387929096205,0.536443653676639926,,2287933
2025-06-26,base,56.406713464238365,0.531877249973117216,,8196457
2025-06-26,ink,0.11498327656910513,0.010122320840462855,,466597
2025-06-26,linea,0.9945012468434316,0.009053452913175168,,69783
2025-06-26,lisk,0.08421017950937708,0.001226367649003384,,57181
2025-06-26,mode,0.023243485628047646,0.008250253028696908,,199703
2025-06-26,optimism,2.138990322761788,0.054138858535583512,,1188810
2025-06-26,scroll,0.11221362550949533,0.006236168699473536,,31581
2025-06-26,soneium,0.5736961909704776,0.035754358988934815,,2136915
2025-06-26,starknet,0.09873313025530003,0.201970627568773408,,143851
2025-06-26,taiko,1.3869496696556138,1.079590674513178607,,1322235
2025-06-26,unichain,5.9725626464721335,0.064643972473493634,,1718549
2025-06-26,worldchain,0.5393719534633477,0.145880661770246028,,1583550
2025-06-26,zksync_era,0.6852627201452925,0.011157316700387424,,60170
2025-06-27,arbitrum,13.096282540805184,0.310426727535511301,,1784118
2025-06-27,base,35.42822603188945,0.436357252223527188,,7975390
2025-06-27,ink,0.08965767809251413,0.008873797833146725,,464806
2025-06-27,linea,0.8393148326156946,0.005335874113323524,,62166
2025-06-27,lisk,0.070251734247834,0.000785884349598456,,55567
2025-06-27,mode,0.018598548238010278,0.0062963283497384,,197184
2025-06-27,optimism,1.685344277411823,0.039234188087799166,,1296281
2025-06-27,scroll,0.09531054132688016,0.004204432294688866,,25511
2025-06-27,soneium,0.33484285159040605,0.027138403850341466,,2148199
2025-06-27,starknet,0.05172979564007777,0.116359553977157654,,114282
2025-06-27,taiko,1.340611357219342,0.931863249638700799,,1280607
2025-06-27,unichain,3.859864930159459,0.050173914569490488,,1629096
2025-06-27,worldchain,0.3638408141900677,0.122378046264454332,,1563408
2025-06-27,zksync_era,0.5177312135527029,0.006414115805941076,,53207
2025-06-28,arbitrum,5.595445446668794,0.182591580814190567,,1685540
2025-06-28,base,18.234858841762218,0.387396730575451652,,7391104
2025-06-28,ink,0.08892020889281804,0.005606963459421967,,470661
2025-06-28,linea,0.6351543797018745,0.003386366974683796,,51507
2025-06-28,lisk,0.05023214611127792,0.000865264352462464,,76777
2025-06-28,mode,0.008053161957914579,0.004149036574755452,,180413
2025-06-28,optimism,0.9054664632042275,0.030803673808901237,,1184340
2025-06-28,scroll,0.07840526551564411,0.002370393051018412,,18999
2025-06-28,soneium,0.23887792832598123,0.020242991818968991,,2009650
2025-06-28,starknet,0.031094330022213842,0.055721404217281854,,100580
2025-06-28,taiko,1.3236866868929105,0.636296739520926028,,1255760
2025-06-28,unichain,1.1156944866486231,0.032841052705373595,,1413076
2025-06-28,worldchain,0.3302075074067365,0.11049594108302796,,1543741
2025-06-28,zksync_era,0.34788000536720853,0.0033343995976122,,38310
2025-06-29,arbitrum,12.123671607171275,0.213127452509792624,,2180717
2025-06-29,base,39.83528907818157,0.387366181461261324,,7926844
2025-06-29,ink,0.06346730203012514,0.005361921712467095,,476511
2025-06-29,linea,0.8778772554603784,0.002794689894137858,,63225
2025-06-29,lisk,0.04040730543303429,0.00080782517105396,,73218
2025-06-29,mode,0.007718251946228579,0.004208817942502264,,193597
2025-06-29,optimism,1.3743986303077946,0.032996225402666469,,1191125
2025-06-29,scroll,0.09311170965804362,0.001691531705250569,,26173
2025-06-29,soneium,0.19870592377926605,0.01555254626628282,,1265499
2025-06-29,starknet,0.07383585684788312,0.051062655695387704,,448056
2025-06-29,taiko,1.3856459444323495,0.527859058181978793,,1258756
2025-06-29,unichain,2.1882191551881807,0.031473169042496182,,1359485
2025-06-29,worldchain,0.8656072758948107,0.098876361927980556,,1454135
2025-06-29,zksync_era,0.4709982757306116,0.003100664168598796,,45708
2025-06-30,arbitrum,17.554341636206175,0.606649574888545625,,2898580
2025-06-30,base,44.173710632412465,0.539314303572079032,,9380725
2025-06-30,ink,0.05083561192780766,0.010338137089636481,,459218
2025-06-30,linea,1.0054582096166975,0.008394733677220126,,73351
2025-06-30,lisk,0.05194944261892107,0.001231072644258608,,80722
2025-06-30,mode,0.07767826396375135,0.007056461878838588,,214269
2025-06-30,optimism,1.9932638642359097,0.061674867094516861,,1280783
2025-06-30,scroll,0.47780929350496676,0.005542858122800483,,31808
2025-06-30,soneium,0.3285357226188729,0.035869762155521564,,2373204
2025-06-30,starknet,0.15516780423145474,0.284151502747120337,,529849
2025-06-30,taiko,1.3718090942906125,0.664177139198864482,,1211082
2025-06-30,unichain,4.341142929948947,0.063097597499891026,,1520956
2025-06-30,worldchain,0.6129443485794316,0.14080545705192954,,1469165
2025-06-30,zksync_era,0.5330848052109631,0.0100933689961163,,51858
2025-07-01,arbitrum,13.14601317879202,0.403504044527123018,,2182879
2025-07-01,base,39.85771370940163,0.556566040111773372,,10438275
2025-07-01,ink,0.030898713691710444,0.007381391872962266,,432077
2025-07-01,linea,0.7436399075557752,0.005264135722408172,,55417
2025-07-01,lisk,0.020137432758513846,0.00069989482215788,,47124
2025-07-01,mode,0.042848964760137345,0.007379134204518472,,212490
2025-07-01,optimism,1.7980807118173676,0.054011100073030272,,1285708
2025-07-01,scroll,0.19217360272690706,0.005137937827362972,,29304
2025-07-01,soneium,0.19864672731605187,0.021642064151006885,,1282470
2025-07-01,starknet,0.12993418878758276,0.31860301508079162,,482852
2025-07-01,taiko,1.61263527492449,0.714928391603594031,,1484803
2025-07-01,unichain,4.937093163391545,0.049968187899510496,,1277623
2025-07-01,worldchain,0.3809087322969607,0.12210745512186852,,1444209
2025-07-01,zksync_era,0.49510195929416484,0.008237188570054372,,46588
2025-07-02,arbitrum,29.359297656325445,0.403030707358710698,,2199742
2025-07-02,base,60.67852431869173,0.54821724144723678,,8844574
2025-07-02,ink,0.03790031032130452,0.008488693013190152,,433249
2025-07-02,linea,0.9278432791244751,0.005909937922921771,,63339
2025-07-02,lisk,0.024247981099130074,0.000839830606416952,,43633
2025-07-02,mode,0.019529518393581226,0.00587943980194316,,185814
2025-07-02,optimism,2.2341823789549555,0.061130369202705489,,1394847
2025-07-02,scroll,0.1303694003895832,0.005027582581891383,,33569
2025-07-02,soneium,0.20478985477952355,0.020076075823000878,,865270
2025-07-02,starknet,0.10508270093392773,0.300910658904740407,,351391
2025-07-02,taiko,1.6046007161921945,0.922853683366327915,,1487896
2025-07-02,unichain,4.413684158432202,0.050619424365909727,,1325680
2025-07-02,worldchain,0.5088701941890093,0.134826494945537544,,1491916
2025-07-02,zksync_era,0.6081743729815605,0.00883853091257668,,53124
2025-07-03,arbitrum,17.98616082807761,0.348978923989194545,,2031889
2025-07-03,base,63.252192744786335,0.48313334025062772,,8316117
2025-07-03,ink,0.046867447648328744,0.007560606732549972,,466184
2025-07-03,linea,1.0122857541838763,0.00552130602850051,,70004
2025-07-03,lisk,0.06888747502502206,0.001266483643403464,,76230
2025-07-03,mode,0.018160793873876292,0.006373734155300056,,206797
2025-07-03,optimism,1.8483433955768092,0.045312371528107384,,1032538
2025-07-03,scroll,0.13416618979183795,0.005540814318005682,,28454
2025-07-03,soneium,0.20039049247004992,0.018213939210843522,,882406
2025-07-03,starknet,0.07563992429387274,0.224662741462301492,,256514
2025-07-03,taiko,1.5986893303898246,1.036037994980948493,,1475093
2025-07-03,unichain,5.507140942283563,0.045038779222099661,,1419728
2025-07-03,worldchain,0.38454156503417225,0.129636294975805212,,1530062
2025-07-03,zksync_era,0.5946478396070947,0.007145042204045932,,52913
2025-07-04,arbitrum,12.227567926343779,0.283961687094888269,,1978236
2025-07-04,base,42.42102607977294,0.468652812360193744,,8253223
2025-07-04,ink,0.0544312821140843,0.006055477923573299,,417223
2025-07-04,linea,0.9728817133140928,0.003492570326128934,,73778
2025-07-04,lisk,0.016612979573410954,0.000651459950928736,,39634
2025-07-04,mode,0.026583170088086923,0.004883917030596264,,172137
2025-07-04,optimism,2.7999271362990523,0.040905749841665728,,1084014
2025-07-04,scroll,0.14488013948183748,0.003109557184822355,,28237
2025-07-04,soneium,0.2091262926598213,0.016079831626002685,,836618
2025-07-04,starknet,0.06586197863986726,0.111901235135764725,,274740
2025-07-04,taiko,1.617936369067928,0.972505683326280452,,1485157
2025-07-04,unichain,2.932312995440247,0.037971117403080341,,1261304
2025-07-04,worldchain,0.32693919585110154,0.118913424464990856,,1533086
2025-07-04,zksync_era,0.45986976096494886,0.004833519778872476,,45831
2025-07-05,arbitrum,6.470278204118349,0.15208334105728824,,1677855
2025-07-05,base,24.623051468885365,0.37912667231093638,,8144934
2025-07-05,ink,0.04131603676363852,0.004732175506039759,,414253
2025-07-05,linea,1.0655481841763161,0.002888119008345231,,86753
2025-07-05,lisk,0.024296970512106546,0.000433187940779376,,39447
2025-07-05,mode,0.005377939326369545,0.003508207220985,,161509
2025-07-05,optimism,0.9657684795840326,0.044464629055716687,,1135981
2025-07-05,scroll,0.10089271573342785,0.001530614300380291,,21842
2025-07-05,soneium,0.377535823009241,0.01084029448762244,,632685
2025-07-05,starknet,0.06129030107509288,0.046671305164065644,,436634
2025-07-05,taiko,1.6157249410485581,0.689395028652437418,,1518115
2025-07-05,unichain,1.1327452122027613,0.027513188337871312,,1153080
2025-07-05,worldchain,0.21762774051974304,0.10242138176639922,,1517909
2025-07-05,zksync_era,0.35502055738944244,0.002695240679370432,,39207
2025-07-06,arbitrum,10.375712309791256,0.183624980840393455,,1868188
2025-07-06,base,34.52020429681809,0.383291856680385956,,7219589
2025-07-06,ink,0.04834427223719235,0.005141964746701416,,434256
2025-07-06,linea,0.7292976547058985,0.00207710923145956,,54759
2025-07-06,lisk,0.011788248648018728,0.000558882953289736,,39312
2025-07-06,mode,0.011005702403541658,0.003994876864977592,,188796
2025-07-06,optimism,1.3274059896283252,0.040432613682233384,,1100388
2025-07-06,scroll,0.12182374872098507,0.001762947619900001,,25788
2025-07-06,soneium,1.5196963432462143,0.010250910589835468,,500900
2025-07-06,starknet,0.03685515697900368,0.055428464374826307,,182495
2025-07-06,taiko,1.5926361165800955,0.746891743815728782,,1503852
2025-07-06,unichain,2.8767993777737915,0.028846401954151851,,1125270
2025-07-06,worldchain,0.3339806102352769,0.10238287488256266,,1516495
2025-07-06,zksync_era,0.4444522850789354,0.002984350272882414,,42766
2025-07-07,arbitrum,13.258591667756772,0.455440807661949398,,2104777
2025-07-07,base,41.00577277122774,0.500826729040339392,,7760378
2025-07-07,ink,0.12600827315891597,0.011581763719353571,,592169
2025-07-07,linea,0.7886793149288555,0.005895037004408496,,62984
2025-07-07,lisk,0.037279356868836204,0.000683801203379592,,41603
2025-07-07,mode,0.014220721263066057,0.006871234293577276,,162157
2025-07-07,optimism,6.070300976203329,0.056812602246493877,,1114069
2025-07-07,scroll,0.11662629616034029,0.008281774218215104,,26735
2025-07-07,soneium,0.10410481388843462,0.016368899491242109,,425057
2025-07-07,starknet,0.059994881203092154,0.248245237992054393,,155532
2025-07-07,taiko,1.5389289707339668,1.028317886596954134,,1420019
2025-07-07,unichain,4.184995092024596,0.048805300031640945,,1203983
2025-07-07,worldchain,1.1725673127697396,0.143092120111879812,,1550897
2025-07-07,zksync_era,0.4985257677720945,0.008751608025096618,,48961
2025-07-08,arbitrum,11.85768434133595,0.368725247097488929,,2008502
2025-07-08,base,30.973023996109866,0.480258809733037628,,8389826
2025-07-08,ink,0.0712562898586524,0.00771898072522527,,570221
2025-07-08,linea,0.7911065009447483,0.006017916782361044,,62460
2025-07-08,lisk,0.019899861400101842,0.000772363319803664,,43302
2025-07-08,mode,0.01043799865928833,0.004635972148963252,,130093
2025-07-08,optimism,1.5756111626347171,0.049186042530808117,,1076233
2025-07-08,scroll,0.11572415874637337,0.005074458715679563,,31904
2025-07-08,soneium,0.14875240476243035,0.016142125158693313,,504510
2025-07-08,starknet,0.12206865481124086,0.213900783122300459,,355083
2025-07-08,taiko,1.4946455617534817,0.959678196997535027,,1364999
2025-07-08,unichain,3.8704180140835196,0.046057485746758699,,1261479
2025-07-08,worldchain,0.8608392171069226,0.12808192191071022,,1579761
2025-07-08,zksync_era,0.4808801146213665,0.007685801439558412,,46966
2025-07-09,arbitrum,30.0047472253433,0.840722482990528748,,2659878
2025-07-09,base,39.80583662920936,0.594911658970610104,,8156012
2025-07-09,ink,0.08506042599475999,0.011818677522996963,,570802
2025-07-09,linea,0.9237937460364019,0.005768428814367242,,63592
2025-07-09,lisk,0.03423273579701874,0.001128581024326384,,44573
2025-07-09,mode,0.02266380506449598,0.008731508293670816,,162076
2025-07-09,optimism,2.2954872712435943,0.08271651252059864,,1140379
2025-07-09,scroll,0.14174491314338758,0.008534812780925558,,28566
2025-07-09,soneium,0.5288473003127012,0.023387678531005605,,555159
2025-07-09,starknet,0.10891228497821288,0.356277282006595911,,114441
2025-07-09,taiko,1.4681123659537225,1.235581941469957227,,1374666
2025-07-09,unichain,6.685251586125422,0.063545380601060046,,1514672
2025-07-09,worldchain,1.0510302931903186,0.162964534143971904,,1552599
2025-07-09,zksync_era,0.6729557052350912,0.019719444542148748,,61960
2025-07-10,arbitrum,40.0428164705663,1.058578153047621042,,2591083
2025-07-10,base,83.54391977058422,0.817366637452524492,,9264445
2025-07-10,ink,0.07784010573943154,0.013832340762519872,,523266
2025-07-10,linea,1.1314958394193542,0.009641835737548305,,72617
2025-07-10,lisk,0.04342627798466885,0.001485064676779664,,42021
2025-07-10,mode,0.038140487765911724,0.010595612235082184,,183646
2025-07-10,optimism,3.697183095643967,0.104651650923109169,,1150615
2025-07-10,scroll,0.12133781739381172,0.017502113124353388,,35272
2025-07-10,soneium,0.1831690940670948,0.031526927620831998,,583596
2025-07-10,starknet,0.19581668887882073,0.78557254752093525,,117119
2025-07-10,taiko,1.4969840090109685,1.608335650756495399,,1325808
2025-07-10,unichain,7.247111723236566,0.105804020025758336,,1575906
2025-07-10,worldchain,3.8908330609963957,0.23632944530900466,,1596538
2025-07-10,zksync_era,0.960101600763575,0.031433542653889336,,54087
2025-07-11,arbitrum,23.677797413981978,1.150474538376411098,,2815788
2025-07-11,base,60.30393260456141,0.815910013986797512,,9316986
2025-07-11,ink,0.07024476632189731,0.017120090613683224,,500656
2025-07-11,linea,1.0932463912184802,0.022741760025415331,,73599
2025-07-11,lisk,0.0362674144700441,0.001794783464950384,,49641
2025-07-11,mode,0.08183449822080241,0.013379995179652024,,196043
2025-07-11,optimism,3.3502202571915376,0.099174248381517588,,1203531
2025-07-11,scroll,0.14349933823867636,0.015962243903886734,,48068
2025-07-11,soneium,0.18182842658429005,0.036657083766454869,,555134
2025-07-11,starknet,0.2530332008389785,0.844356626329461273,,262416
2025-07-11,taiko,1.4384742107246224,1.644820540205516943,,1271563
2025-07-11,unichain,8.396049434130369,0.112784110865410017,,1621214
2025-07-11,worldchain,7.042865096426685,0.23949475365611946,,1574908
2025-07-11,zksync_era,1.003386958807207,0.032631438022187632,,79091
2025-07-12,arbitrum,9.446864877565316,0.322819723808508636,,2176999
2025-07-12,base,17.826354318094864,0.4696768393082885,,9099077
2025-07-12,ink,0.06388114650461635,0.007283175917286238,,543904
2025-07-12,linea,0.7421307674041611,0.004870495978975362,,56035
2025-07-12,lisk,0.04392670668304307,0.00097836919824596,,62513
2025-07-12,mode,0.01808667742433204,0.005124806937332232,,199338
2025-07-12,optimism,2.2413766526353918,0.054918303062821331,,1174915
2025-07-12,scroll,0.08019101740994772,0.003488387140300156,,29505
2025-07-12,soneium,0.1182632327357729,0.015088992756931318,,617593
2025-07-12,starknet,0.16397411931293232,0.139381099162142458,,675946
2025-07-12,taiko,1.4386798534542713,1.017417540273721074,,1270560
2025-07-12,unichain,3.096459151094862,0.043576490651302745,,1556448
2025-07-12,worldchain,0.5549026571561125,0.12010149957271314,,1513947
2025-07-12,zksync_era,0.46710024806167105,0.005743536129512604,,49284
2025-07-13,arbitrum,9.720447581938423,0.298932412602265344,,1987513
2025-07-13,base,18.91577466793732,0.5046887455624084,,8890506
2025-07-13,ink,0.10702434306107404,0.00824414921746114,,637761
2025-07-13,linea,0.9172473788327036,0.007169829857454879,,66551
2025-07-13,lisk,0.012168866657413988,0.000640593968661736,,42603
2025-07-13,mode,0.0196754237571102,0.006011183496000984,,174683
2025-07-13,optimism,1.9321352040364332,0.052395115894758956,,1146938
2025-07-13,scroll,0.09339738386575222,0.002939565731563537,,30154
2025-07-13,soneium,0.11938054385438264,0.01474793174379685,,594727
2025-07-13,starknet,0.1812377507059849,0.167101192918389787,,920939
2025-07-13,taiko,1.4031999324552262,0.951120778277854993,,1224317
2025-07-13,unichain,3.689274168743583,0.042966024295074649,,1426547
2025-07-13,worldchain,0.36620306577083767,0.123107610318444816,,1537333
2025-07-13,zksync_era,0.575001688736726,0.005959092222727344,,53388
2025-07-14,arbitrum,18.82695393007416,1.013014461396792224,,2801400
2025-07-14,base,36.8615214383131,0.743927400719989852,,9315127
2025-07-14,ink,0.16833643332087014,0.014170452523195433,,509914
2025-07-14,linea,1.3384690690404106,0.01940999347067805,,76994
2025-07-14,lisk,0.03431236842396372,0.002059032097847744,,53806
2025-07-14,mode,0.06807676976317313,0.011709272126375532,,202623
2025-07-14,optimism,5.963115429664081,0.085302260216743587,,1158568
2025-07-14,scroll,0.11562584193605123,0.013403735916576804,,32054
2025-07-14,soneium,0.16135951353653127,0.031925279424413294,,602184
2025-07-14,starknet,0.43675160982323674,0.744279657606257295,,950332
2025-07-14,taiko,1.409603714965544,1.560937070505160506,,1233307
2025-07-14,unichain,8.232684410062534,0.098820274543144432,,1585316
2025-07-14,worldchain,0.8661537339746102,0.21106488683199786,,1586523
2025-07-14,zksync_era,0.9706486195316979,0.031983407748467052,,111475
2025-07-15,arbitrum,28.399932177070433,0.829765954203422725,,3045779
2025-07-15,base,49.468136915893524,0.639360797369470268,,8959924
2025-07-15,ink,0.1425730857455704,0.013827192462686673,,559640
2025-07-15,linea,1.5174243813607073,0.015469675706224706,,90689
2025-07-15,lisk,0.040475452059503356,0.002023971902320536,,73721
2025-07-15,mode,0.06015652334000213,0.012173236738705596,,212046
2025-07-15,optimism,3.401006857570981,0.074046247921132485,,1314317
2025-07-15,scroll,0.14455043487094912,0.015003509156913187,,39811
2025-07-15,soneium,0.1687336351973366,0.027990819867624676,,701503
2025-07-15,starknet,0.25152661395426784,0.481751417036741836,,572224
2025-07-15,taiko,1.394778564955808,1.324486733443052815,,1231802
2025-07-15,unichain,12.987392548132553,0.076739820972610919,,1493153
2025-07-15,worldchain,1.0452607558240548,0.171760990841791836,,1602457
2025-07-15,zksync_era,1.2407903869154056,0.029423952592815968,,137715
2025-07-16,arbitrum,29.1436280146993,1.443685479682520898,,3054293
2025-07-16,base,81.365011593739,0.927488001596350484,,9240831
2025-07-16,ink,0.3038475546213901,0.024395814389465998,,518629
2025-07-16,linea,1.5576749450915341,0.027395961489840985,,93008
2025-07-16,lisk,0.059144884776723076,0.006552308030648208,,55441
2025-07-16,mode,0.12492635977996859,0.017302998327887424,,205012
2025-07-16,optimism,4.552313919636643,0.128558438577454629,,1244470
2025-07-16,scroll,0.13896991497906278,0.02203628314232582,,40399
2025-07-16,soneium,0.1994114872216994,0.049113590024086676,,726339
2025-07-16,starknet,0.46357740234514366,0.879189260564940986,,600059
2025-07-16,taiko,1.3464559778815692,2.002924184609974511,,1149978
2025-07-16,unichain,11.545105280236259,0.133418892139072401,,1642948
2025-07-16,worldchain,1.3600917256748875,0.252438261417455436,,1549895
2025-07-16,zksync_era,1.1473263251452235,0.037184813856872584,,68375
2025-07-17,arbitrum,29.45620860234702,1.909528503758229462,,3068988
2025-07-17,base,79.7220540062927,1.174785227989160188,,10601748
2025-07-17,ink,0.44527515641056997,0.033749354603341641,,442184
2025-07-17,linea,1.8779200191630636,0.027049156256074445,,106085
2025-07-17,lisk,0.04913574431993591,0.010418802558395944,,42553
2025-07-17,mode,0.14618152397316408,0.021746539082984796,,174490
2025-07-17,optimism,4.833799373285348,0.156987983857005627,,1280190
2025-07-17,scroll,0.18323844474483575,0.019079230995137446,,48829
2025-07-17,soneium,0.3057869795192153,0.06131082265307351,,719759
2025-07-17,starknet,0.6144738151745585,1.488761711125064685,,759021
2025-07-17,taiko,1.3882578017543268,2.187382819384661048,,1146490
2025-07-17,unichain,13.642771252385677,0.171776808127485741,,1644518
2025-07-17,worldchain,1.4288499482056014,0.30955714148451372,,1528732
2025-07-17,zksync_era,1.053577140227484,0.042369908932542528,,74240
2025-07-18,arbitrum,45.64170572375233,1.254862560889562124,,3207843
2025-07-18,base,55.81837034331244,0.864089852244571984,,9773254
2025-07-18,ink,0.13313063903540456,0.016951731223769725,,440153
2025-07-18,linea,1.7932436908273677,0.035528668959583035,,128555
2025-07-18,lisk,0.037532857573186994,0.008129634646400756,,37855
2025-07-18,mode,0.13519958987961597,0.014082252525354768,,190967
2025-07-18,optimism,4.9387938579128745,0.12748064603252532,,1470916
2025-07-18,scroll,0.16754092621590944,0.017386827319336272,,60055
2025-07-18,soneium,0.24430883940976394,0.042703645181285871,,748220
2025-07-18,starknet,0.3600393548871819,1.09787504645776209,,501338
2025-07-18,taiko,1.3688520123603833,1.64898255572909972,,1136646
2025-07-18,unichain,15.449254925055236,0.119802812440809356,,1743349
2025-07-18,worldchain,4.557449533128114,0.247329454699608872,,1558013
2025-07-18,zksync_era,1.0888660622749953,0.027413427744475496,,73999
2025-07-19,arbitrum,11.617912656512834,0.323122741929067263,,2339029
2025-07-19,base,30.021844344366258,0.521244632689188724,,10152357
2025-07-19,ink,0.06466445616803836,0.006768419006757195,,440660
2025-07-19,linea,1.2771812005130252,0.009834687235851554,,94942
2025-07-19,lisk,0.012818537850074743,0.003070195078019976,,29952
2025-07-19,mode,0.024159041490956268,0.005482086181389744,,184571
2025-07-19,optimism,2.060655266691027,0.051433056099422962,,1059390
2025-07-19,scroll,0.07577182957717842,0.003791778115629116,,40681
2025-07-19,soneium,0.10466466226849802,0.015932137602737215,,711603
2025-07-19,starknet,0.15653943463971706,0.14282941964880238,,753488
2025-07-19,taiko,1.3588178992932822,1.058502711469679588,,1153055
2025-07-19,unichain,4.927749429429621,0.045761079187402218,,1616445
2025-07-19,worldchain,3.7144344915851186,0.138002004022573116,,1509626
2025-07-19,zksync_era,0.5798328865421516,0.0061535869692564,,57017
2025-07-20,arbitrum,19.554196756454928,0.541996413422800669,,2923959
2025-07-20,base,49.22235029807337,0.557688371377183436,,9783266
2025-07-20,ink,0.07976142789702471,0.008436727256880569,,388079
2025-07-20,linea,1.6464285256844173,0.015386746284142456,,116618
2025-07-20,lisk,0.01983069209932123,0.004836068197271872,,33592
2025-07-20,mode,0.026156523069907588,0.006689847425557128,,175578
2025-07-20,optimism,4.030300463142423,0.073498604702083842,,1247156
2025-07-20,scroll,0.10305873099881363,0.005760274768931402,,56560
2025-07-20,soneium,0.1361274084567311,0.021065856123879504,,752466
2025-07-20,starknet,0.07857148179492873,0.324573124600267282,,114547
2025-07-20,taiko,1.334114642691608,1.166187328675835644,,1059538
2025-07-20,unichain,8.997771200341843,0.058687286748733374,,1493428
2025-07-20,worldchain,17.34272857527571,0.168944020838278872,,1521051
2025-07-20,zksync_era,0.8112938272930035,0.010078291678166676,,63013
2025-07-21,arbitrum,19.214185288345007,0.575228338821328757,,2825497
2025-07-21,base,41.764398219594966,0.560571034342361272,,8926503
2025-07-21,ink,0.0655374036126339,0.008387502484889069,,265025
2025-07-21,linea,2.7512411815999305,0.038450503474812487,,215226
2025-07-21,lisk,0.029879747307692803,0.004415612075500328,,31986
2025-07-21,mode,0.05777532880621865,0.007262461444466368,,153294
2025-07-21,optimism,3.4424142593166267,0.078205335066241062,,1971930
2025-07-21,scroll,0.1377002822249348,0.005538871172692642,,61432
2025-07-21,soneium,0.2038162318257027,0.02091751557800463,,726600
2025-07-21,starknet,0.09402107536217617,0.365475295973732101,,124199
2025-07-21,taiko,1.323761455809053,1.18318881595515552,,1035524
2025-07-21,unichain,8.448696528525641,0.060947505505468277,,1447188
2025-07-21,worldchain,7.21211503418943,0.169244236693684688,,1549709
2025-07-21,zksync_era,0.7138352322134868,0.011654801042888488,,66957
2025-07-22,arbitrum,22.221164553029777,0.429754054644841428,,2872614
2025-07-22,base,63.803738139334115,0.528542134805829728,,8902081
2025-07-22,ink,0.18130145844158313,0.007802469624852609,,464851
2025-07-22,linea,2.1835097784611746,0.021505036320746348,,166175
2025-07-22,lisk,0.02270433978440589,0.003072785642804812,,34174
2025-07-22,mode,0.0254154287374257,0.0059081527802435,,187394
2025-07-22,optimism,4.282314336164692,0.076821458423559782,,1932311
2025-07-22,scroll,0.13614236960232762,0.004860528330477086,,62134
2025-07-22,soneium,0.20327701202387927,0.019087027461510619,,939235
2025-07-22,starknet,0.09306872833306165,0.227883661479662032,,184525
2025-07-22,taiko,1.3195586954282497,1.006690828386282882,,1029319
2025-07-22,unichain,10.8658716160828,0.04647108345206392,,1238172
2025-07-22,worldchain,10.183143189977597,0.153089734147269768,,1537351
2025-07-22,zksync_era,1.1820427586641553,0.007569980325213524,,68397
2025-07-23,arbitrum,28.648587500007878,0.386901909404403525,,2771623
2025-07-23,base,78.41581434371385,0.515596629643904028,,8967416
2025-07-23,ink,0.11149025433086306,0.007418222166927248,,445317
2025-07-23,linea,2.168096846038537,0.015725135848083818,,163790
2025-07-23,lisk,0.030412755326935853,0.003651359953602328,,40315
2025-07-23,mode,0.022215475163009306,0.005493030319107192,,189773
2025-07-23,optimism,3.6526574336126427,0.053226620649473763,,1982655
2025-07-23,scroll,0.12378597384005474,0.004212626724262936,,61462
2025-07-23,soneium,0.26118904465002696,0.020274286608385426,,1162646
2025-07-23,starknet,0.07142973218151236,0.170750234996456828,,164488
2025-07-23,taiko,1.284794633102918,0.940704319471189603,,1000115
2025-07-23,unichain,10.613344495321403,0.043849321417819633,,1138306
2025-07-23,worldchain,21.175767599129365,0.153897625579050012,,1471134
2025-07-23,zksync_era,0.6396089257923462,0.006927816246199116,,66778
2025-07-24,arbitrum,23.915664402692926,0.357909893976969465,,3145366
2025-07-24,base,52.58167761262581,0.48970238822043552,,8935658
2025-07-24,ink,0.05896535516902358,0.006704295171019007,,376058
2025-07-24,linea,2.6130932636131243,0.014664462066966705,,173767
2025-07-24,lisk,0.05887763962317094,0.003129102928555884,,44295
2025-07-24,mode,0.02127686663082056,0.005466225822746616,,192867
2025-07-24,optimism,3.1275910491810768,0.047160777109858278,,1389291
2025-07-24,scroll,0.1036401726863841,0.00354180641130138,,63699
2025-07-24,soneium,0.16840256773060566,0.016289800131571405,,960433
2025-07-24,starknet,0.06346110475907238,0.167460856319992017,,194278
2025-07-24,taiko,1.264937723660632,0.939194598043882065,,912774
2025-07-24,unichain,8.229559478206482,0.03970865191936473,,1157742
2025-07-24,worldchain,6.171758870193443,0.138975520387130172,,1519862
2025-07-24,zksync_era,0.7450865227263588,0.005344345710632508,,68680
2025-07-25,arbitrum,23.81605713494792,0.28563932495861811,,3267657
2025-07-25,base,35.229026196957406,0.449687722745861108,,8870869
2025-07-25,ink,0.14386091955068298,0.005414453589967232,,394142
2025-07-25,linea,3.184141317119335,0.01522518645025371,,231165
2025-07-25,lisk,0.02527099578006259,0.002701939621681096,,49688
2025-07-25,mode,0.01959602146971721,0.004166451811140324,,190287
2025-07-25,optimism,2.8899897892969615,0.034632960907762216,,1587069
2025-07-25,scroll,0.11473482729520781,0.001918892267426268,,59764
2025-07-25,soneium,0.11263378735450795,0.013297866906117242,,786638
2025-07-25,starknet,0.052896585963236195,0.103384252848340078,,206738
2025-07-25,taiko,1.1471983015458935,0.807716733711016926,,872780
2025-07-25,unichain,10.142715052550665,0.032919934810973206,,1176422
2025-07-25,worldchain,0.35682492026595375,0.132958079779346496,,1557525
2025-07-25,zksync_era,0.602557876539899,0.003257391846180208,,61862
2025-07-26,arbitrum,8.22174028734991,0.180897020406754458,,2335538
2025-07-26,base,41.35997719158918,0.438418784584445536,,9056727
2025-07-26,ink,0.0698215551514164,0.004732085400923462,,378038
2025-07-26,linea,1.4729825807139685,0.004802226263348455,,101908
2025-07-26,lisk,0.026188250204641914,0.002336449010910788,,46417
2025-07-26,mode,0.020811500880913922,0.003652955287747392,,183227
2025-07-26,optimism,1.4414908529037844,0.032072287411247336,,1541818
2025-07-26,scroll,0.0847644924225906,0.001285113303773598,,36289
2025-07-26,soneium,0.12845982251416194,0.011931911878269882,,892711
2025-07-26,starknet,0.03166697133148711,0.057328842311197194,,177945
2025-07-26,taiko,1.0809877783434318,0.764476929190222082,,846008
2025-07-26,unichain,3.556967959939952,0.027059280519360226,,981600
2025-07-26,worldchain,2.385289849052259,0.123245352708535368,,1608673
2025-07-26,zksync_era,0.45100719036666603,0.001796659224309828,,42962
2025-07-27,arbitrum,8.729778701069206,0.198904390759720853,,2607932
2025-07-27,base,91.78678975483493,0.417595022386369588,,8735697
2025-07-27,ink,0.05236366217071914,0.004584101198301474,,381867
2025-07-27,linea,1.2417592558995934,0.003491126599931824,,86221
2025-07-27,lisk,0.07973761498266559,0.002415136328737992,,49943
2025-07-27,mode,0.01157848066384022,0.0036849655432356,,195941
2025-07-27,optimism,1.4652342861491352,0.032088289187788352,,1554319
2025-07-27,scroll,0.07391004856930357,0.001318657665356225,,42962
2025-07-27,soneium,0.19816134008880465,0.011617949667572044,,901125
2025-07-27,starknet,0.030732440934631396,0.055172687810086491,,138530
2025-07-27,taiko,1.074344772584412,0.718349677358260755,,824784
2025-07-27,unichain,3.7170409639317317,0.0282100951329065,,1087748
2025-07-27,worldchain,0.19192119085411902,0.124692429889252584,,1635834
2025-07-27,zksync_era,0.5953660975565145,0.001824268607524088,,52718
2025-07-28,arbitrum,15.40601144171081,0.31150854480909346,,3024654
2025-07-28,base,70.85741730197338,0.448574780494781752,,8544265
2025-07-28,ink,0.09329464482375488,0.005978434317186626,,415496
2025-07-28,linea,1.6230274491859362,0.00496722855574751,,106332
2025-07-28,lisk,0.02583167869594259,0.002830924553165188,,54632
2025-07-28,mode,0.018867277809902234,0.00452831679006618,,193757
2025-07-28,optimism,4.15367547596607,0.038648787308210282,,2109142
2025-07-28,scroll,0.08216050581616517,0.002145313460231638,,49396
2025-07-28,soneium,0.1770705180541567,0.013139443903323192,,804030
2025-07-28,starknet,0.05746372401562788,0.167977217628218382,,170823
2025-07-28,taiko,1.056767595182944,0.729555591504887054,,864592
2025-07-28,unichain,5.162080576065909,0.035220594413262862,,1200385
2025-07-28,worldchain,0.5389860126540434,0.15233253201405624,,1698264
2025-07-28,zksync_era,0.6886038814930391,0.00075125321822184,,68065
2025-07-29,arbitrum,14.478221848268523,0.521519661667266692,,2667701
2025-07-29,base,62.036933685220625,0.557167338444471476,,8806401
2025-07-29,ink,0.06016171487626366,0.008595841084997078,,496462
2025-07-29,linea,2.0999006041640866,0.011558603439061562,,141444
2025-07-29,lisk,0.030333963923192805,0.003927169233526248,,48545
2025-07-29,mode,0.041533150857985625,0.007395230330330132,,190548
2025-07-29,optimism,2.173427316391656,0.055397557891172302,,1711368
2025-07-29,scroll,0.09383360258856599,0.00569453546569814,,50870
2025-07-29,soneium,0.2062451701643696,0.02281430970323742,,1209441
2025-07-29,starknet,0.10454290599428204,0.418859015469380968,,206104
2025-07-29,taiko,1.0376095246204244,0.98877712656471029,,820142
2025-07-29,unichain,6.7157737117651575,0.053441444719296638,,1239963
2025-07-29,worldchain,0.42239211497132845,0.1654539872897469,,1607047
2025-07-29,zksync_era,0.7079340752470096,0.000016823830866387,,78506
2025-07-30,arbitrum,18.112767137453158,0.66157394453174459,,2675378
2025-07-30,base,50.7158695452314,0.615318169511579404,,8594860
2025-07-30,ink,0.07481610934502689,0.01087185603018163,,384107
2025-07-30,linea,1.7071154766612162,0.017775301707681615,,113012
2025-07-30,lisk,0.032585647182494105,0.005833332123824856,,49410
2025-07-30,mode,0.06055713495229692,0.009006915638244936,,188427
2025-07-30,optimism,2.385710940768085,0.061763166432802884,,1250655
2025-07-30,scroll,0.0849827829157481,0.008691880692812974,,77562
2025-07-30,soneium,0.3133699221952758,0.032464111671051504,,1594694
2025-07-30,starknet,0.10671020725217206,0.571515565655052246,,157238
2025-07-30,taiko,1.000142931775591,1.270981541675980011,,815791
2025-07-30,unichain,6.5711603940617955,0.064901784394312528,,1217732
2025-07-30,worldchain,0.5382890966539977,0.179030213667659748,,1619602
2025-07-30,zksync_era,0.8594271657284687,0,,80644
2025-07-31,arbitrum,10.426070812106186,0.699793593345242039,,2556428
2025-07-31,base,86.19998107088976,0.682854614355887564,,9403898
2025-07-31,ink,0.07108969146012477,0.012603058620043668,,422415
2025-07-31,linea,1.1597928097240502,0.018092099077156313,,84578
2025-07-31,lisk,0.06873883435476538,0.005636275408153276,,45019
2025-07-31,mode,0.08030608980388515,0.009115108772988912,,187573
2025-07-31,optimism,1.8196234320428535,0.06206958324567655,,1087989
2025-07-31,scroll,0.06855931903989057,0.008881467375720247,,42319
2025-07-31,soneium,0.2048995858979567,0.035840978934022508,,1709627
2025-07-31,starknet,0.10409776186782066,0.545297866071837123,,167674
2025-07-31,taiko,0.9902410899807348,1.378769800774586167,,756620
2025-07-31,unichain,4.452658688046662,0.064708887123559652,,1091127
2025-07-31,worldchain,0.5344506644294971,0.18162764242204524,,1581090
2025-07-31,zksync_era,0.5743098752299535,0,,59841
2025-08-01,arbitrum,25.988062083509043,0.379685781488416443,,3278202
2025-08-01,base,60.62930189149472,0.605897213569845824,,9898483
2025-08-01,ink,0.07872238286306564,0.010811609691284214,,416353
2025-08-01,linea,1.360059842089817,0.003823513292222012,,84692
2025-08-01,lisk,0.0365160393574489,0.003600138423865928,,53439
2025-08-01,mode,0.03187172429284391,0.005527158574551672,,195991
2025-08-01,optimism,4.5354584857577045,0.055927942872240138,,1365402
2025-08-01,scroll,0.0968841737986216,0.004602760507659842,,79339
2025-08-01,soneium,0.1311889476494975,0.021840739562496896,,1052627
2025-08-01,starknet,0.10121219378866096,0.223862167856999748,,182069
2025-08-01,taiko,1.0133347066140996,0.750597298973503277,,812829
2025-08-01,unichain,11.37120267817343,0.049107606430311398,,1094056
2025-08-01,worldchain,0.2756056600681372,0.158775527973809928,,1519895
2025-08-01,zksync_era,0.8078001550399678,0,,63084
2025-08-02,arbitrum,10.207381222675902,0.215912648140451723,,2495258
2025-08-02,base,36.71376615723112,0.472339063631260244,,10368922
2025-08-02,ink,0.0971754993783785,0.01044421779056242,,398276
2025-08-02,linea,1.2888678605414658,0.003306902753132182,,76237
2025-08-02,lisk,0.011678157381370935,0.002285366030133212,,37136
2025-08-02,mode,0.01238464011323797,0.00419671872610128,,188661
2025-08-02,optimism,2.247372210030216,0.033259622912434674,,1013153
2025-08-02,scroll,0.07718271408971375,0.001976923670487665,,53043
2025-08-02,soneium,0.07270140966614602,0.011074212899297142,,635582
2025-08-02,starknet,0.06911501756042696,0.099680656210660019,,174562
2025-08-02,taiko,0.9657900677525018,0.746242584734183215,,812469
2025-08-02,unichain,5.011852228757402,0.029273737296378414,,896966
2025-08-02,worldchain,0.3417228016201431,0.116708844765873792,,1496332
2025-08-02,zksync_era,0.48228335631878133,0,,49173
2025-08-03,arbitrum,5.999453349704604,0.167514796790545899,,2035982
2025-08-03,base,23.56573543817671,0.40065879283514468,,8799647
2025-08-03,ink,0.2997181331935108,0.009836102578618732,,419502
2025-08-03,linea,1.0028586458142645,0.002191516130253793,,61967
2025-08-03,lisk,0.006629808108043473,0.002231832081187312,,40046
2025-08-03,mode,0.008622995447895854,0.003640629430766028,,195304
2025-08-03,optimism,1.0712655654429857,0.023137300082750002,,916053
2025-08-03,scroll,0.07107830155571208,0.001290788950210897,,35513
2025-08-03,soneium,0.0791262881801711,0.010767541228629968,,823019
2025-08-03,starknet,0.04406073968669437,0.063962816737746764,,106130
2025-08-03,taiko,0.9651102674695176,0.778005791260983772,,868202
2025-08-03,unichain,2.47997064640486,0.0231493989443256,,741499
2025-08-03,worldchain,0.1794145037058197,0.109222210032284328,,1488199
2025-08-03,zksync_era,0.4024866825688136,0,,40411
2025-08-04,arbitrum,9.83543428700319,0.245202887306223249,,2473196
2025-08-04,base,37.012841337637475,0.458306915488544308,,8837270
2025-08-04,ink,0.07630935013560072,0.007075558423199484,,573658
2025-08-04,linea,1.242771264774175,0.003500421387791978,,82769
2025-08-04,lisk,0.014586130888408905,0.00278674110673372,,39460
2025-08-04,mode,0.04465401277005099,0.004259423076499584,,190897
2025-08-04,optimism,1.7850993343610493,0.03112218826736871,,949426
2025-08-04,scroll,0.06917084312742074,0.002004378682693043,,40904
2025-08-04,soneium,0.08522321267376762,0.01396117496238025,,931250
2025-08-04,starknet,0.056272720632621336,0.14225020288196615,,162358
2025-08-04,taiko,0.9937361677218997,0.775204510001778301,,860145
2025-08-04,unichain,4.254447530527438,0.029284478597477968,,784460
2025-08-04,worldchain,0.199299985925194,0.125955617997405492,,1551819
2025-08-04,zksync_era,0.46290972105543576,0,,43855
2025-08-05,arbitrum,11.041778102168344,0.394424366250844051,,2713111
2025-08-05,base,41.32083341493357,0.525309327195144752,,8775410
2025-08-05,ink,0.06374020495889002,0.007409597155472678,,561894
2025-08-05,linea,1.1526457636632959,0.00434328385892396,,80598
2025-08-05,lisk,0.026441869296788243,0.002934454380636208,,51079
2025-08-05,mode,0.028652287906245882,0.005386234810309092,,196876
2025-08-05,optimism,1.726766683913908,0.035018976796058962,,989292
2025-08-05,scroll,0.06615058650079726,0.004444804395009347,,49618
2025-08-05,soneium,0.128286136609584,0.01717975589030143,,1160743
2025-08-05,starknet,0.11691649599505735,0.178103339024749452,,382076
2025-08-05,taiko,0.9216975053616293,0.863723352577976616,,869144
2025-08-05,unichain,4.6522506047329895,0.037615763800945872,,810840
2025-08-05,worldchain,0.3144063971867326,0.136213140579351852,,1554415
2025-08-05,zksync_era,0.4952634123616802,0,,47780
2025-08-06,arbitrum,7.864964225660588,0.241367608444899858,,2382735
2025-08-06,base,39.88818509805376,0.499016163733642528,,9495505
2025-08-06,ink,0.12237241823112852,0.0075317601957035,,578674
2025-08-06,linea,2.0256817935218785,0.005101381987578314,,161878
2025-08-06,lisk,0.026383447577218878,0.002544721700504224,,53763
2025-08-06,mode,0.020168810119857244,0.004130729478904448,,186689
2025-08-06,optimism,1.5382369175618185,0.03283632285206606,,973759
2025-08-06,scroll,0.0716330710710308,0.002359787564256809,,44650
2025-08-06,soneium,0.11229032001644532,0.01610065977906033,,1260028
2025-08-06,starknet,0.1268186546776459,0.132508041544243788,,550675
2025-08-06,taiko,1.6749744878268613,0.783119919520101318,,893340
2025-08-06,unichain,3.7440358048718334,0.028872668355434578,,815105
2025-08-06,worldchain,0.21177808389853559,0.130286090683788,,1543948
2025-08-06,zksync_era,0.4956102788119096,0,,46845
2025-08-07,arbitrum,10.834287381428677,0.29754615724828979,,2617140
2025-08-07,base,59.67596085651334,0.483672260806509248,,9065082
2025-08-07,ink,0.10733887505032275,0.00856095440772772,,561386
2025-08-07,linea,4.454949190052635,0.011569806002887528,,304585
2025-08-07,lisk,0.03324529951391451,0.003348848952677848,,56639
2025-08-07,mode,0.01992933565725863,0.004501481359022112,,187695
2025-08-07,optimism,2.0407480092507493,0.03825804419277211,,984490
2025-08-07,scroll,0.09448242365370459,0.00784758938239414,,48092
2025-08-07,soneium,0.10837186652293052,0.016746773091552912,,1009632
2025-08-07,starknet,0.19151541898976532,0.187881987860828193,,496804
2025-08-07,taiko,0.9324125195307735,0.848579899786858492,,899925
2025-08-07,unichain,4.2568370274423835,0.03263271844716522,,927149
2025-08-07,worldchain,0.22285829311361166,0.152283607582027788,,1587851
2025-08-07,zksync_era,0.522158685594216,0,,46682
2025-08-08,arbitrum,16.590635682254543,0.429312087583979671,,2995974
2025-08-08,base,62.037000462835124,0.928131451939703248,,9868664
2025-08-08,ink,0.08543144748853547,0.018191433649964462,,597515
2025-08-08,linea,3.8318111722928205,0.011400154164827172,,288427
2025-08-08,lisk,0.03127098601332154,0.006483122977463568,,65164
2025-08-08,mode,0.023516888839315728,0.007111588482800064,,185527
2025-08-08,optimism,3.475682498229668,0.070165025936995516,,1019667
2025-08-08,scroll,0.12088574898777152,0.021795813833901634,,58797
2025-08-08,soneium,0.16401006959617978,0.046690197187700688,,1462092
2025-08-08,starknet,0.1699574238340861,0.261801863461616851,,511497
2025-08-08,taiko,0.9723437696095396,0.862605458114590091,,889425
2025-08-08,unichain,4.558036466790313,0.058838689424202864,,1004885
2025-08-08,worldchain,0.2618633747907467,0.214869278496114024,,1569612
2025-08-08,zksync_era,0.6162268556266037,0,,52472
2025-08-09,arbitrum,14.903699044419476,0.325538857763721614,,2727277
2025-08-09,base,57.32874281827281,0.897868385634057444,,9273541
2025-08-09,ink,0.07154657540012269,0.006784005619683506,,590668
2025-08-09,linea,2.387751738732585,0.011433439035353429,,234378
2025-08-09,lisk,0.03573001571148184,0.003389704651766156,,62970
2025-08-09,mode,0.022573666585036047,0.004877796780121164,,189965
2025-08-09,optimism,3.024425267780818,0.034098607994876458,,1477253
2025-08-09,scroll,0.1302596971160786,0.007407863985151686,,58149
2025-08-09,soneium,0.10648772775525367,0.016722342302611192,,1030877
2025-08-09,starknet,0.1247176796766412,0.190936448459892509,,513325
2025-08-09,taiko,0.9553240729020029,0.823480264413054267,,895280
2025-08-09,unichain,5.3580886033863475,0.036373795260703932,,1078005
2025-08-09,worldchain,0.22492706798181483,0.127753361694397548,,1556598
2025-08-09,zksync_era,0.6628983295822941,0,,60427
2025-08-10,arbitrum,9.768970202590658,0.271169329290488924,,2607182
2025-08-10,base,39.82602818517601,0.78776736298430718,,8336111
2025-08-10,ink,0.06668262608486454,0.00642916668681558,,594626
2025-08-10,linea,2.3904996699021943,0.008828979626995593,,244494
2025-08-10,lisk,0.026389310189939553,0.00258751410644814,,55406
2025-08-10,mode,0.06263051847884663,0.004180710693849432,,189392
2025-08-10,optimism,2.797298059743338,0.03348611262395441,,1601077
2025-08-10,scroll,0.11335857815985595,0.00535597224525866,,62108
2025-08-10,soneium,0.08633957739259722,0.014438351017994882,,834725
2025-08-10,starknet,0.06720309550710199,0.119601159563924043,,293870
2025-08-10,taiko,0.9007790589136894,0.743482743294786788,,841660
2025-08-10,unichain,3.8643902777985955,0.029706000942025272,,980999
2025-08-10,worldchain,0.20581823698166318,0.123113681830279476,,1589450
2025-08-10,zksync_era,0.6294269883250806,0,,54214
2025-08-11,arbitrum,16.355191716446512,0.394446810582596498,,3059072
2025-08-11,base,80.21959759058647,0.865624268410023712,,8577682
2025-08-11,ink,0.06772407116392827,0.00718880707128655,,589715
2025-08-11,linea,2.6369318313328076,0.014207940206230049,,268998
2025-08-11,lisk,0.04745505401295422,0.003528528337209024,,69720
2025-08-11,mode,0.02855063559181433,0.004965327769137024,,190894
2025-08-11,optimism,2.5829646321131667,0.036615535421844776,,1076803
2025-08-11,scroll,0.101947893210339,0.005407839602838426,,63212
2025-08-11,soneium,0.0922591932047891,0.017750309477076164,,875256
2025-08-11,starknet,0.32439918142990226,0.227373713054061927,,191280
2025-08-11,taiko,1.1432821116020142,0.643139213642876989,,662961
2025-08-11,unichain,6.217202923089961,0.037645304215866648,,997164
2025-08-11,worldchain,0.30558286526458367,0.137043336198379056,,1616409
2025-08-11,zksync_era,0.6904574579494305,0,,59199
2025-08-12,arbitrum,19.254731333081462,0.522493933142519146,,2820061
2025-08-12,base,68.79080415073045,0.914018500620064768,,8244742
2025-08-12,ink,0.10476411155515325,0.009619285247730986,,612885
2025-08-12,linea,2.648040924626643,0.018700360248725044,,268839
2025-08-12,lisk,0.03442813716910117,0.004014955825654344,,67180
2025-08-12,mode,0.04136648372914223,0.006472237169229444,,187131
2025-08-12,optimism,2.768468001280274,0.047736279516991864,,1064523
2025-08-12,scroll,0.14214613363197337,0.011809690750658198,,93120
2025-08-12,soneium,0.18992087334525964,0.024782400437090024,,1077892
2025-08-12,starknet,0.6939126029339873,0.393706856779292049,,209108
2025-08-12,taiko,2.188180250972998,0.912532103139168591,,452845
2025-08-12,unichain,4.993076856532667,0.04770173719625002,,986048
2025-08-12,worldchain,0.38845784461742017,0.16219085622353166,,1630355
2025-08-12,zksync_era,0.6694594779927366,0,,59045
2025-08-13,arbitrum,20.38970238503263,0.663335011650524827,,3305726
2025-08-13,base,68.97639075333785,0.95941019794559552,,8774301
2025-08-13,ink,0.11260211195588168,0.01165380711980086,,669961
2025-08-13,linea,14.53901991019029,0.027742802203861239,,304032
2025-08-13,lisk,0.06889292541416742,0.004179241427006664,,66382
2025-08-13,mode,0.05418096171483726,0.00880250076929256,,189206
2025-08-13,optimism,2.9827887131737443,0.05170452597802791,,1118625
2025-08-13,scroll,0.1177545856066445,0.01378746731038189,,79039
2025-08-13,soneium,0.21842306517486415,0.028112296777119356,,1163713
2025-08-13,starknet,0.7842164477460039,0.437596533973248556,,183800
2025-08-13,taiko,2.31400498662867,0.994184564325619027,,504602
2025-08-13,unichain,4.968444114762075,0.05458528116518363,,1028229
2025-08-13,worldchain,0.47763026712909973,0.191908987877183748,,1687943
2025-08-13,zksync_era,0.883486746388666,0,,56483
2025-08-14,arbitrum,51.617612624931006,0.687710190518515277,,3102063
2025-08-14,base,77.52458882623509,1.049870600475528508,,8769670
2025-08-14,ink,0.15910564376698227,0.013486357957633132,,727795
2025-08-14,linea,3.4294080917024434,0.022868007414884089,,305684
2025-08-14,lisk,0.1192816197072572,0.005014429227872996,,71503
2025-08-14,mode,0.1289931811335174,0.008138572590150888,,190297
2025-08-14,optimism,7.899780124596502,0.06695295963318768,,1049130
2025-08-14,scroll,0.22179436110528158,0.016592443507190094,,128774
2025-08-14,soneium,0.26907814656529866,0.033181320861174356,,1395742
2025-08-14,starknet,0.7019785513518282,0.49362531059791484,,206983
2025-08-14,taiko,1.8419141264067735,1.065779920432109254,,471931
2025-08-14,unichain,9.024241936540431,0.064733125035791078,,1156072
2025-08-14,worldchain,0.4949155979896078,0.20897496642961098,,1694635
2025-08-14,zksync_era,1.0336630634654684,0,,50237
2025-08-15,arbitrum,16.796345546624547,0.377853467780345114,,2942493
2025-08-15,base,44.48174233499001,0.843047740336485808,,8243939
2025-08-15,ink,0.1379576944256657,0.008671652293324668,,716221
2025-08-15,linea,2.325155243927215,0.010260869155457948,,211057
2025-08-15,lisk,0.08610147826894507,0.003262335567490312,,75969
2025-08-15,mode,0.02809775262890453,0.004908546517863696,,186444
2025-08-15,optimism,2.092520882569598,0.03758350546860696,,1147381
2025-08-15,scroll,0.1253214709824523,0.007192324615702632,,88246
2025-08-15,soneium,0.16068048130736726,0.01913796002966417,,1152491
2025-08-15,starknet,0.26532244027354945,0.232934533465973981,,166967
2025-08-15,taiko,1.1867992711711197,0.698397082664460896,,542068
2025-08-15,unichain,5.5229842299465925,0.038177606712577284,,1180263
2025-08-15,worldchain,0.24787987320538823,0.137906803398892956,,1563472
2025-08-15,zksync_era,0.47980480027791894,0,,33137
2025-08-16,arbitrum,6.668702817193248,0.203349742103495319,,2496095
2025-08-16,base,24.61928208620659,0.767125036196721628,,8097013
2025-08-16,ink,0.0942612868908678,0.005711622246392172,,679956
2025-08-16,linea,2.269948528909445,0.006716195815312468,,247178
2025-08-16,lisk,0.039393931710215525,0.002524397862921572,,68828
2025-08-16,mode,0.013327889285867646,0.00342170081474136,,165310
2025-08-16,optimism,3.5156109366199377,0.032373255488123362,,1087444
2025-08-16,scroll,0.13186842722326822,0.00405749393103749,,77516
2025-08-16,soneium,0.21820096170654318,0.018933731509191796,,2009498
2025-08-16,starknet,0.11044707092086511,0.06029846332130932,,163411
2025-08-16,taiko,1.0379416428230717,0.459675230165810605,,544644
2025-08-16,unichain,2.6383835883924007,0.02747751408202847,,1161205
2025-08-16,worldchain,0.15318011560081798,0.112980264967771656,,1551073
2025-08-16,zksync_era,0.3168472952733504,0,,25096
2025-08-17,arbitrum,8.559227132717762,0.198778018708319505,,2582339
2025-08-17,base,31.13429847564207,0.842299830737424132,,8369926
2025-08-17,ink,0.09261527193901084,0.006030263195757786,,712644
2025-08-17,linea,2.6909154068188705,0.005831248911472391,,248093
2025-08-17,lisk,0.03899495986879358,0.002562885693482016,,74995
2025-08-17,mode,0.009076078559126526,0.003526320080619612,,186318
2025-08-17,optimism,1.3140229291198064,0.028352521613452318,,941315
2025-08-17,scroll,0.11857560248747118,0.002645226260350726,,61011
2025-08-17,soneium,0.19066116061766458,0.013931988917368456,,1117713
2025-08-17,starknet,0.24472033334370516,0.061084524149558915,,169611
2025-08-17,taiko,1.0303283279317315,0.452172806143197269,,533656
2025-08-17,unichain,5.554204455680526,0.02765355373476621,,1253550
2025-08-17,worldchain,0.15661087850844652,0.11557873021712292,,1577917
2025-08-17,zksync_era,0.4364072974582051,0,,29287
2025-08-18,arbitrum,18.43103838521203,0.309804762378082477,,3139734
2025-08-18,base,42.87075048675662,0.854253714136530004,,8870920
2025-08-18,ink,0.1348049380312796,0.00877356346815148,,770574
2025-08-18,linea,2.46002608948572,0.008498446032424513,,221897
2025-08-18,lisk,0.05473061508872785,0.002934122355072864,,73258
2025-08-18,mode,0.014657662244119327,0.004321576061806752,,189868
2025-08-18,optimism,2.4987907969083345,0.033759642544096342,,1207806
2025-08-18,scroll,0.11211330742485645,0.006592304887403437,,97847
2025-08-18,soneium,0.15823547613126715,0.017988121717704214,,1271827
2025-08-18,starknet,0.4437540818733575,0.130256333374011232,,190961
2025-08-18,taiko,1.0314821800182734,0.513923399401454789,,527757
2025-08-18,unichain,8.031501787105533,0.035092824722572166,,1526272
2025-08-18,worldchain,0.20833069777047214,0.134587169666105064,,1591445
2025-08-18,zksync_era,0.5233554141914065,0,,34787
2025-08-19,arbitrum,17.011305384372218,0.312517207061659323,,3038535
2025-08-19,base,50.285625443068525,0.878697774747374952,,9313713
2025-08-19,ink,0.11177184310873128,0.008034265419815634,,754060
2025-08-19,linea,2.3458259325205946,0.006817546018264727,,209573
2025-08-19,lisk,0.07503776078027664,0.002980476993662132,,84816
2025-08-19,mode,0.01815965036278938,0.004917857433781404,,197982
2025-08-19,optimism,2.0052581789161033,0.032155906042477748,,1088396
2025-08-19,scroll,0.1565184314572678,0.004233032580645714,,77438
2025-08-19,soneium,0.15386830086851114,0.016475265744111322,,1126083
2025-08-19,starknet,0.4309328092987279,0.131451645945909782,,190008
2025-08-19,taiko,1.128497353168128,0.501908189117514377,,546042
2025-08-19,unichain,4.776259732314349,0.036583084419082662,,1458202
2025-08-19,worldchain,0.20361566215488616,0.134107744734397128,,1595662
2025-08-19,zksync_era,0.4263810521105666,0,,30655
2025-08-20,arbitrum,14.655504404303962,0.351917913279915741,,2982881
2025-08-20,base,60.76073626146716,0.915197901408468496,,9413989
2025-08-20,ink,0.11063333806409589,0.008816583701685644,,749569
2025-08-20,linea,2.3538333706692067,0.008032828740528143,,220687
2025-08-20,lisk,0.0618130245011342,0.002751776825635432,,89234
2025-08-20,mode,0.028643838984548985,0.006432522273746088,,198087
2025-08-20,optimism,1.8508534073019733,0.03302787261098848,,1063967
2025-08-20,scroll,0.12328020068307778,0.004701329229312392,,106822
2025-08-20,soneium,0.13774789388661307,0.017544180559214078,,961754
2025-08-20,starknet,0.47584535828007657,0.146007335739624111,,188170
2025-08-20,taiko,1.0640585320659834,0.460615616254962679,,505409
2025-08-20,unichain,4.851520939328225,0.040386691059036572,,1450729
2025-08-20,worldchain,0.2348500716231874,0.138790641663753612,,1566051
2025-08-20,zksync_era,0.4923211228104501,0,,32773
2025-08-21,arbitrum,9.431521068533614,0.279883287044966172,,2624276
2025-08-21,base,37.53235428201684,0.914122472620955592,,9754872
2025-08-21,ink,0.0831801290318395,0.006200230816490006,,635651
2025-08-21,linea,2.6172246675271253,0.00681545449593443,,243758
2025-08-21,lisk,0.04766379358794416,0.00297108662585626,,92678
2025-08-21,mode,0.018911149639279583,0.004097207411331204,,185826
2025-08-21,optimism,1.5669791936449067,0.031751848085925824,,1091539
2025-08-21,scroll,0.10440794511434193,0.003203390821118839,,69332
2025-08-21,soneium,0.1428075512039257,0.015538143902336238,,1155352
2025-08-21,starknet,0.31341325302678297,0.086077853042110924,,184744
2025-08-21,taiko,1.2509387593173367,0.449971036755589884,,568878
2025-08-21,unichain,3.615992602001465,0.027664978090203858,,849122
2025-08-21,worldchain,0.20485968873269664,0.113373748386096972,,1367083
2025-08-21,zksync_era,0.40391720987844687,0,,33166
2025-08-22,arbitrum,51.35727280617384,0.679118704273495334,,2898086
2025-08-22,base,71.39667445022339,1.017448491220504124,,9307968
2025-08-22,ink,0.10039510270553806,0.012732029766867738,,594373
2025-08-22,linea,2.674556525579403,0.011751162546898661,,227427
2025-08-22,lisk,0.11820319746674762,0.006458887308499584,,98068
2025-08-22,mode,0.06139483294694279,0.010308889127599944,,199184
2025-08-22,optimism,3.9677354160059597,0.06358502191705259,,1196465
2025-08-22,scroll,0.19200283419489816,0.023589326460287306,,130267
2025-08-22,soneium,0.2908557934804455,0.04078995121895959,,1573441
2025-08-22,starknet,1.1606054773855887,0.794776641483136489,,192750
2025-08-22,taiko,1.0784821344761752,0.749689341799203349,,543322
2025-08-22,unichain,12.216999716598952,0.07926367320103362,,1099979
2025-08-22,worldchain,0.4930719235594037,0.187243398676384416,,1525312
2025-08-22,zksync_era,0.6676956988193503,0,,36174
2025-08-23,arbitrum,7.3168267440891395,0.253793806402100132,,2705813
2025-08-23,base,28.797022833211393,0.853198080817962584,,9059361
2025-08-23,ink,0.06894124492950744,0.005662133366377812,,592070
2025-08-23,linea,1.9061087748588927,0.00583712256859157,,184328
2025-08-23,lisk,0.025876620477763866,0.002872554773128732,,83642
2025-08-23,mode,0.019810456179190514,0.003863189918192616,,195638
2025-08-23,optimism,1.4566566532019114,0.026147562593673014,,1035060
2025-08-23,scroll,0.12296475084545958,0.008900080195575764,,79646
2025-08-23,soneium,0.1703763374135928,0.018807857363731118,,1678554
2025-08-23,starknet,0.39313498138383607,0.090311033711931356,,165700
2025-08-23,taiko,0.997716930948938,0.416652156241541405,,536345
2025-08-23,unichain,1.983901743415332,0.026894437755379368,,797938
2025-08-23,worldchain,0.19827616724791566,0.129067737753698196,,1586263
2025-08-23,zksync_era,0.35648338549640557,0,,29120
2025-08-24,arbitrum,24.29162336497968,0.281177093597858506,,2739797
2025-08-24,base,37.74196337779938,0.8724177934091275,,9173195
2025-08-24,ink,0.08645547663640141,0.006564185982534574,,592357
2025-08-24,linea,2.1791791248997283,0,,194308
2025-08-24,lisk,0.05263390091405485,0.0033547158826618,,84074
2025-08-24,mode,0.020914527782846172,0.004750774107683532,,197898
2025-08-24,optimism,2.6002047010701177,0.037055178494756944,,2308648
2025-08-24,scroll,0.14210422664120542,0.008649744121039018,,99811
2025-08-24,soneium,0.183412658488584,0.014052253938807924,,633998
2025-08-24,starknet,0.5712045515023366,0.117041346113464595,,197399
2025-08-24,taiko,0.9823266023833652,0.424216366555759785,,549820
2025-08-24,unichain,4.976219329558787,0.033300406887350498,,936594
2025-08-24,worldchain,0.20703751317345911,0.134815411431173748,,1585792
2025-08-24,zksync_era,0.5259705185829802,0,,37606
2025-08-25,arbitrum,25.193505490440835,0.375291924191706441,,3228017
2025-08-25,base,63.69610684754776,1.015408630369035036,,11796701
2025-08-25,ink,0.06874956643817845,0.00728008815644904,,617401
2025-08-25,linea,2.153095338855637,0.024261807266788232,,186482
2025-08-25,lisk,0.12811370067862593,0.003690333508395952,,135393
2025-08-25,mode,0.029651193952181593,0.005148926894111112,,197665
2025-08-25,optimism,2.8112918038705965,0.03507084177671796,,1193781
2025-08-25,scroll,0.17804435954952424,0.013696969121686778,,121036
2025-08-25,soneium,0.150372743725654,0.018089537940892346,,993339
2025-08-25,starknet,0.6177217082178086,0.143424687055696215,,219682
2025-08-25,taiko,1.0619540485012275,0.443030959112979867,,532960
2025-08-25,unichain,5.455160499465382,0.03436225902062553,,1121480
2025-08-25,worldchain,0.2833419649922289,0.13979520418586904,,1597678
2025-08-25,zksync_era,0.532829098084482,0,,35231
2025-08-26,arbitrum,15.630337385515793,0.361880768568388914,,3157403
2025-08-26,base,41.24023412118954,0.961269523721946248,,10903645
2025-08-26,ink,0.06412823712653112,0.007865007702672846,,810872
2025-08-26,linea,2.32788808196741,0.020557236278458948,,200829
2025-08-26,lisk,0.06270016733362267,0.003466878194561748,,95633
2025-08-26,mode,0.02775020754701916,0.006195735378807456,,330271
2025-08-26,optimism,2.100607637711187,0.03231020624620229,,1192271
2025-08-26,scroll,0.13292417532264772,0.010326386873908939,,100086
2025-08-26,soneium,0.17090127410589614,0.019250456086879792,,1460473
2025-08-26,starknet,0.5307844404861779,0.178217014956054891,,262929
2025-08-26,taiko,1.0699741456776812,0.453822550434479568,,551607
2025-08-26,unichain,4.496558620104756,0.033540068600907002,,1176868
2025-08-26,worldchain,0.5091732576822061,0.13774932199764138,,1636581
2025-08-26,zksync_era,0.3773758374752147,0,,28669
2025-08-27,arbitrum,15.515656804921562,0.427138733913563593,,3126768
2025-08-27,base,63.62901001097867,1.107095627085342956,,13191063
2025-08-27,ink,0.07037515276571152,0.00902525365454181,,839184
2025-08-27,linea,2.0533930492473607,0.014286521206352812,,201160
2025-08-27,lisk,0.08014189279097338,0.003758301930185324,,100329
2025-08-27,mode,0.04244607802381941,0.006896357258825388,,294570
2025-08-27,optimism,2.1984531852851035,0.03495997324891391,,1265996
2025-08-27,scroll,0.15749410123967078,0.015412447508623016,,93946
2025-08-27,soneium,0.06265200850778135,0.01480722725003018,,678470
2025-08-27,starknet,0.2399923194066551,0.230434171440094976,,391817
2025-08-27,taiko,1.0721405283105412,0.351835968243397732,,570715
2025-08-27,unichain,4.893206140977323,0.037935529644765446,,1196655
2025-08-27,worldchain,0.4223486425692623,0.152253005909577564,,1615634
2025-08-27,zksync_era,0.45048179398821264,0,,31513
2025-08-28,arbitrum,9.777571316852157,0.349485964311924027,,2926912
2025-08-28,base,31.49377510058344,0.978992011755428388,,10988626
2025-08-28,ink,0.06862023036480847,0.007358788515532392,,823152
2025-08-28,linea,1.974510077959836,0.008184786255933236,,183278
2025-08-28,lisk,0.08189087184624179,0.003693255100965732,,105150
2025-08-28,mode,0.023562629961918498,0.005068241305497156,,258703
2025-08-28,optimism,1.4013566915278979,0.028625058555084104,,1182079
2025-08-28,scroll,0.11787031862136121,0.010714952896583262,,74546
2025-08-28,soneium,0.19221678643137824,0.013588801044785588,,761614
2025-08-28,starknet,0.2074951468991309,0.234120047043161804,,235885
2025-08-28,taiko,1.3353177716365343,0.358079480212473658,,606953
2025-08-28,unichain,2.6281356646454044,0.04254944293691337,,1953907
2025-08-28,worldchain,0.3225764486810331,0.152773299524543232,,1630012
2025-08-28,zksync_era,0.40256717394442887,0,,31041
2025-08-29,arbitrum,18.878586867665927,0.356480386841814504,,3104286
2025-08-29,base,33.320166460623,0.938869885823619492,,10747523
2025-08-29,ink,0.06227131267839193,0.007325890922365204,,807763
2025-08-29,linea,3.2287056238642955,0.018785511782210841,,188523
2025-08-29,lisk,0.08301459099577635,0.0031291359525387,,101994
2025-08-29,mode,0.029435885413545235,0.005980172617667064,,341955
2025-08-29,optimism,2.060659115337792,0.030907429328261474,,1397847
2025-08-29,scroll,0.12502924560030398,0.00614826422388372,,89099
2025-08-29,soneium,0.12099007278245469,0.013588418057022256,,804967
2025-08-29,starknet,0.22832420046408677,0.112478137644959223,,268984
2025-08-29,taiko,1.1880171931957977,0.334665512156077155,,640144
2025-08-29,unichain,6.202442924843131,0.03808933093092764,,1716213
2025-08-29,worldchain,0.2460648156646467,0.137479921814800908,,1677509
2025-08-29,zksync_era,0.44016565845319805,0,,29846
2025-08-30,arbitrum,6.679645391845511,0.220927757873305914,,2407434
2025-08-30,base,16.05773571095159,0.897392311080085044,,9814543
2025-08-30,ink,0.03929181992726015,0.005080670635111416,,592424
2025-08-30,linea,1.702347520697716,0.02310386477148822,,166216
2025-08-30,lisk,0.07126424088240606,0.00290007867706674,,109240
2025-08-30,mode,0.046073126564672266,0.004273315237062444,,271733
2025-08-30,optimism,0.9446181979906665,0.021713976967000744,,1036134
2025-08-30,scroll,0.12529121903961793,0.005208781403708374,,82380
2025-08-30,soneium,0.09409672428526002,0.01244851144139854,,978867
2025-08-30,starknet,0.20017701619796568,0.056155617336519678,,194888
2025-08-30,taiko,1.0712874444898957,0.252221285884233524,,603641
2025-08-30,unichain,2.1643086380085017,0.02410623535722704,,953586
2025-08-30,worldchain,0.1691295368064572,0.121969286582112264,,1632933
2025-08-30,zksync_era,0.25392516523743,0,,22798
2025-08-31,arbitrum,5.715953770342338,0.200554439678030166,,2169315
2025-08-31,base,16.013126799589394,0.781555558647324048,,9717844
2025-08-31,ink,0.05129884041218829,0.005282660773632638,,641075
2025-08-31,linea,1.6263601439841302,0.02646825599602839,,152585
2025-08-31,lisk,0.04328589521594138,0.002771535690794924,,97369
2025-08-31,mode,0.01102895100170289,0.004047459075308328,,252632
2025-08-31,optimism,1.0723436425015587,0.02150812477128485,,1068272
2025-08-31,scroll,0.10707614015773564,0.003340546675337434,,62089
2025-08-31,soneium,0.10835892241085862,0.011725236390105362,,913854
2025-08-31,starknet,0.19429263521374113,0.057624463634652396,,155150
2025-08-31,taiko,1.0125248336655894,0.242988853288208026,,569706
2025-08-31,unichain,1.6429043322841095,0.022884402913382708,,869638
2025-08-31,worldchain,0.15800301233484632,0.12036232416755016,,1601400
2025-08-31,zksync_era,0.26920758737075756,0,,25653
2025-09-01,arbitrum,13.243799244864029,1.75943442434306567,,2551532
2025-09-01,base,26.06921813054405,1.449424981603287856,,11160323
2025-09-01,ink,0.11291593291875784,0.018214010501734302,,505824
2025-09-01,linea,2.1880716105809004,0.010745164803105281,,163492
2025-09-01,lisk,0.41309774015539996,0.047136767749139728,,76158
2025-09-01,mode,0.10773864159533601,0.013085451469913052,,237365
2025-09-01,optimism,1.8478318108828602,0.1247015774402783,,1113861
2025-09-01,scroll,0.17950627181491055,0.033982082546011062,,81303
2025-09-01,soneium,0.28954002130055223,0.062206590962796788,,868302
2025-09-01,starknet,5.84903255211385,0.692183831881505505,,207753
2025-09-01,taiko,1.0392560694042614,1.457492125479623457,,554688
2025-09-01,unichain,3.5111439200982097,0.11658583237641426,,1028731
2025-09-01,worldchain,1.463825075625349,0.3626050011038409,,1624967
2025-09-01,zksync_era,0.3338774311422947,0,,27229
2025-09-02,arbitrum,10.646124299410127,0.275283386575339383,,2634634
2025-09-02,base,27.193154411854884,0.959741633351751256,,11516328
2025-09-02,ink,0.04378486923612194,0.005389821778858982,,549443
2025-09-02,linea,2.252273304034775,0.007633439947376574,,192463
2025-09-02,lisk,0.03668084101499349,0.00316664181120878,,104341
2025-09-02,mode,0.01602198404507224,0.004237169783089116,,214504
2025-09-02,optimism,1.262140901003504,0.025513583544873936,,1185457
2025-09-02,scroll,0.1568301534020659,0.007910973721157516,,87742
2025-09-02,soneium,0.09045226391587524,0.014447470057689604,,1066105
2025-09-02,starknet,1.8345293209916005,0.088492966283460869,,117265
2025-09-02,taiko,1.0110614101249178,0.273584372470548642,,548950
2025-09-02,unichain,3.7116919442713923,0.032808853945664312,,1065452
2025-09-02,worldchain,0.2592316919537552,0.126887574301249942,,1586640
2025-09-02,zksync_era,0.31110902301324206,0,,25717
2025-09-03,arbitrum,7.970962957607632,0.3118373635954773,,2570970
2025-09-03,base,29.418887804336997,0.985200746211953772,,11457101
2025-09-03,ink,0.05276208341809202,0.006291896946554252,,627412
2025-09-03,linea,2.936507806470125,0.013387536052622374,,293968
2025-09-03,lisk,0.031552449033927794,0.003200634488977956,,92099
2025-09-03,mode,0.014631691235217379,0.004818366282687612,,221782
2025-09-03,optimism,0.9089374242102034,0.027656221012851876,,1107119
2025-09-03,scroll,0.1796783839435242,0.010179460568188886,,84558
2025-09-03,soneium,0.10688651945807176,0.014949509399653448,,985153
2025-09-03,starknet,0.6693229961632573,0.146472105948167013,,417821
2025-09-03,taiko,0.9936195912317457,0.306772078696830978,,542110
2025-09-03,unichain,2.0835620145622364,0.031638158077289786,,1027640
2025-09-03,worldchain,0.22788977131373064,0.130730083560117528,,1561475
2025-09-03,zksync_era,0.275915881609785,0,,26644
2025-09-04,arbitrum,8.026439961359149,0.331335192601124963,,2629357
2025-09-04,base,26.07099731376725,1.05159381062191674,,11533930
2025-09-04,ink,0.06024246079955125,0.00649618372861856,,645248
2025-09-04,linea,2.665643701133522,0.009747297783273222,,237855
2025-09-04,lisk,0.034454450664745735,0.004007791659744972,,99424
2025-09-04,mode,0.029886462883871756,0.004853412872178252,,239080
2025-09-04,optimism,1.0139541288646483,0.027887360888789018,,1141847
2025-09-04,scroll,0.17914285033448296,0.00813696900634765,,98618
2025-09-04,soneium,0.13154398953570584,0.015201458418244834,,971778
2025-09-04,starknet,0.6240086095259285,0.11960878003382503,,359795
2025-09-04,taiko,1.0367791493099718,0.3254820517684838,,550848
2025-09-04,unichain,2.3732896392078984,0.031433781324986256,,985511
2025-09-04,worldchain,0.23090461386184832,0.131965953845204964,,1575879
2025-09-04,zksync_era,0.25851139028346937,0,,24806
2025-09-05,arbitrum,17.010354685653475,0.28126849351581686,,2674208
2025-09-05,base,61.07065319581746,0.994997304023420324,,11707833
2025-09-05,ink,0.06587540225160513,0.007185971725820312,,713152
2025-09-05,linea,2.2431205865515103,0.008391852527456721,,207063
2025-09-05,lisk,0.07926495201110224,0.0036590085954631,,145341
2025-09-05,mode,0.01725947701257572,0.004975430715934656,,249605
2025-09-05,optimism,9.589691111506621,0.030096521550475526,,1287801
2025-09-05,scroll,0.17750065451234573,0.008787503397240226,,97991
2025-09-05,soneium,0.12929793948262755,0.016726316372284672,,1061322
2025-09-05,starknet,0.7995073744659325,0.11634447174499784,,488939
2025-09-05,taiko,1.129555725031075,0.323689181268716116,,566065
2025-09-05,unichain,4.7486245153870374,0.031301325488423608,,909649
2025-09-05,worldchain,0.20361001710531396,0.132189994207200912,,1574881
2025-09-05,zksync_era,0.32959728152239787,0,,28142
2025-09-06,arbitrum,4.164781192447158,0.162694176396398551,,1877967
2025-09-06,base,25.27219167005458,0.975686304324870436,,10905433
2025-09-06,ink,0.04290759984675599,0.005590058837946894,,712446
2025-09-06,linea,1.550211716705523,0.00392979996936426,,162197
2025-09-06,lisk,0.05208659276541005,0.003379167709831564,,164965
2025-09-06,mode,0.012099126873612469,0.003833130818506464,,245015
2025-09-06,optimism,0.7772444074754401,0.021624538814339008,,993838
2025-09-06,scroll,0.1337035837157809,0.002490356438306446,,58154
2025-09-06,soneium,0.12569070733165774,0.01521578881629762,,1197545
2025-09-06,starknet,0.6549004502887231,0.070686031663073423,,607413
2025-09-06,taiko,1.0838421365121493,0.300969417901884151,,600578
2025-09-06,unichain,1.6124025279292247,0.023974300437260156,,741305
2025-09-06,worldchain,0.16729715312782267,0.120049104095923284,,1630383
2025-09-06,zksync_era,0.20512195824467255,0,,21619
2025-09-07,arbitrum,4.1323059666108675,0.180442689053121684,,2081595
2025-09-07,base,15.794288134125917,0.987961319353203076,,11478360
2025-09-07,ink,0.03503871378103408,0.005564894737216302,,682339
2025-09-07,linea,1.6875754730447046,0.00364601145854485,,171703
2025-09-07,lisk,0.01484448027067619,0.0026253753831342,,93667
2025-09-07,mode,0.01135913718510305,0.003812125421727048,,238398
2025-09-07,optimism,0.6189409287268904,0.021018131563860756,,1014270
2025-09-07,scroll,0.1349298796711739,0.001840410566648222,,53666
2025-09-07,soneium,0.13624487330933188,0.013417895392311526,,1113324
2025-09-07,starknet,0.8328161868672384,0.053216081116644073,,935226
2025-09-07,taiko,1.02611233377898,0.264314586446390368,,578070
2025-09-07,unichain,0.4458344306931781,0.020997046428957082,,677544
2025-09-07,worldchain,0.24389461742501156,0.132755741274908112,,1866836
2025-09-07,zksync_era,0.24976588003170266,0,,24510
2025-09-08,arbitrum,6.656139912416604,0.320553476228286243,,2537634
2025-09-08,base,46.655909111858804,1.103894972087839996,,12144660
2025-09-08,ink,0.041555963148129586,0.0073101624833431,,622835
2025-09-08,linea,2.3217628163782935,0.008306548499535701,,208086
2025-09-08,lisk,0.05913945875233944,0.003688531680570528,,136313
2025-09-08,mode,0.022442472817826742,0.004994613536071632,,235480
2025-09-08,optimism,1.3594360011361182,0.030142712202254546,,1186645
2025-09-08,scroll,0.15862213308132847,0.006254926110329172,,66785
2025-09-08,soneium,0.44201085597604073,0.015923856629387424,,1014518
2025-09-08,starknet,1.0744005177742098,0.149882467715314353,,700340
2025-09-08,taiko,0.9466122970148714,0.307331880245319383,,531499
2025-09-08,unichain,1.601958564700073,0.029841584244522012,,797033
2025-09-08,worldchain,0.5112736160057105,0.176237911868883024,,1990615
2025-09-08,zksync_era,0.2829129093694431,0,,24281
2025-09-09,arbitrum,7.302615761466411,0.291160940398310728,,2205770
2025-09-09,base,50.405762702190486,1.054313803200797752,,11677854
2025-09-09,ink,0.04293791379887497,0.007170376282367916,,578238
2025-09-09,linea,2.2930153373975966,0.004900247834741685,,199373
2025-09-09,lisk,0.042134924019731144,0.00337522602918194,,107620
2025-09-09,mode,0.013042674394054545,0.0045106768986234,,205424
2025-09-09,optimism,2.6509801020430444,0.03304363084392299,,1308354
2025-09-09,scroll,0.16721449502932412,0.009257271669837852,,74787
2025-09-09,soneium,2.4663115516029817,0.017467114550352844,,1383259
2025-09-09,starknet,1.230307907662472,0.200237486476500775,,592125
2025-09-09,taiko,0.9695991585711538,0.30337333661806611,,538047
2025-09-09,unichain,1.8313547617752404,0.02994070180823682,,864890
2025-09-09,worldchain,32.29672830932108,0.188174181141129696,,1588222
2025-09-09,zksync_era,0.25703830082357315,0,,24812
2025-09-10,arbitrum,8.004185336188026,0.300960940052685017,,2031339
2025-09-10,base,41.84000837534363,1.114076695107054672,,12287621
2025-09-10,ink,0.11554408261286,0.007532953950628458,,656686
2025-09-10,linea,175.33133331026255,0.024356987750152161,,1625133
2025-09-10,lisk,0.03950672400480529,0.00330218462135904,,89763
2025-09-10,mode,0.016750099000185616,0.00459746451812214,,212995
2025-09-10,optimism,1.1767335458391086,0.030688788702032854,,1142922
2025-09-10,scroll,0.2339808085765359,0.025362217748065954,,114680
2025-09-10,soneium,0.2567009892226579,0.017570915921628484,,1354842
2025-09-10,starknet,1.0410960474807367,0.241412480798949431,,521867
2025-09-10,taiko,1.006358249061761,0.319272720449609915,,558786
2025-09-10,unichain,2.3063829957122635,0.03121398627613641,,847742
2025-09-10,worldchain,0.4041713996069266,0.18419602242279972,,1947796
2025-09-10,zksync_era,0.35284280048774647,0,,29905
2025-09-11,arbitrum,10.636607723013952,0.24148075980886462,,1931552
2025-09-11,base,33.23842325723937,1.043276120981647116,,11687195
2025-09-11,ink,0.08298342819430662,0.007222901160499358,,641316
2025-09-11,linea,16.527889560124756,0.073070131871921626,,1053189
2025-09-11,lisk,0.02977723759708954,0.003151167083695828,,98734
2025-09-11,mode,0.010856619067778838,0.00421265153060796,,216949
2025-09-11,optimism,1.567446949839827,0.029673058300308282,,1250359
2025-09-11,scroll,0.20696948281368102,0.011862183918148666,,99327
2025-09-11,soneium,0.2711595887733373,0.016833032739002618,,1573586
2025-09-11,starknet,1.4762371376660346,0.152092273877228451,,818379
2025-09-11,taiko,0.9812840761080565,0.276580045879528827,,520221
2025-09-11,unichain,2.7835454096179366,0.027448260300488388,,889620
2025-09-11,worldchain,0.2767880519088512,0.161755817567064228,,1878325
2025-09-11,zksync_era,0.49536457008220525,0,,37466
2025-09-12,arbitrum,7.8214891802449955,0.248204697858782703,,2008440
2025-09-12,base,35.965867093653856,1.03109915438001354,,11746708
2025-09-12,ink,0.043890076251411086,0.007504388201461006,,661210
2025-09-12,linea,7.462566795982297,0.0613090787745922,,626574
2025-09-12,lisk,0.03184145777071375,0.003220387306207692,,88228
2025-09-12,mode,0.012689292638798007,0.004461306497564256,,202729
2025-09-12,optimism,2.4738010502615904,0.028712325488430366,,1096534
2025-09-12,scroll,0.18732896138244115,0.009697947544008854,,95754
2025-09-12,soneium,0.2909581940381189,0.018395122319583466,,1490768
2025-09-12,starknet,1.4475846269148438,0.243963807744457296,,840440
2025-09-12,taiko,0.9655369463976566,0.291452922633361014,,499459
2025-09-12,unichain,2.649738046156731,0.0329370660542043,,1128206
2025-09-12,worldchain,0.32716433884022583,0.168479756381914068,,1893137
2025-09-12,zksync_era,0.3980142895281955,0,,37341
2025-09-13,arbitrum,5.83221980580376,0.163183248909964754,,1644925
2025-09-13,base,22.498478918308276,1.014161469676831148,,12499363
2025-09-13,ink,0.04528043184474334,0.005550475924280988,,633790
2025-09-13,linea,7.215088481123998,0.013781361547093551,,629018
2025-09-13,lisk,0.01729275302067106,0.002625747908352704,,73750
2025-09-13,mode,0.006875836145390336,0.003453785982948792,,182066
2025-09-13,optimism,0.9751516763371546,0.022829614473893444,,979500
2025-09-13,scroll,0.16732468198196582,0.00651652371901908,,98229
2025-09-13,soneium,0.3532393997292474,0.01472014082840493,,1379081
2025-09-13,starknet,1.2810717047209277,0.112128799979624891,,718115
2025-09-13,taiko,0.9512881593228271,0.251052771850431765,,474491
2025-09-13,unichain,2.054382282394035,0.024894047589746224,,901671
2025-09-13,worldchain,0.33626226952550514,0.156705349061208744,,1932309
2025-09-13,zksync_era,0.37384542827950545,0,,30197
2025-09-14,arbitrum,5.192213171896767,0.15422260984529024,,1711908
2025-09-14,base,24.99851334514446,0.997106196484555892,,12572871
2025-09-14,ink,0.04455900857251886,0.005810523054642888,,716838
2025-09-14,linea,10.006899217577637,0.012322705410557245,,661613
2025-09-14,lisk,0.01178508942093396,0.002422866097965596,,71983
2025-09-14,mode,0.006886460176173558,0.003567301566620004,,212331
2025-09-14,optimism,0.9109372276711171,0.020878317824413714,,866260
2025-09-14,scroll,0.2567664938519212,0.006006684056141044,,80798
2025-09-14,soneium,0.5672702061017185,0.015481876439213726,,1568968
2025-09-14,starknet,1.399795921467255,0.099725748414177857,,1174893
2025-09-14,taiko,0.9399227991896904,0.235547075140456586,,479234
2025-09-14,unichain,1.7415527161090563,0.023368736390385766,,824952
2025-09-14,worldchain,0.32159061062031624,0.161827692473060448,,1908222
2025-09-14,zksync_era,0.3598603243490069,0,,33529
2025-09-15,arbitrum,8.04197385792411,0.429405853545578429,,1998529
2025-09-15,base,60.95444841947379,1.230917482649611836,,13352432
2025-09-15,ink,0.05425144623640575,0.01551243401466515,,676244
2025-09-15,linea,9.839814865069332,0.034227051553946506,,572184
2025-09-15,lisk,0.07485411258674678,0.004221472087293492,,98688
2025-09-15,mode,0.05596216624075954,0.009355556775991656,,192106
2025-09-15,optimism,1.1182043844427407,0.046023595132477042,,1032648
2025-09-15,scroll,0.15857068400857222,0.031198932747531188,,75545
2025-09-15,soneium,0.6238433282714644,0.029930739091203108,,1550869
2025-09-15,starknet,1.4843869685652118,0.377995827151629419,,640293
2025-09-15,taiko,1.0939384678066622,0.411238590855094365,,537048
2025-09-15,unichain,2.397614970695774,0.047969803470518908,,1068461
2025-09-15,worldchain,0.6945681894263435,0.23481602810778378,,1849833
2025-09-15,zksync_era,0.41363391813363753,0,,38958
2025-09-16,arbitrum,7.089230535374348,0.2798555182110499,,1817962
2025-09-16,base,33.14272041393153,1.13650093421516316,,11861408
2025-09-16,ink,0.04281349728403239,0.007588404418320284,,587428
2025-09-16,linea,7.661227588956017,0.035073294341470692,,504158
2025-09-16,lisk,0.04339613237842081,0.003600145123629516,,96031
2025-09-16,mode,0.017926124920976606,0.00459895717006248,,172253
2025-09-16,optimism,0.9967342343437128,0.03113616550970029,,1075191
2025-09-16,scroll,0.132146730172348,0.014113018757491296,,62928
2025-09-16,soneium,0.4234704977605046,0.021188222544663098,,1739257
2025-09-16,starknet,1.1400653905071736,0.321881110029366048,,416852
2025-09-16,taiko,0.434949355229626,0.22967485541207068,,126896
2025-09-16,unichain,2.2383836067719534,0.034441320015477032,,977203
2025-09-16,worldchain,0.5087020744019215,0.187284130411037136,,1877207
2025-09-16,zksync_era,0.37363120758572094,0,,31393
2025-09-17,arbitrum,20.37784647636533,0.260599369112874212,,1927303
2025-09-17,base,50.931525554236956,1.15118483809753516,,12192016
2025-09-17,ink,0.048409232809565286,0.009759931418439714,,711859
2025-09-17,linea,4.992268117901635,0.0125324424429846,,305736
2025-09-17,lisk,0.04159215409988924,0.003827853316845424,,98178
2025-09-17,mode,0.021981839023661656,0.004721055063546348,,196117
2025-09-17,optimism,2.1877376976095535,0.039853190278290206,,1276287
2025-09-17,scroll,0.14818496365188677,0.093373590852292321,,134863
2025-09-17,soneium,0.347745952042279,0.024499363316179972,,1753451
2025-09-17,starknet,1.5526980219320197,0.230522682199773338,,654122
2025-09-17,taiko,0.2790012962194422,0.201170039580167203,,166184
2025-09-17,unichain,6.377760677738838,0.048007454095527646,,1211087
2025-09-17,worldchain,0.41773659978245464,0.18961768012589196,,1846787
2025-09-17,zksync_era,0.38697619738028904,0,,30470
2025-09-18,arbitrum,6.96812852126191,0.532884530809010711,,1940735
2025-09-18,base,55.001731091461586,1.33145037178567312,,12942698
2025-09-18,ink,0.05262023500262516,0.01542748337090095,,646664
2025-09-18,linea,4.810273169050036,0.015476779948447781,,274012
2025-09-18,lisk,0.09326587196409124,0.006199450242270492,,106783
2025-09-18,mode,0.025687844530208725,0.005364216018899712,,151067
2025-09-18,optimism,1.786684704675885,0.059117171980921366,,1187143
2025-09-18,scroll,0.14120382901954506,0.058182543130632607,,70790
2025-09-18,soneium,0.3744047486428712,0.036969518432254448,,1925743
2025-09-18,starknet,1.4909788549759702,0.668631787514919159,,814956
2025-09-18,taiko,0.2954188623937242,0.412655548219330792,,165085
2025-09-18,unichain,1.829471554027811,0.052658266674069152,,970628
2025-09-18,worldchain,0.7384657542242025,0.265036661225732952,,1867356
2025-09-18,zksync_era,0.3495592086913521,0,,28875
2025-09-19,arbitrum,6.54558967571222,0.251762252737462711,,1925442
2025-09-19,base,39.96556191724754,1.09693995781932094,,12232566
2025-09-19,ink,0.049706283374268835,0.007268019302710326,,640885
2025-09-19,linea,7.452183333237361,0.016955124541330454,,365288
2025-09-19,lisk,0.035721712333247085,0.00344997748376212,,107488
2025-09-19,mode,0.01364025709813051,0.0037817196508428,,136811
2025-09-19,optimism,1.071472398551258,0.033502967550473724,,1093572
2025-09-19,scroll,0.13242247287312522,0.02114068104210204,,72836
2025-09-19,soneium,2.129770713486847,0.019517622025544588,,1687547
2025-09-19,starknet,1.3745103668128964,0.263693307663070055,,1190061
2025-09-19,taiko,0.2736474350178191,0.193594410515632201,,160890
2025-09-19,unichain,1.8176081510427136,0.03071869444379861,,959417
2025-09-19,worldchain,0.40627922178120074,0.17144232094872912,,1814216
2025-09-19,zksync_era,0.2716563678604358,0,,26181
2025-09-20,arbitrum,4.371666866830025,0.184332839789773996,,1978447
2025-09-20,base,23.92870287349475,1.060637364304490488,,12742466
2025-09-20,ink,0.03246861209862908,0.00564416616632193,,580115
2025-09-20,linea,5.165496136163649,0.008915173031426954,,264509
2025-09-20,lisk,0.017918001156281428,0.0029268340432793,,103433
2025-09-20,mode,0.006956676607620367,0.003092153078599692,,135648
2025-09-20,optimism,0.5491747504128364,0.02532293380656076,,1064862
2025-09-20,scroll,0.11076900278469262,0.005834390420173078,,49540
2025-09-20,soneium,0.5816469758612215,0.018714624734106014,,2067915
2025-09-20,starknet,1.0887140200665792,0.12972856453040614,,898598
2025-09-20,taiko,0.2645101260657809,0.156744179970008052,,157375
2025-09-20,unichain,0.6646592070110302,0.023334005535439368,,740973
2025-09-20,worldchain,0.2646594129784561,0.16284963087318576,,1807330
2025-09-20,zksync_era,0.27494385172012553,0,,23446
2025-09-21,arbitrum,4.149498474683583,0.155725230981451765,,1643289
2025-09-21,base,35.39246487393223,1.175374448968205828,,14437966
2025-09-21,ink,0.05047038337179443,0.007872566772946138,,816792
2025-09-21,linea,6.11382654861824,0.007919124603176507,,348232
2025-09-21,lisk,0.01529021255900437,0.00273569554492696,,89137
2025-09-21,mode,0.004764452742827619,0.00359191927927733,,177766
2025-09-21,optimism,0.8474138844720985,0.03099083078729166,,1305392
2025-09-21,scroll,0.15045160829720577,0.007094299901107143,,73207
2025-09-21,soneium,1.1959868489660022,0.021012781731728552,,2599559
2025-09-21,starknet,1.1431337204924195,0.109276112879984814,,539102
2025-09-21,taiko,0.2804523537072732,0.156910337490837973,,169180
2025-09-21,unichain,0.8741005564850391,0.021837678974629832,,718158
2025-09-21,worldchain,0.2689323805950906,0.167674546973813292,,1786895
2025-09-21,zksync_era,0.3487217999952762,0,,27321
2025-09-22,arbitrum,148.93423616382245,0.320452252940523569,,2669350
2025-09-22,base,71.94770950268176,1.212181145016603808,,13733162
2025-09-22,ink,0.07391034535499698,0.0132448255670376,,735038
2025-09-22,linea,7.15366786440171,0.01465059615997445,,344459
2025-09-22,lisk,0.04614872339610821,0.005488318199096024,,105033
2025-09-22,mode,0.023641958767277812,0.006136113924209568,,241789
2025-09-22,optimism,4.261077823805693,0.067096278702683498,,1588200
2025-09-22,scroll,0.18162856360282187,0.029473004014021604,,106411
2025-09-22,soneium,1.2347588401518785,0.03572324091240781,,2701012
2025-09-22,starknet,1.6946228627866928,0.283832362447758515,,724789
2025-09-22,taiko,0.32704633749488793,0.210492665353346183,,177908
2025-09-22,unichain,9.389196365278098,0.050132507322018706,,1428460
2025-09-22,worldchain,0.4711720389980423,0.217920639603710532,,1830849
2025-09-22,zksync_era,0.46025707508010155,0,,35380
2025-09-23,arbitrum,28.37761468493694,0.311798679639068949,,3385620
2025-09-23,base,45.408767355122805,1.076822382384530336,,12424741
2025-09-23,ink,0.03921366795200869,0.00891194624385481,,659217
2025-09-23,linea,5.201778474232476,0.010731079036575631,,314975
2025-09-23,lisk,0.031410828004798684,0.003122058354004688,,104319
2025-09-23,mode,0.01349720943165397,0.004516076344843776,,242557
2025-09-23,optimism,1.1748638793682187,0.041011546277382376,,1390382
2025-09-23,scroll,0.175775414259855,0.269529042006016839,,110019
2025-09-23,soneium,1.0964554049675623,0.024600827501572576,,2565592
2025-09-23,starknet,1.2552235934743012,0.27497691382267587,,722649
2025-09-23,taiko,0.2557805500626606,0.162286813068564594,,159053
2025-09-23,unichain,2.033410059091251,0.030651259685392554,,1122604
2025-09-23,worldchain,0.41864803060615746,0.19783899873869814,,1854947
2025-09-23,zksync_era,0.35325092069626957,0,,30995
2025-09-24,arbitrum,10.472887004383326,0.365514265541560691,,4288306
2025-09-24,base,43.61858697720758,1.0679434111317381,,11659156
2025-09-24,ink,0.03887028733672552,0.01124254171698427,,681406
2025-09-24,linea,7.566697057270719,0.023046823232563373,,488867
2025-09-24,lisk,0.032819720284269556,0.003121747671877432,,102757
2025-09-24,mode,0.011191431139993494,0.005003518307487936,,242110
2025-09-24,optimism,1.3023560576774018,0.056266255248732952,,1427315
2025-09-24,scroll,0.16151846935288375,0.146181873048721672,,99033
2025-09-24,soneium,0.7887926012870874,0.02385482367383806,,1709349
2025-09-24,starknet,1.4107834875885161,0.186462039341131354,,657254
2025-09-24,taiko,0.23589315340022735,0.160812454576270974,,160188
2025-09-24,unichain,1.8510302299913919,0.033233483332732478,,977411
2025-09-24,worldchain,0.37594022597620613,0.226293396425389392,,1916925
2025-09-24,zksync_era,0.3144551686624692,0,,27531
2025-09-25,arbitrum,45.25032162962897,0.885978596699539828,,5944858
2025-09-25,base,73.51760416015325,1.31014381767014336,,12276364
2025-09-25,ink,0.06565166071987245,0.020819862747676836,,727795
2025-09-25,linea,5.266508576164888,0.027403095663422477,,269623
2025-09-25,lisk,0.1216116645179317,0.00821826894666296,,107959
2025-09-25,mode,0.044509723323249775,0.01008284327350458,,286780
2025-09-25,optimism,3.22334721551701,0.101397151703651176,,1802055
2025-09-25,scroll,0.17565983602193744,0.176655543580671675,,109713
2025-09-25,soneium,0.6229687020982151,0.052094088318913488,,1722858
2025-09-25,starknet,1.3689412468265898,0.90810327585162036,,524907
2025-09-25,taiko,0.24977686045710717,0.290925770313828022,,141120
2025-09-25,unichain,4.571036029239921,0.078319972971543152,,1346906
2025-09-25,worldchain,0.6701550235547501,0.58089143034831228,,1931397
2025-09-25,zksync_era,0.4323103175545855,0,,30161
2025-09-26,arbitrum,16.386030597308018,0.433347744749153695,,4339715
2025-09-26,base,41.217080657357116,1.037201949697980892,,11260230
2025-09-26,ink,0.043501300013986444,0.009494861964445218,,681631
2025-09-26,linea,4.6933297189552245,0.008752291901141883,,227269
2025-09-26,lisk,0.04376848169349129,0.00382237953794772,,106070
2025-09-26,mode,0.027509342344450773,0.006172304109816492,,295866
2025-09-26,optimism,1.8946142304084894,0.041654560548241924,,1466765
2025-09-26,scroll,0.15676827383150793,0.11211215981162327,,83756
2025-09-26,soneium,0.22079780651963044,0.022172329367412178,,1476648
2025-09-26,starknet,1.6573184479769483,0.269063532012362247,,275870
2025-09-26,taiko,0.26613795033844617,0.169621044328812415,,154613
2025-09-26,unichain,3.1298843092609783,0.037853360909551492,,1143703
2025-09-26,worldchain,0.5307068922869852,0.7799106475217193,,1897452
2025-09-26,zksync_era,0.3716999619361478,0,,25576
2025-09-27,arbitrum,20.250076888781056,0.303887976749385525,,4062281
2025-09-27,base,23.768562458757575,0.96305808313141996,,10961918
2025-09-27,ink,0.07873385946054105,0.006589298773227052,,781655
2025-09-27,linea,3.2715561817589056,0.02557958483986206,,227131
2025-09-27,lisk,0.017794966087325875,0.00297515374642742,,93156
2025-09-27,mode,0.01170587220278465,0.00386909414318844,,213142
2025-09-27,optimism,1.3271816598004775,0.02600138976448457,,1165567
2025-09-27,scroll,0.19773583638293496,0.098332361111848395,,87963
2025-09-27,soneium,0.16996873171313293,0.017278839955938432,,1705292
2025-09-27,starknet,1.5768293299229832,0.122763722278972066,,270342
2025-09-27,taiko,0.23127612449529003,0.130959356014770643,,138843
2025-09-27,unichain,1.1322342849616178,0.023745961674029524,,772286
2025-09-27,worldchain,1.1788351948899545,0.699574496201363,,1756408
2025-09-27,zksync_era,0.31955349586806486,0,,24155
2025-09-28,arbitrum,7.635114784830398,0.23880279404681306,,2460415
2025-09-28,base,22.531043840509426,0.96799814820371534,,11271386
2025-09-28,ink,0.03636863299135171,0.007806211318284886,,649233
2025-09-28,linea,2.5069586426431285,0.005402131209022518,,145855
2025-09-28,lisk,0.023887794611802245,0.002585240411586012,,83003
2025-09-28,mode,0.015023028417754698,0.00614367921172968,,267011
2025-09-28,optimism,1.257523513014295,0.026481194745474278,,1196505
2025-09-28,scroll,0.18108590635094085,0.085323575953242206,,90763
2025-09-28,soneium,0.15417515731499556,0.016113965799651606,,1490653
2025-09-28,starknet,1.7316920130086004,0.257979596562023073,,302168
2025-09-28,taiko,0.24487241397093457,0.151595020244396855,,141338
2025-09-28,unichain,2.0003401218356847,0.025043212772558248,,746108
2025-09-28,worldchain,1.9697495734413883,0.796219778875103904,,1820118
2025-09-28,zksync_era,0.512721532424527,0,,28671
2025-09-29,arbitrum,9.246090606043147,1.000645797672263862,,2733270
2025-09-29,base,27.722903534723006,1.28732881602323902,,11263285
2025-09-29,ink,0.09355479915400511,0.015811544213733044,,617734
2025-09-29,linea,3.2745534644182266,0.016499676721649198,,161125
2025-09-29,lisk,0.10838780338992769,0.006995581795680556,,77935
2025-09-29,mode,0.05390537913730438,0.011101384668333192,,208292
2025-09-29,optimism,1.5053023987009921,0.069733052395978192,,1102428
2025-09-29,scroll,0.19265511351056805,0.1283933227492009,,73383
2025-09-29,soneium,0.39025561800647324,0.047631306976635718,,1520503
2025-09-29,starknet,1.6669783589031202,1.38453369740897132,,295109
2025-09-29,taiko,0.28462184685239905,0.46365131555109557,,145181
2025-09-29,unichain,2.328535931896687,0.067203941872569842,,815245
2025-09-29,worldchain,1.7711962562489194,0.98929592221360074,,1915498
2025-09-29,zksync_era,0.46206669111109516,0,,26671
2025-09-30,arbitrum,9.839305168736296,0.363947633528409565,,3117539
2025-09-30,base,47.055766973303385,1.056454379651955672,,11751915
2025-09-30,ink,0.047723183195128915,0.007307723294685602,,648750
2025-09-30,linea,3.0093966736732845,0.011456858201028214,,156649
2025-09-30,lisk,0.03980009149460606,0.003525054630308184,,85864
2025-09-30,mode,0.04204211175148016,0.005445982914618036,,284221
2025-09-30,optimism,1.0589090264303216,0.033400775214912022,,1240256
2025-09-30,scroll,0.17571248342486284,0.114167370870896642,,77790
2025-09-30,soneium,0.3613983184075143,0.019677244857184004,,1639990
2025-09-30,starknet,2.3390725409036914,0.334396530591515495,,331256
2025-09-30,taiko,0.2527585415186399,0.192654246383027973,,140448
2025-09-30,unichain,2.9824123399681377,0.03439200046205783,,1022318
2025-09-30,worldchain,1.363655908568656,0.785799584958518772,,1965622
2025-09-30,zksync_era,0.3522874444422796,0,,26817
2025-10-01,arbitrum,13.83068328198599,0.386124135642811808,,3245840
2025-10-01,base,35.688967174385034,1.101280141952656196,,11354789
2025-10-01,ink,0.07144892961936491,0.009218106529144396,,634584
2025-10-01,linea,2.6775093981955904,0.00919918521871443,,140051
2025-10-01,lisk,0.02542440005918696,0.00310716542258572,,77544
2025-10-01,mode,0.02019317526227096,0.005477475291459084,,241889
2025-10-01,optimism,1.0904089086013284,0.04798342680580036,,1165910
2025-10-01,scroll,0.16509710034854974,0.234450093114287614,,97673
2025-10-01,soneium,0.31731480408256596,0.022730117753934496,,1458200
2025-10-01,starknet,2.030428272611711,0.296147283505849784,,282275
2025-10-01,taiko,0.2511586995273079,0.181577932984668336,,139837
2025-10-01,unichain,3.6916799986548527,0.04122044449779134,,1063776
2025-10-01,worldchain,1.202212016156395,0.768033255662779944,,1836661
2025-10-01,zksync_era,0.4391055746142335,0,,27257
2025-10-02,arbitrum,10.33209276524926,0.325599395317881457,,2601142
2025-10-02,base,32.996588402948916,1.095500629196760976,,11397620
2025-10-02,ink,0.05059332227424404,0.0078925557721702,,676400
2025-10-02,linea,2.8736977296485864,0.010805510965213304,,148417
2025-10-02,lisk,0.03299225829750215,0.003470867743536836,,78299
2025-10-02,mode,0.01597226953396296,0.004705155729791856,,208695
2025-10-02,optimism,1.1565602060126832,0.038020751897959672,,1248923
2025-10-02,scroll,0.1909927725347067,0.263996284265597736,,104608
2025-10-02,soneium,0.41006335262174454,0.022234556235897492,,1740989
2025-10-02,starknet,1.8562022269490475,0.316601636225990065,,288388
2025-10-02,taiko,0.26383079117551206,0.179554995713646049,,141816
2025-10-02,unichain,4.722068157895997,0.036976530442114254,,1081958
2025-10-02,worldchain,0.6728231494270749,0.746637993026320092,,1825398
2025-10-02,zksync_era,0.47649496711456707,0,,29481
2025-10-03,arbitrum,14.152062281233487,0.267635561098771435,,2178503
2025-10-03,base,34.19835916022675,1.004833677314341304,,11012225
2025-10-03,ink,0.046464845662866794,0.007181223469874196,,642501
2025-10-03,linea,3.071130128451472,0.007830004785473046,,145840
2025-10-03,lisk,0.02296945435536094,0.002999352632374088,,73374
2025-10-03,mode,0.01827552199271528,0.005138732665084392,,249313
2025-10-03,optimism,1.0955679216943495,0.041971270045914246,,1228556
2025-10-03,scroll,0.21771941628413333,0.268729982687234476,,117836
2025-10-03,soneium,0.4533914815366332,0.01920787820085579,,1702899
2025-10-03,starknet,1.3100546761204426,0.30411955212329711,,285608
2025-10-03,taiko,0.2623968879871564,0.167296291145219262,,139177
2025-10-03,unichain,6.17557804455247,0.031670088213042566,,1091187
2025-10-03,worldchain,0.5713451647787897,0.718313451177784632,,1856232
2025-10-03,zksync_era,0.40090663738739324,0,,27843
2025-10-04,arbitrum,6.074635277335798,0.206274192724372741,,2756416
2025-10-04,base,22.1088578533551,0.896481823835801964,,10378985
2025-10-04,ink,0.0262332786270222,0.005104824723760916,,590395
2025-10-04,linea,3.2330557773878454,0.005084523559289131,,148349
2025-10-04,lisk,0.00994310117695144,0.002142970043977308,,61002
2025-10-04,mode,0.0061698036893006935,0.00369583036681824,,239544
2025-10-04,optimism,0.8045376585586473,0.043548490444377516,,1237802
2025-10-04,scroll,0.20608787644030163,0.271480447156313109,,91366
2025-10-04,soneium,0.16066366102212237,0.01759329325114956,,2202451
2025-10-04,starknet,1.5206027406392477,0.107330294260565293,,283051
2025-10-04,taiko,0.23964935652539698,0.122894296462706831,,134470
2025-10-04,unichain,1.6122027542331592,0.021577285414582352,,732089
2025-10-04,worldchain,0.6295712018570981,0.684360477075261084,,1850155
2025-10-04,zksync_era,0.2640211846381646,0,,23654
2025-10-05,arbitrum,11.070717591395036,0.254019204567199707,,3509569
2025-10-05,base,50.796369221870776,0.983726361132035776,,11755852
2025-10-05,ink,0.03325099236194469,0.00633148875357182,,632419
2025-10-05,linea,2.6406962417405726,0.004541768465101942,,134039
2025-10-05,lisk,0.022708731420773932,0.002852779166754596,,99293
2025-10-05,mode,0.01062579221953168,0.004213058499935112,,279203
2025-10-05,optimism,1.2341789782392283,0.038951140439907384,,1798930
2025-10-05,scroll,0.15740679277927344,0.211278112757270346,,77475
2025-10-05,soneium,0.2639183785539678,0.023754993662891816,,2238378
2025-10-05,starknet,1.9345757038127893,0.129367761475648832,,314335
2025-10-05,taiko,0.2520353739015578,0.12389597762725271,,136473
2025-10-05,unichain,3.889526284410916,0.024806854325958408,,827392
2025-10-05,worldchain,0.45849204020750944,0.71284830885849996,,1891263
2025-10-05,zksync_era,0.5532322261120542,0,,26820
2025-10-06,arbitrum,13.872529176196574,0.459922284409692239,,3461877
2025-10-06,base,51.01943744215471,1.141638527205812436,,12633661
2025-10-06,ink,0.043169680338730275,0.01047239835529874,,647896
2025-10-06,linea,2.9059799757817393,0.013674053269446444,,149449
2025-10-06,lisk,0.04569605205855561,0.004336007373308336,,71311
2025-10-06,mode,0.024481923305847635,0.006437676703798944,,255341
2025-10-06,optimism,0.9876216093994025,0.052466380834618072,,1571697
2025-10-06,scroll,0.2068640159072383,0.365120613135430353,,93984
2025-10-06,soneium,0.4489229992248347,0.02882274981963642,,1767086
2025-10-06,starknet,2.9255916670125166,0.379834505608847657,,433049
2025-10-06,taiko,0.21920219667444857,0.193496192938662474,,132364
2025-10-06,unichain,3.2046284316661158,0.041317024983680346,,1049592
2025-10-06,worldchain,0.6597359025916627,0.786919267361770692,,1873309
2025-10-06,zksync_era,0.44925859706560717,0,,27672
2025-10-07,arbitrum,19.966802136263233,0.474303909112012236,,4198543
2025-10-07,base,47.896719842568,1.036076081061946208,,10636044
2025-10-07,ink,0.0333905048101224,0.010237625385061102,,579559
2025-10-07,linea,3.200666178098182,0.012115528930955524,,161525
2025-10-07,lisk,0.034344275340291316,0.003322644299470776,,69871
2025-10-07,mode,0.0238435313776699,0.006184946542729824,,264401
2025-10-07,optimism,1.1081398782263459,0.04710523595376288,,1747790
2025-10-07,scroll,0.18697068551380858,0.281003768650778416,,104355
2025-10-07,soneium,0.3763279067238581,0.02312878545141634,,1623501
2025-10-07,starknet,3.5203613439537405,0.414464040298509865,,443325
2025-10-07,taiko,0.25450360862393273,0.187705660678159092,,135416
2025-10-07,unichain,7.774046328323511,0.040538994133146338,,1021841
2025-10-07,worldchain,0.6796548732121769,0.812530500279072072,,1894422
2025-10-07,zksync_era,0.42531908680655334,0,,31294
2025-10-08,arbitrum,13.359879512784078,0.322120281963523663,,3757846
2025-10-08,base,40.08037983790079,0.954348006029985818,,10074361
2025-10-08,ink,0.02543613058192722,0.00717647275571965,,557112
2025-10-08,linea,2.508507417511075,0.005631978046199674,,136754
2025-10-08,lisk,0.018068357827480355,0.002565149216525708,,66963
2025-10-08,mode,0.015167736307765666,0.004992134528005044,,282056
2025-10-08,optimism,0.911242299340935,0.033189020727217482,,2040044
2025-10-08,scroll,0.15636815812852634,0.227156388237265575,,88734
2025-10-08,soneium,0.4036304958617615,0.023552488644062776,,2562153
2025-10-08,starknet,3.4583340836252274,0.219800415589930772,,420167
2025-10-08,taiko,0.24770372947690894,0.141653793724494838,,134456
2025-10-08,unichain,4.254403768144764,0.028909471203311514,,1041439
2025-10-08,worldchain,0.38519474284759625,0.757839709914118632,,1910577
2025-10-08,zksync_era,0.3956037258098376,0,,25816
2025-10-09,arbitrum,21.660409614817397,0.326503251379895934,,2912934
2025-10-09,base,57.47043005616304,1.02536680561238182,,10160568
2025-10-09,ink,0.025498140692845717,0.01108596280401877,,543689
2025-10-09,linea,3.303743660956239,0.008067082450184128,,163958
2025-10-09,lisk,0.04820604320836538,0.00343803280401364,,97943
2025-10-09,mode,0.02028019536958922,0.005870690753945866,,211587
2025-10-09,optimism,1.1417807102445772,0.065049005660048758,,2801506
2025-10-09,scroll,0.20292648679396236,0.271195227955084359,,134659
2025-10-09,soneium,0.40938537246070555,0.032809822599403924,,2350564
2025-10-09,starknet,4.585863526349342,0.275735249502657603,,563387
2025-10-09,taiko,0.23651934050937468,0.158785160533546478,,134172
2025-10-09,unichain,6.217113599641062,0.041308054878325238,,1079748
2025-10-09,worldchain,0.3450246149141605,0.770099237807227188,,1820804
2025-10-09,zksync_era,0.3552287516939117,0,,29420
2025-10-10,arbitrum,480.2097020383606,5.265529474555591734,,3858255
2025-10-10,base,462.78103696428457,2.46560939000693044,,9961053
2025-10-10,ink,0.3532586863586605,0.080471467213132394,,605083
2025-10-10,linea,8.79685266373966,0.010679983139706839,,196318
2025-10-10,lisk,0.3898087865501406,0.028170605977909668,,86444
2025-10-10,mode,0.3294492298670698,0.077944038657627794,,211187
2025-10-10,optimism,57.63580424305197,0.934436158862141604,,2904958
2025-10-10,scroll,0.8016520852077296,0.779845550045326569,,194096
2025-10-10,soneium,1.8939056264113434,0.1461808913713935,,1939327
2025-10-10,starknet,4.760734023396152,5.335101442863433836,,529585
2025-10-10,taiko,0.3611635497716344,1.606941136247683578,,136332
2025-10-10,unichain,25.282556682075885,0.362788732313934804,,1345142
2025-10-10,worldchain,4.503806162705889,1.469501419786551228,,1983547
2025-10-10,zksync_era,2.383782380391336,0,,52748
2025-10-11,arbitrum,38.26869099277863,0.87197178857953965,,3586713
2025-10-11,base,60.89012719230753,1.204570506240711814,,9398756
2025-10-11,ink,0.9840243523817434,0.08257901074537652,,635626
2025-10-11,linea,4.615272479862993,0.032986529891686328,,145838
2025-10-11,lisk,0.06373100439214169,0.008510443558079456,,77077
2025-10-11,mode,0.028376323807983043,0.006114733457620926,,113523
2025-10-11,optimism,3.729383793689523,0.419502541412555184,,2528705
2025-10-11,scroll,0.23298607864473775,0.24944798626268129,,116761
2025-10-11,soneium,0.7138015677441757,0.23664587916130873,,1628711
2025-10-11,starknet,2.387647725988296,1.074307000041987457,,534129
2025-10-11,taiko,0.25104867115383933,0.365605195819596993,,139786
2025-10-11,unichain,4.270544124953478,0.097265296831317732,,1341806
2025-10-11,worldchain,1.007688024252749,0.928957799864372604,,1919063
2025-10-11,zksync_era,0.7731173056015643,0,,40018
2025-10-12,arbitrum,40.361545092654644,0.377324151668824027,,3667624
2025-10-12,base,68.1716458250001,0.906374787883638674,,9068133
2025-10-12,ink,0.04699239535441797,0.073928737353204348,,649099
2025-10-12,linea,3.5947143757264857,0.011942705309874768,,141219
2025-10-12,lisk,0.038659874578346354,0.003262635880165552,,87440
2025-10-12,mode,0.026825827422465073,0.007284109893623192,,253063
2025-10-12,optimism,3.182283037193212,0.296480971206565888,,2387007
2025-10-12,scroll,0.16724613702150734,0.187647138841666959,,111992
2025-10-12,soneium,0.4371847726238791,0.16573271444820446,,1704902
2025-10-12,starknet,2.3493617910707973,0.321584761337510908,,568855
2025-10-12,taiko,0.30862996443700963,0.163450763422848408,,133431
2025-10-12,unichain,8.860622954629866,0.055235367011514552,,1412415
2025-10-12,worldchain,0.4559913610733651,0.742393632891495744,,1794332
2025-10-12,zksync_era,0.5936838407635484,0,,33449
2025-10-13,arbitrum,29.682808652635813,0.335902482369598218,,3232441
2025-10-13,base,59.946046071038495,0.91013211964515424,,8986577
2025-10-13,ink,0.029682321090706038,0.060274626251012894,,509787
2025-10-13,linea,3.296909371260111,0.010918455213485752,,145155
2025-10-13,lisk,0.029218232218197263,0.003294778535718896,,81535
2025-10-13,mode,0.03182370227196,0.00703032163942832,,343066
2025-10-13,optimism,2.7883973886924354,0.326528668260672192,,2429386
2025-10-13,scroll,0.33581293150544383,0.24304753031547563,,93668
2025-10-13,soneium,1.1155606643886262,0.188460656807693516,,1761745
2025-10-13,starknet,2.2937578334429616,0.243573085840368159,,552524
2025-10-13,taiko,0.23369808376862247,0.152318949387372226,,131588
2025-10-13,unichain,6.42086650067473,0.038766699566315784,,1216741
2025-10-13,worldchain,0.4967833517556087,0.730000548906733056,,1773291
2025-10-13,zksync_era,0.395143288299636,0,,28030
2025-10-14,arbitrum,37.19095350664767,0.421344043335841568,,3721368
2025-10-14,base,74.54191570051574,1.119160183654196708,,9706308
2025-10-14,ink,0.042386364793606975,0.066534805080639866,,575139
2025-10-14,linea,3.28886848450119,0.010060450022167003,,141181
2025-10-14,lisk,0.051541516260117465,0.005029486003533676,,110536
2025-10-14,mode,0.032116262014397094,0.00986746917545845,,354076
2025-10-14,optimism,3.4234922028678145,0.348519069297283596,,2487703
2025-10-14,scroll,0.18159544885074544,0.134838718553707161,,134263
2025-10-14,soneium,0.37088631116973314,0.182816410459177924,,1783304
2025-10-14,starknet,1.4371839712301682,0.298920251425805499,,415559
2025-10-14,taiko,0.23055559979150586,0.167646741637462,,135565
2025-10-14,unichain,9.171008289642526,0.053114311583961812,,1416597
2025-10-14,worldchain,0.4936593883141909,0.757708512685034316,,1880551
2025-10-14,zksync_era,0.4260703959953062,0,,30567
2025-10-15,arbitrum,22.291363520978045,0.362138362000800458,,3326362
2025-10-15,base,106.64703502172273,1.027475701929725146,,9431375
2025-10-15,ink,0.057975446589251266,0.074839906316715424,,676004
2025-10-15,linea,2.9130353433751317,0.006118533094607208,,127109
2025-10-15,lisk,0.039477776806051086,0.003180336923865844,,90262
2025-10-15,mode,0.028944019542663846,0.007164241193432548,,373760
2025-10-15,optimism,1.8475891044595816,0.288794682927201174,,2309742
2025-10-15,scroll,0.1813210674004947,0.116632391627130131,,90234
2025-10-15,soneium,0.40221338740742785,0.046676772073310622,,1625726
2025-10-15,starknet,1.3694564372553446,0.267003984777085828,,414137
2025-10-15,taiko,0.25263945429671214,0.171015732198202121,,141417
2025-10-15,unichain,5.190491336865325,0.035423165175106242,,1140249
2025-10-15,worldchain,0.38059397243217596,0.701211053011758828,,1861582
2025-10-15,zksync_era,0.3725010463277842,0,,28558
2025-10-16,arbitrum,25.73533144068913,0.365234306381748636,,3100234
2025-10-16,base,63.3720448019873,1.107113509944372456,,11862560
2025-10-16,ink,0.07906622593123198,0.052807809720775492,,833095
2025-10-16,linea,3.2838610625588482,0.008410952098280298,,132545
2025-10-16,lisk,0.05267965392425392,0.003180398672519172,,81317
2025-10-16,mode,0.02843758348184955,0.007855489979774312,,313035
2025-10-16,optimism,1.4459041569517026,0.059468044877895298,,1955405
2025-10-16,scroll,0.2096765872001759,0.104941299071285814,,89603
2025-10-16,soneium,0.3805091891937129,0.035824256075621668,,1603828
2025-10-16,starknet,1.3475652078973257,0.278565739535710824,,476086
2025-10-16,taiko,0.24597624255634415,0.177958624462346629,,139194
2025-10-16,unichain,5.874625013702379,0.038152310353523678,,1113649
2025-10-16,worldchain,0.40845300647505217,0.6983014736506863,,1768501
2025-10-16,zksync_era,0.38275469648714827,0,,29693
2025-10-17,arbitrum,31.374412240875905,0.573603145820947997,,3074585
2025-10-17,base,81.72341075027816,1.222133574224404104,,11743186
2025-10-17,ink,0.1621893532704657,0.016096181602438692,,858885
2025-10-17,linea,3.209247555352897,0.015365445181621669,,122080
2025-10-17,lisk,0.06564108578671451,0.005527391400503472,,83888
2025-10-17,mode,0.03542504387613904,0.008683087456125748,,324425
2025-10-17,optimism,1.7423503535113887,0.078915204865422044,,1753852
2025-10-17,scroll,0.27241272170826875,0.202691710050192008,,125213
2025-10-17,soneium,1.721064375530578,0.048741968985296422,,1863238
2025-10-17,starknet,1.2332760880293,0.688575264077421231,,439027
2025-10-17,taiko,0.25428696691245334,0.267180212944067279,,140214
2025-10-17,unichain,5.340447794164155,0.05759695663017136,,1148362
2025-10-17,worldchain,0.6295299343578136,0.7479501318367548,,1684704
2025-10-17,zksync_era,0.541460703660692,0,,49456
2025-10-18,arbitrum,6.411312965977176,0.178345156502936034,,2286869
2025-10-18,base,22.726158032555972,0.941071232730447978,,10591728
2025-10-18,ink,0.04393251203238397,0.006731422625216428,,704929
2025-10-18,linea,2.1151112534725334,0.00353966562782877,,96078
2025-10-18,lisk,0.011410100888589469,0.002378600940345704,,79275
2025-10-18,mode,0.008298337480198497,0.004631547429074076,,293769
2025-10-18,optimism,0.6178227965789537,0.038468613886504896,,1284233
2025-10-18,scroll,0.11515771234822438,0.091179213221833317,,67001
2025-10-18,soneium,0.5361785620138925,0.03702505142787282,,2339610
2025-10-18,starknet,0.8225588007401817,0.111606618333575382,,354726
2025-10-18,taiko,0.22288362287611932,0.131620601066824181,,132805
2025-10-18,unichain,1.3458285920405928,0.021895645133332302,,729213
2025-10-18,worldchain,0.25263857143612856,0.63831858693846288,,1696139
2025-10-18,zksync_era,0.20082049459468682,0,,15618
2025-10-19,arbitrum,9.230666053490875,0.201432838661974569,,2609693
2025-10-19,base,28.84355423823419,0.97940148263482357,,10330868
2025-10-19,ink,0.0768184195182772,0.00740431778600306,,815877
2025-10-19,linea,2.3099555919026895,0.003299055073326957,,94091
2025-10-19,lisk,0.014728403356977955,0.002500461829538896,,75765
2025-10-19,mode,0.009369567809382202,0.0048497659196228,,314393
2025-10-19,optimism,1.1496224652770257,0.041423156924512538,,1594754
2025-10-19,scroll,0.11995665779020236,0.077344796147221796,,62156
2025-10-19,soneium,0.8889989978540634,0.037170927405159174,,2324765
2025-10-19,starknet,0.8887793120094695,0.113037057036528471,,405258
2025-10-19,taiko,0.1996485888326408,0.121597104826324785,,105086
2025-10-19,unichain,3.5873730013498726,0.022576805419672288,,792024
2025-10-19,worldchain,0.24602536201158037,0.6204550160225646,,1632640
2025-10-19,zksync_era,0.2717667281483697,0,,22019
2025-10-20,arbitrum,9.07243419705025,0.193367378286935891,,2158090
2025-10-20,base,57.363714919878575,0.93664498909077657,,10808094
2025-10-20,ink,0.08608216583461618,0.008089278758955166,,756950
2025-10-20,linea,2.96531443983889,0.004061531873916586,,104272
2025-10-20,lisk,0.01697651873143105,0.002905943837554036,,82910
2025-10-20,mode,0.011678342934668686,0.005388188381386652,,314356
2025-10-20,optimism,1.0993507546668617,0.0754404903234114,,1833086
2025-10-20,scroll,0.1445444416423328,0.082422071496517492,,63080
2025-10-20,soneium,0.925693262368928,0.04246536318016896,,2517114
2025-10-20,starknet,1.0194708261408592,0.125092095827356626,,440792
2025-10-20,taiko,0.20075655106077123,0.126699565943155855,,105301
2025-10-20,unichain,3.340045763721246,0.024256518520079578,,819235
2025-10-20,worldchain,0.2459329852820133,0.58993148053512948,,1562629
2025-10-20,zksync_era,0.3155717671967713,0,,24160
2025-10-21,arbitrum,18.803247577481777,0.260860426246773676,,2424249
2025-10-21,base,109.13721252956111,1.033396293873313878,,10468728
2025-10-21,ink,0.16617477847614892,0.01173859857113837,,811118
2025-10-21,linea,2.8740369644207138,0.006395969201744743,,121268
2025-10-21,lisk,0.02864765619429773,0.003288719387200316,,79931
2025-10-21,mode,0.022578196938015684,0.00628498486782646,,309981
2025-10-21,optimism,1.1176597776554946,0.071573204616147236,,1805495
2025-10-21,scroll,0.17390686412664932,0.181982209357409134,,82562
2025-10-21,soneium,0.9415256994307508,0.042288853859094938,,1934349
2025-10-21,starknet,1.0624524198211183,0.220572758965430655,,407970
2025-10-21,taiko,0.22246935149430402,0.140727909605817343,,104652
2025-10-21,unichain,6.375874149722819,0.034966874553957736,,978818
2025-10-21,worldchain,0.298928047884112,0.668856455387517696,,1757897
2025-10-21,zksync_era,0.42524062161441906,0,,27598
2025-10-22,arbitrum,17.829288137730842,0.270630450505378641,,3050663
2025-10-22,base,86.52677599641578,1.098105083333774614,,11557719
2025-10-22,ink,0.19605927381675864,0.01232909248120224,,784833
2025-10-22,linea,3.147868657655826,0.002333439771597228,,112322
2025-10-22,lisk,0.025790364419236923,0.003172489547518852,,92433
2025-10-22,mode,0.018819395012885418,0.00672073645872417,,295742
2025-10-22,optimism,1.4570243386349646,0.07015007582155225,,2282995
2025-10-22,scroll,0.15385369733778356,0.135417119460765037,,77265
2025-10-22,soneium,0.38908212029099765,0.03696926695207442,,1545970
2025-10-22,starknet,0.9304414150990972,0.138061989110167105,,380252
2025-10-22,taiko,0.2467419642629392,0.124132014053258891,,114052
2025-10-22,unichain,5.1443908135627305,0.032992071027202012,,995405
2025-10-22,worldchain,0.32177668394316095,0.66557124017134944,,1844596
2025-10-22,zksync_era,0.3072520948985632,0,,25077
2025-10-23,arbitrum,10.154617708997513,0.240930966444833501,,3183679
2025-10-23,base,51.279651744084,1.05892677255755576,,11751732
2025-10-23,ink,0.09769054524055781,0.007159462038256552,,748703
2025-10-23,linea,2.5696581401346403,0.00858601237661906,,99530
2025-10-23,lisk,0.0158361505338594,0.002827391054676212,,81544
2025-10-23,mode,0.010577160372207529,0.00480133608135576,,295358
2025-10-23,optimism,0.6952224884549026,0.042495493303931076,,1669615
2025-10-23,scroll,0.16754488144942126,0.119491029880594233,,76811
2025-10-23,soneium,0.15209735180216197,0.035810565107917562,,1779949
2025-10-23,starknet,0.8518594967812317,0.128525855144987906,,349996
2025-10-23,taiko,0.2450957062668304,0.134572228076819361,,78221
2025-10-23,unichain,2.8897441354023656,0.025055459150135656,,930695
2025-10-23,worldchain,0.300820804374089,0.609469187482484808,,1720623
2025-10-23,zksync_era,0.4379452415852489,0,,24021
2025-10-24,arbitrum,12.46549568366737,0.244866502874581965,,3219406
2025-10-24,base,125.63733173599013,1.199505928907157002,,13237192
2025-10-24,ink,0.09593230056491486,0.007877313914848364,,703079
2025-10-24,linea,3.1818135942116346,0.004377092993655605,,92451
2025-10-24,lisk,0.018697754173062447,0.002657594512022816,,78038
2025-10-24,mode,0.010457425352413187,0.0048762774888537,,282133
2025-10-24,optimism,0.8197690354683336,0.042772889147673112,,1581364
2025-10-24,scroll,0.15906459574097465,0.083000254954753554,,71907
2025-10-24,soneium,0.1904460368866146,0.0378757081336146,,2059586
2025-10-24,starknet,0.8045221492051893,0.16289131871939289,,319737
2025-10-24,taiko,0.20846609670359725,0.136018387864676983,,91996
2025-10-24,unichain,3.033794077984818,0.025950285596565192,,917329
2025-10-24,worldchain,0.4101307674430721,0.652532072145451548,,1897510
2025-10-24,zksync_era,0.37857488673900214,0,,24441
2025-10-25,arbitrum,4.962950411439003,0.158988716907002443,,2360962
2025-10-25,base,117.93672285732201,1.135027107838799412,,12184874
2025-10-25,ink,0.04525483486614827,0.005898595605541464,,618557
2025-10-25,linea,1.8438329923216417,0.003158033003980078,,83959
2025-10-25,lisk,0.008793244455602863,0.0024157044361854,,72748
2025-10-25,mode,0.0034175980791060854,0.003975909948700424,,220860
2025-10-25,optimism,0.3831496629216099,0.030579820700333678,,1264731
2025-10-25,scroll,0.12479155046166006,0.058440460133348423,,45538
2025-10-25,soneium,0.2150064562087303,0.039519045887289782,,2436086
2025-10-25,starknet,0.7337691205346891,0.082922916911026262,,312732
2025-10-25,taiko,0.21053466779464905,0.128568860742734692,,117055
2025-10-25,unichain,0.7507395498446006,0.020485672773743176,,724236
2025-10-25,worldchain,0.3508807190598642,0.620754111758498052,,1915332
2025-10-25,zksync_era,0.2681555224488915,0,,18145
2025-10-26,arbitrum,9.684050896330476,0.193563044772129576,,2842946
2025-10-26,base,114.59811697580672,1.13501005385948004,,12173650
2025-10-26,ink,0.17753109492626912,0.006970070986564104,,702660
2025-10-26,linea,2.3168754930828492,0.00412336156721059,,80626
2025-10-26,lisk,0.012533218551704264,0.002472830039375248,,71861
2025-10-26,mode,0.011791630733744951,0.004731931978052664,,279142
2025-10-26,optimism,0.7044884492121053,0.039881656589568344,,1636154
2025-10-26,scroll,0.1384945073462396,0.053071150821790592,,53847
2025-10-26,soneium,0.27035967173068187,0.031671421706882398,,1678278
2025-10-26,starknet,0.8385543026421381,0.100346548509286513,,369080
2025-10-26,taiko,0.2253306509041755,0.130661412294215989,,115311
2025-10-26,unichain,3.461769266265673,0.02397484799679473,,886793
2025-10-26,worldchain,0.3682853362727916,0.644659388313127596,,1984824
2025-10-26,zksync_era,0.3187017297299719,0,,21452
2025-10-27,arbitrum,12.018559822669504,0.371649759914611584,,3449226
2025-10-27,base,96.631021412881,1.150444745252032374,,11497751
2025-10-27,ink,0.10748622878180285,0.007800378520509496,,735873
2025-10-27,linea,3.1724713674843725,0.006012524502879672,,122596
2025-10-27,lisk,0.0355149365542906,0.003006707543422684,,75268
2025-10-27,mode,0.02610719376859679,0.00522109512245486,,292548
2025-10-27,optimism,0.8286472920082981,0.049904663087291478,,1915090
2025-10-27,scroll,0.16265490687693498,0.096709230970602762,,60140
2025-10-27,soneium,0.1976766228961365,0.040650233396188788,,1892599
2025-10-27,starknet,0.8204804906594685,0.307566013290409796,,348789
2025-10-27,taiko,0.22054847092577604,0.19389006493028439,,91548
2025-10-27,unichain,4.835500067569214,0.033496807750642992,,936220
2025-10-27,worldchain,0.5170561689164141,0.683599732614098592,,1902363
2025-10-27,zksync_era,0.5751999797024011,0,,27411
2025-10-28,arbitrum,16.49823781368163,0.266175337440060399,,3572429
2025-10-28,base,98.76680157125786,1.140333583691458816,,12211719
2025-10-28,ink,0.1070139458399551,0.00947100667112034,,683560
2025-10-28,linea,3.011921745207972,0.0052625234760793,,139848
2025-10-28,lisk,0.031879665750851924,0.002807674013508368,,74868
2025-10-28,mode,0.018074211815665545,0.005147122494284048,,283779
2025-10-28,optimism,0.8939835503849354,0.055828888553939268,,2016751
2025-10-28,scroll,0.15684274871805823,0.131018120291111627,,66098
2025-10-28,soneium,0.24021758069102372,0.052248651940505888,,2815811
2025-10-28,starknet,1.166807662568871,0.168759193794470408,,384368
2025-10-28,taiko,0.16611672362648283,0.13990206557068904,,46725
2025-10-28,unichain,4.249798137379105,0.031711837126305156,,1039012
2025-10-28,worldchain,0.4704736885648301,0.714654655114191288,,1961702
2025-10-28,zksync_era,0.4648838541323477,0,,25399
2025-10-29,arbitrum,25.05630596472102,0.304037226664495439,,3593226
2025-10-29,base,82.24430311727222,1.14096889528969248,,11849003
2025-10-29,ink,0.1321158442722182,0.00934041287275153,,630046
2025-10-29,linea,4.015188678366515,0.021718409191995896,,215531
2025-10-29,lisk,0.02445704158103723,0.003919165949103364,,76516
2025-10-29,mode,0.0210364331658921,0.005692537419490632,,305817
2025-10-29,optimism,1.1920253106718022,0.056139231761637062,,1666986
2025-10-29,scroll,0.20056277005864642,0.148825486848306888,,94158
2025-10-29,soneium,0.35168540049489816,0.05468401778172699,,3031872
2025-10-29,starknet,1.6967160528079739,0.185896046438454476,,402513
2025-10-29,taiko,0.18562915394503735,0.156041702807701768,,46069
2025-10-29,unichain,5.004289671163074,0.035276885031600344,,935659
2025-10-29,worldchain,0.3720069511474941,0.625711801334083224,,1804117
2025-10-29,zksync_era,4.5461630508210185,0,,61861
2025-10-30,arbitrum,21.279944465430063,0.382438019563761178,,3477439
2025-10-30,base,82.08095290912121,1.33110569467587069,,12039651
2025-10-30,ink,0.08090536243782036,0.017722924094206058,,761646
2025-10-30,linea,3.6412142152440095,0.031499758362840857,,180393
2025-10-30,lisk,0.04870259933554097,0.005470520822893132,,85084
2025-10-30,mode,0.03770851327514509,0.007976187840325312,,310650
2025-10-30,optimism,1.1037989744502226,0.076005687468110992,,1724077
2025-10-30,scroll,0.2969727606755669,0.149174273364617592,,106374
2025-10-30,soneium,0.5160923484942461,0.074156399695372544,,3386409
2025-10-30,starknet,1.5940930344128335,0.446542478287882112,,325335
2025-10-30,taiko,0.17706337307983827,0.179134529468419379,,44421
2025-10-30,unichain,4.068715934684132,0.044655797542684994,,982134
2025-10-30,worldchain,0.5728952655053934,0.651566096061229848,,1970224
2025-10-30,zksync_era,7.042511425528475,0,,95803
2025-10-31,arbitrum,9.554606701431045,0.269386784708265664,,3209225
2025-10-31,base,64.21257415615865,1.112136644546804372,,11913421
2025-10-31,ink,0.05234707618550278,0.007596029608128662,,705578
2025-10-31,linea,5.776014584699686,0.006222302274168654,,144664
2025-10-31,lisk,0.03450007462638165,0.002809646634790016,,81136
2025-10-31,mode,0.017269345424619865,0.005171056461895184,,356793
2025-10-31,optimism,0.9247414462676371,0.041594197217589108,,1652397
2025-10-31,scroll,0.15454798777972847,0.035696966113760966,,60834
2025-10-31,soneium,0.3654353213337386,0.059419457412232198,,4221908
2025-10-31,starknet,1.1859154548136954,0.171054417660073409,,210211
2025-10-31,taiko,0.20012816462384275,0.140532050381490828,,41696
2025-10-31,unichain,2.6399166593442858,0.025068684028366384,,907384
2025-10-31,worldchain,0.3717516592131651,0.547979575641468024,,1914104
2025-10-31,zksync_era,4.211862248661624,0,,62497
2025-11-01,arbitrum,5.828617250465726,0.21995964863825797,,3245047
2025-11-01,base,43.94681934036918,1.121787389489835422,,12499514
2025-11-01,ink,0.040195894620600456,0.006530488858619086,,695170
2025-11-01,linea,6.897641606200327,0.003347012682059829,,126592
2025-11-01,lisk,0.009389365019423532,0.00233642226095002,,70727
2025-11-01,mode,0.009851997265912484,0.00434363836633424,,272586
2025-11-01,optimism,0.5647551508382009,0.033654055222598738,,1569684
2025-11-01,scroll,0.14344717541889532,0.040878903449099818,,49367
2025-11-01,soneium,0.2996184322479049,0.059302837609689894,,4399258
2025-11-01,starknet,1.0577843490180856,0.09048061461430968,,266094
2025-11-01,taiko,0.17703841214151328,0.12416375353148138,,38912
2025-11-01,unichain,0.6795475647319346,0.020677932263056814,,745614
2025-11-01,worldchain,0.34998128341809226,0.525876585411044604,,1945864
2025-11-01,zksync_era,1.040324619841832,0,,49768
2025-11-02,arbitrum,6.402068029591752,0.223386720082876137,,3077688
2025-11-02,base,36.608999360082336,1.170423359386371374,,12501508
2025-11-02,ink,0.0434983472503845,0.007028468514618988,,721351
2025-11-02,linea,6.651899452574805,0.004023211383121986,,121118
2025-11-02,lisk,0.009805555245141132,0.002213790122074936,,68833
2025-11-02,mode,0.021723992104265403,0.004548090204067672,,290686
2025-11-02,optimism,0.5954884449575196,0.03503721727835812,,1567986
2025-11-02,scroll,0.17599993954215568,0.037898130407247402,,57249
2025-11-02,soneium,0.4150385479582477,0.05055841092377829,,3558652
2025-11-02,starknet,1.390052127427204,0.130588530826251474,,339924
2025-11-02,taiko,0.16534651186776733,0.124893940738708357,,42899
2025-11-02,unichain,0.9599731894131738,0.021533991254084582,,755652
2025-11-02,worldchain,0.3613853057425684,0.516852670651341144,,1922749
2025-11-02,zksync_era,2.460480921837999,0,,91118
2025-11-03,arbitrum,38.22505212904428,0.501589573222189565,,3129266
2025-11-03,base,69.65573422497312,1.38884995833073109,,13133316
2025-11-03,ink,0.1101605538122396,0.014178018648881164,,785428
2025-11-03,linea,7.901504489172725,0.009426900297322114,,156371
2025-11-03,lisk,0.06013226618939485,0.00404513549536468,,75556
2025-11-03,mode,0.06537767725111292,0.006723965375777512,,243471
2025-11-03,optimism,3.719820996628669,0.072495742007279998,,1778028
2025-11-03,scroll,0.19539346556104906,0.042270618736812282,,86626
2025-11-03,soneium,0.5383181027357229,0.064940067761900232,,3274395
2025-11-03,starknet,1.837890700922896,0.553758626974655168,,364093
2025-11-03,taiko,0.2326248467034726,0.238661190178464335,,42950
2025-11-03,unichain,3.828124634084769,0.047653632215390088,,1023081
2025-11-03,worldchain,0.7954731579414864,0.633508328697331212,,2028588
2025-11-03,zksync_era,1.1036019099513033,0,,56610
2025-11-04,arbitrum,101.08920175685097,1.057296495584585501,,3564141
2025-11-04,base,168.65594137139158,1.66553562804192099,,13902323
2025-11-04,ink,0.2504768765566568,0.02224906590245715,,832593
2025-11-04,linea,8.621423835954422,0.027470095886336995,,181677
2025-11-04,lisk,0.16405200558685515,0.008795854215754636,,81209
2025-11-04,mode,0.23728376680865168,0.0113146008864042,,141166
2025-11-04,optimism,5.478514661509781,0.144730381117332894,,2030164
2025-11-04,scroll,0.2787976260900706,0.059587501295599255,,93613
2025-11-04,soneium,0.6812984678078916,0.087897914904748306,,2828369
2025-11-04,starknet,2.0402329243162844,1.951064782341180089,,442141
2025-11-04,taiko,0.22860167052222666,0.425798177215131145,,45102
2025-11-04,unichain,6.7773583842144856,0.10167234645858543,,1279381
2025-11-04,worldchain,2.696783629235602,0.723226747952606772,,1778646
2025-11-04,zksync_era,1.5559468465148159,0,,76833
2025-11-05,arbitrum,18.12338221959014,0.352996004682904781,,3042694
2025-11-05,base,140.5679475859233,1.163959221166229726,,12291060
2025-11-05,ink,0.14050135953408616,0.010126077865982476,,799082
2025-11-05,linea,6.440043439975052,0.031818772923972108,,156416
2025-11-05,lisk,0.044272196689502226,0.003441551837936376,,76196
2025-11-05,mode,0.018056396619774946,0.005715328037513424,,57301
2025-11-05,optimism,4.103080765310779,0.053325087730059978,,1701662
2025-11-05,scroll,0.13849473956777342,0.032002213635562297,,69018
2025-11-05,soneium,0.2668858636253536,0.046283436157029252,,2588488
2025-11-05,starknet,0.8514530530974337,0.506705352915656775,,246773
2025-11-05,taiko,0.1993453418501044,0.200562363492984352,,44068
2025-11-05,unichain,2.808488690856279,0.034630846047844846,,981960
2025-11-05,worldchain,0.42287593986929517,0.567626403780466104,,1734690
2025-11-05,zksync_era,1.9601298988319302,0,,87516
2025-11-06,arbitrum,21.126167928803724,0.733238220597001221,,2809308
2025-11-06,base,66.40742103326897,1.452111006367708448,,12970412
2025-11-06,ink,0.1407250100529671,0.015559590904346246,,821705
2025-11-06,linea,6.1994406569091645,0.010919116143408518,,141346
2025-11-06,lisk,0.07950579498575826,0.004044362164347692,,67942
2025-11-06,mode,0.04555966079747406,0.007460109072405136,,64081
2025-11-06,optimism,3.1674710579810923,0.070791189683908698,,1465700
2025-11-06,scroll,0.1765062179850862,0.047762234098612746,,65546
2025-11-06,soneium,0.2368546005889854,0.055983028441532862,,2225499
2025-11-06,starknet,0.8248511873069428,0.810713267310287543,,249279
2025-11-06,taiko,0.18935309949955004,0.420122904574758188,,41257
2025-11-06,unichain,2.6060834378319813,0.057285752830856148,,864135
2025-11-06,worldchain,0.6258854489090346,0.64541046509955,,1710696
2025-11-06,zksync_era,0.9590804233382714,0,,57478
2025-11-07,arbitrum,22.24905451387509,0.488559552144688946,,2838437
2025-11-07,base,48.35254717984812,1.44820399519029496,,14613741
2025-11-07,ink,0.1336911904141304,0.01621828503899194,,813735
2025-11-07,linea,6.631757318544189,0.016534468549757133,,117488
2025-11-07,lisk,0.07067127054889423,0.0052776724704022,,68225
2025-11-07,mode,0.023161128256631105,0.007014145432445448,,80428
2025-11-07,optimism,1.5649162656564999,0.128524605296702416,,1618204
2025-11-07,scroll,0.15914435062529528,0.045793337392284197,,73141
2025-11-07,soneium,0.16241706476038223,0.054190627182846516,,2058885
2025-11-07,starknet,1.4088839613605748,0.838312253716398487,,294153
2025-11-07,taiko,0.1811278943073798,0.266606089930542743,,40626
2025-11-07,unichain,3.573681266301114,0.05244785499488073,,1049283
2025-11-07,worldchain,0.4743176422837206,0.62282788503793914,,1837637
2025-11-07,zksync_era,0.8420472041643741,0,,45355
2025-11-08,arbitrum,8.639323968180292,0.199242243568421101,,2504205
2025-11-08,base,25.791959008307533,1.144910580936002886,,13485165
2025-11-08,ink,0.08173456037836177,0.007781595569206412,,874225
2025-11-08,linea,5.106916896652485,0.008670150718589091,,106729
2025-11-08,lisk,0.021569087785496023,0.002423935278140812,,78455
2025-11-08,mode,0.011425312741560141,0.004013496932587484,,108647
2025-11-08,optimism,0.8622573496838088,0.050670435355974256,,1606388
2025-11-08,scroll,0.14574480884272376,0.029506549716810803,,57207
2025-11-08,soneium,0.21826118544229303,0.033710978885700816,,2032756
2025-11-08,starknet,1.0265614665772558,0.130388622520391252,,223030
2025-11-08,taiko,0.13613045868512277,0.136413483363360101,,36507
2025-11-08,unichain,1.4466600258091757,0.02304778685095564,,854615
2025-11-08,worldchain,0.18974451430811817,0.514240630992726,,1746338
2025-11-08,zksync_era,0.5592920244666718,0,,32927
2025-11-09,arbitrum,9.941117839035808,0.18133367149222552,,2329293
2025-11-09,base,35.90254159678549,1.358582005746199638,,15434788
2025-11-09,ink,0.06608441066082618,0.008940109017309612,,932440
2025-11-09,linea,2.189356466935398,0.003312851904370647,,135425
2025-11-09,lisk,0.04072421916493697,0.00255325940552002,,77869
2025-11-09,mode,0.007155551909856956,0.003904613329687372,,115174
2025-11-09,optimism,0.9618828581332075,0.058503569498242814,,1674277
2025-11-09,scroll,0.1323994887342387,0.024947203870466465,,54870
2025-11-09,soneium,0.12103485261732783,0.030923936466930446,,1695377
2025-11-09,starknet,1.247723981874894,0.119443106955031326,,279526
2025-11-09,taiko,0.1499017595476207,0.12606876012548533,,41123
2025-11-09,unichain,1.685172785053234,0.024616373511158588,,831770
2025-11-09,worldchain,0.18125781304184718,0.495791289060204312,,1685796
2025-11-09,zksync_era,0.8673797720090779,0,,40229
2025-11-10,arbitrum,13.36884374843175,0.277854243741225951,,2749516
2025-11-10,base,37.228461687321584,1.49297273935191263,,15849215
2025-11-10,ink,0.06981474565947433,0.010822984782682174,,714735
2025-11-10,linea,2.348999976699253,0.007292763567773583,,174972
2025-11-10,lisk,0.02638867323143873,0.002911926663439404,,76712
2025-11-10,mode,0.03490613902422731,0.004942218155719744,,144187
2025-11-10,optimism,1.185405936226627,0.076381734321189614,,1810730
2025-11-10,scroll,0.14042211067860502,0.030299162398713397,,59322
2025-11-10,soneium,0.13300308424829477,0.03657877755726674,,1699875
2025-11-10,starknet,2.1937812216152466,0.290268876622044813,,368941
2025-11-10,taiko,0.19841451149014303,0.16054257176121081,,44235
2025-11-10,unichain,2.3115680380545536,0.03290516401297343,,974706
2025-11-10,worldchain,0.25310155375956245,0.54824633792790342,,1748137
2025-11-10,zksync_era,0.7690382168021332,0,,42566
2025-11-11,arbitrum,15.897992953713047,0.256260922836958439,,2664400
2025-11-11,base,60.55451700091936,1.434248291315727964,,15282438
2025-11-11,ink,0.20736315737626895,0.012272184659144446,,794147
2025-11-11,linea,2.4466262621729644,0.00549286083651282,,161046
2025-11-11,lisk,0.4038059025099837,0.003961699745216084,,101016
2025-11-11,mode,0.029002185011724912,0.005399647437634552,,157140
2025-11-11,optimism,1.2669475016148248,0.085762682530368376,,2148543
2025-11-11,scroll,0.13776096589881962,0.031720345921864071,,63092
2025-11-11,soneium,0.20255220500184723,0.044017903852873414,,1962746
2025-11-11,starknet,1.404369322691005,0.232142681135497216,,278341
2025-11-11,taiko,0.26985368033559126,0.156789732389512486,,39896
2025-11-11,unichain,3.445389020143441,0.036608104866407172,,1133590
2025-11-11,worldchain,0.27076874246552834,0.533693424340918308,,1795542
2025-11-11,zksync_era,0.44677257051567326,0,,31501
2025-11-12,arbitrum,18.656516487560555,0.24683297001871417,,2589274
2025-11-12,base,69.4504546621418,1.509416602608268356,,16055590
2025-11-12,ink,1.0649791917486755,0.013010465374359384,,840803
2025-11-12,linea,2.8513038269292506,0.005616284021429232,,132556
2025-11-12,lisk,0.3999647580666954,0.003585162812755592,,94284
2025-11-12,mode,0.022957279938340153,0.005405362760782848,,147586
2025-11-12,optimism,1.2560134910273413,0.079565539165307108,,2242673
2025-11-12,scroll,0.1482957209224999,0.029398393715787513,,71409
2025-11-12,soneium,0.1592731034803007,0.038311792682336652,,1753149
2025-11-12,starknet,1.4387370735204752,0.196286293606370809,,335665
2025-11-12,taiko,0.22874713367079258,0.167603443973989166,,39177
2025-11-12,unichain,2.258251947065641,0.038041853951841176,,1072880
2025-11-12,worldchain,0.25398230077442296,0.520427652392155728,,1702089
2025-11-12,zksync_era,0.43184356440664134,0,,28258
2025-11-13,arbitrum,30.88856852091437,0.354045796857184265,,2941912
2025-11-13,base,91.2050747530173,1.723081601478280112,,16912008
2025-11-13,ink,0.2777952406064577,0.01683717603812695,,913312
2025-11-13,linea,3.6766702502982516,0.00906182866014062,,139379
2025-11-13,lisk,0.11832388818550024,0.004978584632115344,,95209
2025-11-13,mode,0.047289596720789764,0.00553820559182252,,139102
2025-11-13,optimism,1.6007507064810058,0.09370324912602614,,2064355
2025-11-13,scroll,0.1713298653018401,0.044283796754438478,,85250
2025-11-13,soneium,0.314234123192028,0.047646451881950666,,1698754
2025-11-13,starknet,1.9038483574661276,0.429168217934791617,,420967
2025-11-13,taiko,0.47470101528231984,0.210772117817255317,,39446
2025-11-13,unichain,4.2083992803597745,0.0462971107945879,,1228785
2025-11-13,worldchain,0.28740250940994316,0.530897231113022388,,1661198
2025-11-13,zksync_era,0.5403682362722971,0,,36654
2025-11-14,arbitrum,49.06192686608276,0.381602555304925602,,2992486
2025-11-14,base,110.52753066266894,1.689075117853900972,,17147498
2025-11-14,ink,0.4891649608486083,0.01779366107564053,,999432
2025-11-14,linea,2.772539368656965,0.008969323654156305,,131524
2025-11-14,lisk,0.2371721509144634,0.005516169326419108,,100882
2025-11-14,mode,0.057224816339185254,0.006650524863792244,,145471
2025-11-14,optimism,1.7769256161482683,0.097902504849735452,,2120976
2025-11-14,scroll,0.1837065662499231,0.041045100487944427,,98326
2025-11-14,soneium,1.3344729959905897,0.053532562951613856,,2095049
2025-11-14,starknet,2.197280756128283,0.439526007138048311,,429275
2025-11-14,taiko,0.3442046415299908,0.212809674401279211,,39426
2025-11-14,unichain,5.055925597050914,0.053843230383073588,,1395291
2025-11-14,worldchain,0.5808527291730252,0.527047335926867172,,1769795
2025-11-14,zksync_era,0.753185565381088,0,,44220
2025-11-15,arbitrum,8.012691859632792,0.14509427506244069,,1833839
2025-11-15,base,22.994630597031225,1.392716984533339056,,14861041
2025-11-15,ink,0.05921042282177287,0.007626987635694486,,906215
2025-11-15,linea,1.2840349017487092,0.002349070428581142,,75103
2025-11-15,lisk,0.0443825274849475,0.00233027573773992,,77889
2025-11-15,mode,0.009376783348751971,0.00383539496783582,,144233
2025-11-15,optimism,0.686521156945978,0.045672984591018024,,1848324
2025-11-15,scroll,0.14558559989448414,0.024976717093093399,,54213
2025-11-15,soneium,0.09293379280294009,0.025602486215341114,,1367795
2025-11-15,starknet,1.9169866663920807,0.113101149809843316,,381688
2025-11-15,taiko,0.2532033423542224,0.140675197736139433,,32490
2025-11-15,unichain,1.1268876606616898,0.022362856185227662,,904667
2025-11-15,worldchain,0.14079190556031196,0.469599313256243796,,1616053
2025-11-15,zksync_era,0.43757440241401735,0,,29733
2025-11-16,arbitrum,25.58138495999821,0.206385534210516924,,2368705
2025-11-16,base,55.81145657052156,1.607349679954864708,,16533700
2025-11-16,ink,0.119766058650238,0.011943502205534648,,925132
2025-11-16,linea,1.764837085647452,0.00301841579658031,,99421
2025-11-16,lisk,0.051929604356548996,0.00305800795270148,,83283
2025-11-16,mode,0.020482937581264234,0.004740927897267624,,149896
2025-11-16,optimism,1.0129588413071606,0.064064257747824768,,1849872
2025-11-16,scroll,0.13380831228592815,0.030117622080138008,,72837
2025-11-16,soneium,0.49481512528184624,0.041554789766395462,,2268203
2025-11-16,starknet,3.2269536565560557,0.150925799329167616,,454322
2025-11-16,taiko,0.22024264268919796,0.1335296545693257,,30778
2025-11-16,unichain,2.819344971734797,0.035044284071039858,,1075257
2025-11-16,worldchain,0.2384433812863555,0.46867771294084008,,1565665
2025-11-16,zksync_era,0.7226761903053359,0,,40130
2025-11-17,arbitrum,40.532899988658116,0.300461452453975051,,2570614
2025-11-17,base,76.52290024788367,1.546208592783429208,,17057069
2025-11-17,ink,0.29864720683552093,0.01599067633513455,,947027
2025-11-17,linea,1.9436536228216992,0.008408281107991957,,122108
2025-11-17,lisk,0.08614600167050164,0.00445504679382048,,90128
2025-11-17,mode,0.04700966980744645,0.00609791993818,,145124
2025-11-17,optimism,1.8970010675560163,0.096217617834423048,,2018444
2025-11-17,scroll,0.16738621610929633,0.035844320377778711,,87742
2025-11-17,soneium,0.38573479932406524,0.040385159194524604,,1747339
2025-11-17,starknet,3.5157867798984985,0.356528510366511623,,534517
2025-11-17,taiko,0.2604930525870672,0.169855337391728826,,35080
2025-11-17,unichain,2.932033151456453,0.041839743502480848,,1112327
2025-11-17,worldchain,0.29512481853159955,0.50856898136800056,,1645702
2025-11-17,zksync_era,0.5752671458864045,0,,42158
2025-11-18,arbitrum,31.350870416328153,0.78323204041690506,,2636749
2025-11-18,base,75.76408040319234,5.50216904457496019,,18215118
2025-11-18,ink,0.39762867230954474,0.228002602224403466,,849506
2025-11-18,linea,1.9662149522862202,0.020837997013952036,,105801
2025-11-18,lisk,0.0745822408225649,0.005359322681820388,,79979
2025-11-18,mode,0.04836027328594721,0.016003715205407976,,158030
2025-11-18,optimism,1.3585760993013491,0.333990159678803014,,1823686
2025-11-18,scroll,0.45111570924937494,0.05912416926442145,,64142
2025-11-18,soneium,0.7235430469021188,0.147761184885120632,,1154861
2025-11-18,starknet,2.7290590847778,0.36172635324276976,,426032
2025-11-18,taiko,0.20166344512539686,0.182173733121046119,,34521
2025-11-18,unichain,2.624353241234239,0.175347347761789928,,1014015
2025-11-18,worldchain,1.3530493110123105,1.003933694264295624,,1564269
2025-11-18,zksync_era,0.4797586696665038,0,,32512
2025-11-19,arbitrum,28.520738648837437,0.414173746012165863,,2680681
2025-11-19,base,63.948707548279714,2.418199217345107656,,18054106
2025-11-19,ink,0.22292595567381412,0.052742544098922636,,750831
2025-11-19,linea,3.844321359232045,0.007324065630303048,,114353
2025-11-19,lisk,0.08023057744741677,0.01420318969164078,,83014
2025-11-19,mode,0.04295523034757558,0.00826129780468188,,123537
2025-11-19,optimism,1.1487148727545526,0.135780079214635684,,1780576
2025-11-19,scroll,0.23989620764182815,0.050461743794496329,,71983
2025-11-19,soneium,0.27757172062351476,0.056281220642271404,,1292410
2025-11-19,starknet,3.392062465199656,0.407538775239029627,,439649
2025-11-19,taiko,0.3013239648928966,0.197122767136944622,,39614
2025-11-19,unichain,1.7302343829290932,0.061591715501973076,,957324
2025-11-19,worldchain,0.5195082199504666,0.645784773913998192,,1644758
2025-11-19,zksync_era,0.6522114481716987,0,,44339
2025-11-20,arbitrum,39.52889308384384,0.382432835758687135,,2476244
2025-11-20,base,226.6381242817343,1.622232628960102868,,16460780
2025-11-20,ink,0.3851339720182723,0.01384916323962794,,790924
2025-11-20,linea,2.080236613070083,0.009068916264526674,,106297
2025-11-20,lisk,0.08920714975609939,0.004062601418061548,,82494
2025-11-20,mode,0.029741310775311038,0.006921080310899096,,111116
2025-11-20,optimism,2.0186588783876918,0.084557503906016818,,2072827
2025-11-20,scroll,0.18204925251358398,0.049348126144815911,,78758
2025-11-20,soneium,0.6839128631142564,0.042030850195820212,,1629005
2025-11-20,starknet,3.937630432789589,0.403054555350400803,,476785
2025-11-20,taiko,0.21453483989530556,0.197581574211722326,,31296
2025-11-20,unichain,2.074637791645956,0.04425430675865451,,1034346
2025-11-20,worldchain,0.42708403335324363,0.525538371938627724,,1655770
2025-11-20,zksync_era,0.49345660284411036,0,,33169
2025-11-21,arbitrum,96.77633316250295,0.559437869773888276,,3141165
2025-11-21,base,213.14946672208185,1.678140101377963054,,17757379
2025-11-21,ink,0.23558372995436994,0.018384925893868616,,871273
2025-11-21,linea,5.073321449642762,0.016862068761242684,,120905
2025-11-21,lisk,0.1577276016802523,0.005107660437200528,,84407
2025-11-21,mode,0.037346422267666525,0.00678528946823736,,101750
2025-11-21,optimism,5.122457327448281,0.121646373095974404,,2323195
2025-11-21,scroll,0.19861986740112045,0.059812679818484475,,92584
2025-11-21,soneium,1.09999080671407,0.056254895902589282,,1795794
2025-11-21,starknet,4.224757941528363,0.730162934493362443,,558090
2025-11-21,taiko,0.24700167064774284,0.254763737743764108,,35711
2025-11-21,unichain,5.065945321513793,0.06459462483511913,,1518270
2025-11-21,worldchain,2.0396320804620958,0.53114319179196844,,1675005
2025-11-21,zksync_era,0.6860401834241866,0,,39587
2025-11-22,arbitrum,12.293111884933339,0.158015700745447607,,1990031
2025-11-22,base,30.559482791679045,1.282215192307207872,,15692896
2025-11-22,ink,0.20348799305256546,0.007404594483534858,,811414
2025-11-22,linea,1.3726966748033833,0.002807583814685672,,77783
2025-11-22,lisk,0.044660444749295335,0.002319479398252316,,74358
2025-11-22,mode,0.005820425092108715,0.00389020523421048,,96822
2025-11-22,optimism,0.7738812323077793,0.042421150180550194,,1670832
2025-11-22,scroll,0.15199203586297141,0.03353637859364879,,57837
2025-11-22,soneium,0.08035240029080624,0.03802554715471023,,2416879
2025-11-22,starknet,2.3367527507672414,0.126755889023048843,,422228
2025-11-22,taiko,0.19141811232351763,0.140591838476319212,,29444
2025-11-22,unichain,0.6380106597026615,0.023086019485997262,,916824
2025-11-22,worldchain,0.2515998665920645,0.460403566091172092,,1776936
2025-11-22,zksync_era,0.40632326990827633,0,,25707
2025-11-23,arbitrum,12.342995225890762,0.154291809686478292,,1684982
2025-11-23,base,23.745848520202184,1.255992603129109958,,14694804
2025-11-23,ink,0.08265282325227626,0.006799504416674366,,720697
2025-11-23,linea,1.477483975457145,0.002573874947114308,,82228
2025-11-23,lisk,0.05625958081508403,0.002365031526456428,,72860
2025-11-23,mode,0.005662604095103192,0.003870228506722992,,98550
2025-11-23,optimism,0.7711358149057121,0.042685644668060702,,1547680
2025-11-23,scroll,0.1505053945006316,0.027354148110273241,,63362
2025-11-23,soneium,0.0828493687002851,0.033066968846105578,,2046018
2025-11-23,starknet,1.9550667317906896,0.124783335728691465,,413986
2025-11-23,taiko,0.15598214773241145,0.140654816080901704,,30330
2025-11-23,unichain,1.0260632336813726,0.02232166464442023,,882159
2025-11-23,worldchain,0.19535812216041862,0.46026295098518483,,1760032
2025-11-23,zksync_era,0.3638588766034355,0,,25209
2025-11-24,arbitrum,22.648775072598134,0.230003700450371313,,2372275
2025-11-24,base,36.785031369835615,1.429429638423398044,,15772991
2025-11-24,ink,0.09207686263325739,0.008667908980960592,,756994
2025-11-24,linea,1.7163804163694796,0.005197946351266796,,108627
2025-11-24,lisk,0.05568216634937285,0.002710160757084472,,75482
2025-11-24,mode,0.04557700366511208,0.004580638725812784,,106092
2025-11-24,optimism,1.2948141619699631,0.067343164220391888,,1485303
2025-11-24,scroll,0.144180013332233,0.031676355808605538,,69209
2025-11-24,soneium,0.09681080279734045,0.036129847787615688,,2045690
2025-11-24,starknet,2.1642045387044404,0.224054512232611525,,446438
2025-11-24,taiko,0.19870526910455322,0.165704851666546669,,33793
2025-11-24,unichain,1.4372240493759398,0.026348708291746592,,944168
2025-11-24,worldchain,0.24712639035235753,0.492000513301039748,,1805571
2025-11-24,zksync_era,0.40676493961263976,0,,27120
2025-11-25,arbitrum,18.291918254563477,0.255021637593078553,,2958452
2025-11-25,base,30.974498228598087,1.389077318139261,,15111670
2025-11-25,ink,0.07857757970844395,0.007805509626483658,,714615
2025-11-25,linea,1.4275916404992235,0.003960681821599706,,107118
2025-11-25,lisk,0.04898995994044668,0.002874000288919568,,72525
2025-11-25,mode,0.014133231647966784,0.00400429559988072,,116407
2025-11-25,optimism,0.8051228620747652,0.05870692102633433,,1336874
2025-11-25,scroll,0.14882903543099302,0.025766049263620406,,66058
2025-11-25,soneium,0.11820350841586684,0.03186741754872388,,1779684
2025-11-25,starknet,1.6797866850137004,0.2031558796304849,,415744
2025-11-25,taiko,0.16487203488044994,0.137647063101548144,,29122
2025-11-25,unichain,0.698271731801315,0.02313340143000048,,726155
2025-11-25,worldchain,0.2238192489199961,0.463842184506065142,,1694006
2025-11-25,zksync_era,0.4234001712672076,0,,28644
2025-11-26,arbitrum,15.410150541978096,0.196206069951720146,,2675579
2025-11-26,base,30.514027742255504,1.423795262711021058,,15239499
2025-11-26,ink,0.13402898160068766,0.008080422896340022,,774768
2025-11-26,linea,1.3651846963239551,0.002642488991829418,,113041
2025-11-26,lisk,0.029798952390309406,0.002517996959264004,,68165
2025-11-26,mode,0.013252640105158225,0.004219053110260308,,149910
2025-11-26,optimism,0.8462629961928527,0.063187190138194012,,1311764
2025-11-26,scroll,0.14187722405572228,0.025932504410596917,,60339
2025-11-26,soneium,0.07267759344164339,0.024007299505754976,,1161083
2025-11-26,starknet,1.7328074886963127,0.148912638557147581,,362682
2025-11-26,taiko,0.21017629856534928,0.115158331211167369,,30113
2025-11-26,unichain,0.5450473501495554,0.020996646379524256,,677381
2025-11-26,worldchain,0.16917220074789782,0.454547353394028764,,1872748
2025-11-26,zksync_era,0.3154376764418024,0,,23713
2025-11-27,arbitrum,11.76274003842076,0.191727873098044785,,2798686
2025-11-27,base,28.88480883933793,1.42306773132899266,,15653540
2025-11-27,ink,0.09965355944119247,0.00694722170323022,,645431
2025-11-27,linea,1.1953374007007926,0.00210118283208069,,110467
2025-11-27,lisk,0.028930418952692993,0.002203990576641764,,60914
2025-11-27,mode,0.03764671840752914,0.0039365175982581,,167822
2025-11-27,optimism,0.6188533003416666,0.038340943688719356,,1257211
2025-11-27,scroll,0.19900561701275635,0.071302514224195558,,64299
2025-11-27,soneium,0.0845972428314451,0.023762386742762004,,1183951
2025-11-27,starknet,1.3485283899947238,0.115266442935238207,,282051
2025-11-27,taiko,0.14973669421343702,0.105284677545135041,,26294
2025-11-27,unichain,0.37307963572793124,0.019418831167334924,,577387
2025-11-27,worldchain,0.20565074754053492,0.479393605774630568,,1935630
2025-11-27,zksync_era,0.2735448476950965,0,,19023
2025-11-28,arbitrum,19.16773632577522,0.180423721196108206,,2464426
2025-11-28,base,24.63428659717117,1.153702649681803398,,13754918
2025-11-28,ink,0.10162519723834978,0.006953240345961064,,687700
2025-11-28,linea,1.1880955017881845,0.002371049012909092,,115712
2025-11-28,lisk,0.031152188651213594,0.002197169624383344,,68496
2025-11-28,mode,0.01184683656046903,0.00393211371599106,,161666
2025-11-28,optimism,0.6444361399835707,0.036468321143317432,,1706067
2025-11-28,scroll,0.21860850695051232,0.096387371440050419,,74653
2025-11-28,soneium,0.11252841003389756,0.024223449745105364,,1242621
2025-11-28,starknet,1.2285639589058122,0.136794370152054198,,250289
2025-11-28,taiko,0.14877228030754072,0.1108772735185902,,27574
2025-11-28,unichain,0.7252006804095046,0.021305095982242788,,730817
2025-11-28,worldchain,0.2212926711382583,0.518607301461075882,,1992265
2025-11-28,zksync_era,0.25801951400374107,0,,20086
2025-11-29,arbitrum,8.692830499967226,0.150978655905525635,,2254097
2025-11-29,base,14.974465037509248,1.028837449109842534,,12761149
2025-11-29,ink,0.061627899854599155,0.005932071705836878,,616681
2025-11-29,linea,0.8872775270374047,0.004083694010293238,,92097
2025-11-29,lisk,0.1111968669704264,0.002301216325876684,,74895
2025-11-29,mode,0.00469490098010259,0.003822006912032644,,144034
2025-11-29,optimism,0.4523231207330169,0.027684881871581568,,1164545
2025-11-29,scroll,0.1730752653799742,0.057684182671391707,,57088
2025-11-29,soneium,0.09818408442978643,0.022582548945993028,,1172108
2025-11-29,starknet,0.9927040149625127,0.089620469293649723,,231099
2025-11-29,taiko,0.11694275422462806,0.094522444634970676,,24349
2025-11-29,unichain,0.31323248323722974,0.019495604820883806,,639111
2025-11-29,worldchain,0.1440779572187419,0.442910971529200746,,1921742
2025-11-29,zksync_era,0.32075832168881135,0,,18161
2025-11-30,arbitrum,9.5832485827166,0.214522981840880087,,2760139
2025-11-30,base,13.616815294829287,1.054992462881870134,,13142339
2025-11-30,ink,0.06326447605112362,0.00578877547898004,,540811
2025-11-30,linea,0.8640915249656972,0.001728719869020482,,82358
2025-11-30,lisk,0.11192637456617147,0.002178652484425116,,68944
2025-11-30,mode,0.006296424726083247,0.00377437505383038,,157908
2025-11-30,optimism,0.40987639067961956,0.027839034296868398,,1229342
2025-11-30,scroll,0.1605160472295873,0.052778353941643257,,56939
2025-11-30,soneium,0.12961682367739344,0.022667158350953494,,1204515
2025-11-30,starknet,1.0336557181755759,0.098175728760183147,,252595
2025-11-30,taiko,0.12598520604817934,0.081566399370518352,,24966
2025-11-30,unichain,0.24706259546247877,0.01933395411612498,,625409
2025-11-30,worldchain,0.16831727281568581,0.421029334755019446,,1810512
2025-11-30,zksync_era,0.19285848876709644,0,,17409
2025-12-01,arbitrum,33.9147824956609,0.338217743225892162,,3652644
2025-12-01,base,44.86731356005156,1.248273928850587592,,14415026
2025-12-01,ink,0.17803334004195379,0.009160018313311226,,692308
2025-12-01,linea,1.6812385432670849,0.00288222145154206,,117266
2025-12-01,lisk,0.07851804665005192,0.002768310002110812,,70170
2025-12-01,mode,0.02401315905581751,0.004608498178341932,,156001
2025-12-01,optimism,1.088902957706916,0.051199899141066722,,1884783
2025-12-01,scroll,0.2130951069461703,0.054745883816640794,,85330
2025-12-01,soneium,0.15328543033588798,0.030326630066724774,,1366026
2025-12-01,starknet,1.4603873007576782,0.16990942443313252,,291856
2025-12-01,taiko,0.2667988150180952,0.095512126480085856,,31805
2025-12-01,unichain,1.1806013043875652,0.03491207579012392,,969870
2025-12-01,worldchain,0.17900946026005066,0.413007621834035406,,1841225
2025-12-01,zksync_era,4.110585201605183,0,,59884
2025-12-02,arbitrum,23.21584732135762,0.290866140675439448,,3152721
2025-12-02,base,32.54151143870646,1.328325752791591812,,13469211
2025-12-02,ink,0.10677376727050314,0.007700669642054184,,546666
2025-12-02,linea,1.3076349543593582,0.00195834104469115,,101374
2025-12-02,lisk,0.038457184674220594,0.00209748912937784,,50906
2025-12-02,mode,0.015653633975144077,0.004393805824033992,,135674
2025-12-02,optimism,0.9481214191374006,0.03817425351333986,,1406422
2025-12-02,scroll,0.23178548135224725,0.140060102065001195,,115416
2025-12-02,soneium,0.09579644191619058,0.028268450411701318,,1449125
2025-12-02,starknet,1.3819889640203606,0.134904475900707632,,261290
2025-12-02,taiko,0.19242786801842918,0.109394853811762024,,32451
2025-12-02,unichain,0.8306078619303634,0.025709322376358358,,795377
2025-12-02,worldchain,0.22137296155752634,0.446644257704160928,,1866768
2025-12-02,zksync_era,6.448038207505332,0,,79050
2025-12-03,arbitrum,24.488996121441925,0.228507719794393164,,2825001
2025-12-03,base,40.81438507411892,1.383956176934256686,,14480072
2025-12-03,ink,0.15313912458997594,0.011425184746342902,,684598
2025-12-03,linea,1.387230379024446,0.002032825884532641,,111199
2025-12-03,lisk,0.013888292738646389,0.00234785019818404,,70187
2025-12-03,mode,0.026405182541285734,0.004874915026116032,,184690
2025-12-03,optimism,0.8805423087007065,0.04756873172445523,,1594461
2025-12-03,scroll,0.18411221800138744,0.132404635467533204,,73351
2025-12-03,soneium,0.09209970386638956,0.026688054566633348,,1110872
2025-12-03,starknet,1.2942439521506661,0.089552752639530368,,274196
2025-12-03,taiko,0.21483800995500738,0.099300242561960286,,28721
2025-12-03,unichain,1.4015347799743774,0.029922289742962324,,865731
2025-12-03,worldchain,0.2190917273262586,0.4432313299595963,,1767647
2025-12-03,zksync_era,3.040343522551763,0,,47465
2025-12-04,arbitrum,36.762969764363255,5.773526530043084493,,4342112
2025-12-04,base,38.13939448054209,5.110384283468879014,,13997419
2025-12-04,ink,0.22546965835708518,0.01848991368917699,,492425
2025-12-04,linea,1.1883053261298129,0.016748629773260985,,90686
2025-12-04,lisk,0.03257519136265578,0.004279503298746916,,28161
2025-12-04,mode,0.054861881595380815,0.027509956705173364,,222035
2025-12-04,optimism,0.9870815775630687,0.210295711847863078,,1670818
2025-12-04,scroll,0.26915124789041994,0.238706205204020552,,70866
2025-12-04,soneium,0.6890484787896,0.175736460183256916,,1057206
2025-12-04,starknet,1.1243494072307962,0.077829110421727337,,243500
2025-12-04,taiko,0.2565760746883435,0.088836583924611616,,38621
2025-12-04,unichain,16.908442500039968,0.096630180458431962,,654415
2025-12-04,worldchain,2.5717022760500607,1.43956760137259534,,1762043
2025-12-04,zksync_era,0.3279757070671405,0,,24223
2025-12-05,arbitrum,28.743362705126984,0.277486057794406702,,3989851
2025-12-05,base,33.4180374241023,1.182183603201098422,,13390846
2025-12-05,ink,0.10628037447746638,0.006998594541521008,,469831
2025-12-05,linea,1.137194700864753,0.001100359620407313,,93184
2025-12-05,lisk,0.0212423066424592,0.0019483147486904,,36424
2025-12-05,mode,0.016439933285224074,0.00418556982642844,,227970
2025-12-05,optimism,0.6520345364393859,0.036568487843911274,,1796765
2025-12-05,scroll,0.191456460036949,0.039636768673277289,,76421
2025-12-05,soneium,0.14837829320613832,0.022160890584264488,,1129145
2025-12-05,starknet,1.1208545985998943,0.070965494381079684,,231317
2025-12-05,taiko,0.22482426876778003,0.084183063205809648,,34413
2025-12-05,unichain,0.999929683579575,0.020975046453657664,,744229
2025-12-05,worldchain,0.1848654078151243,0.339051404178746828,,1847118
2025-12-05,zksync_era,0.34920177101026356,0,,26081
2025-12-06,arbitrum,8.648971819327668,0.260477305851949238,,3279279
2025-12-06,base,13.66014893849798,1.098375494579444696,,12949637
2025-12-06,ink,0.053696196376573815,0.005509275359356548,,404224
2025-12-06,linea,0.8258432326274087,0.006070570529671211,,70104
2025-12-06,lisk,0.025582245362374422,0.002504702867258792,,115540
2025-12-06,mode,0.007572535277304688,0.003875186515448828,,183656
2025-12-06,optimism,0.4214441301699111,0.031958882709014212,,1620937
2025-12-06,scroll,0.14976340299676444,0.055845690476216334,,54327
2025-12-06,soneium,0.05573790811915086,0.017291978361958508,,834112
2025-12-06,starknet,0.8442138757545249,0.055223171318843527,,218238
2025-12-06,taiko,0.1536207883673232,0.087480297187659422,,32195
2025-12-06,unichain,0.24403839921670273,0.018668327442157776,,524559
2025-12-06,worldchain,0.1581655939235747,0.209280074968196604,,1870688
2025-12-06,zksync_era,0.1720803755095126,0,,15299
2025-12-07,arbitrum,19.034574822659987,0.374632523701090097,,3953597
2025-12-07,base,33.06057188957746,1.2058821577897907,,12821903
2025-12-07,ink,0.09045760520152633,0.010100141919514126,,428143
2025-12-07,linea,1.0771640736975703,0.00394143925424116,,78851
2025-12-07,lisk,0.02909361292555261,0.003004366891326376,,60453
2025-12-07,mode,0.034195109789924835,0.00524529582682828,,131952
2025-12-07,optimism,0.8069085333195363,0.038517796434348752,,1126948
2025-12-07,scroll,0.17117403112601978,0.063209299785694386,,64042
2025-12-07,soneium,0.13074265915428857,0.020805255810777946,,713472
2025-12-07,starknet,1.1316963656630037,0.193152692276055903,,246609
2025-12-07,taiko,0.14892573706805,0.111451551950472679,,37167
2025-12-07,unichain,1.534082624012122,0.028428745626401966,,631390
2025-12-07,worldchain,0.24427563886812975,0.260282426001350168,,1776051
2025-12-07,zksync_era,0.36657900666412135,0,,22135
2025-12-08,arbitrum,16.051071076132608,0.325904369149132692,,3968299
2025-12-08,base,32.50825105209319,1.274425154525892772,,13772082
2025-12-08,ink,0.11630499564982133,0.008779459328737846,,444092
2025-12-08,linea,1.0965877810127727,0.005352272086967985,,82774
2025-12-08,lisk,0.020305750400688036,0.002752861991117896,,60281
2025-12-08,mode,0.030190738109628898,0.004745954816652472,,79076
2025-12-08,optimism,0.7414888399181863,0.037386021588166816,,1233481
2025-12-08,scroll,0.19290976032375218,0.033281740820391951,,68167
2025-12-08,soneium,0.146167571429737,0.022687698829246746,,909664
2025-12-08,starknet,1.04501751800313,0.20891919536308617,,245220
2025-12-08,taiko,0.18769865658928717,0.113008896704769909,,39157
2025-12-08,unichain,0.7445348701415648,0.0263011358119721,,673115
2025-12-08,worldchain,0.2960848459031763,0.259603632422289998,,1769729
2025-12-08,zksync_era,0.4858685829507524,0,,27327
2025-12-09,arbitrum,19.730919789747837,0.277273481267407404,,3597141
2025-12-09,base,32.53118459705748,1.333982817208027004,,12733473
2025-12-09,ink,0.12322910793618999,0.008349391063476376,,474666
2025-12-09,linea,2.831949908178484,0.004299235306004713,,75428
2025-12-09,lisk,0.026989270923941613,0.002615272962181432,,65552
2025-12-09,mode,0.0432397067117332,0.004620814850754276,,113905
2025-12-09,optimism,0.6543250351167076,0.037744904983971604,,1416727
2025-12-09,scroll,0.15928004609446064,0.034965410002654501,,71595
2025-12-09,soneium,0.14059055213533062,0.02526355015870609,,1183962
2025-12-09,starknet,1.0699531243115792,0.17395302821498712,,263578
2025-12-09,taiko,0.23035567876220925,0.109666777539760371,,40467
2025-12-09,unichain,0.9075694497272929,0.02618943136968931,,742285
2025-12-09,worldchain,0.3494850118298229,0.255920396620010846,,1847988
2025-12-09,zksync_era,0.41222332758509134,0,,29333
2025-12-10,arbitrum,28.157930625986282,0.248316011168137022,,3630724
2025-12-10,base,41.10152329222693,1.265705046379006996,,12848016
2025-12-10,ink,0.208166132580418,0.007849519359561796,,476142
2025-12-10,linea,1.1336840915500324,0.003169711473680254,,81219
2025-12-10,lisk,0.01723121063056446,0.002434579826275636,,66094
2025-12-10,mode,0.014840752874511965,0.004271470612964928,,95113
2025-12-10,optimism,0.7900445846082012,0.036052254015389328,,1488972
2025-12-10,scroll,0.22430772980127167,0.033417068099354306,,77485
2025-12-10,soneium,0.3361341771168296,0.033319724178792036,,1812557
2025-12-10,starknet,2.65174585483957,0.126865359403278333,,266651
2025-12-10,taiko,0.18465130707428715,0.106352032336891924,,38636
2025-12-10,unichain,1.9035777835446916,0.023408256644348132,,760292
2025-12-10,worldchain,0.30720814940093655,0.243242815388344626,,1801700
2025-12-10,zksync_era,0.31603357587112696,0,,24903
2025-12-11,arbitrum,14.299792396128307,0.239842419519654557,,3606368
2025-12-11,base,32.902300326143575,1.32685515286150388,,13998903
2025-12-11,ink,0.11355274228499257,0.007343688123706426,,491711
2025-12-11,linea,9.676501146470738,0.001006495779289208,,83597
2025-12-11,lisk,0.040344298498495426,0.002498025312034948,,72572
2025-12-11,mode,0.014595572902311215,0.004089559312601024,,90438
2025-12-11,optimism,0.6359301865293194,0.036376100885584742,,1665754
2025-12-11,scroll,0.17988689330497032,0.042409115440434486,,72213
2025-12-11,soneium,0.20464193360858488,0.02717753357247172,,1446236
2025-12-11,starknet,3.0440251060287795,0.123034809428886985,,258427
2025-12-11,taiko,0.1605500841735563,0.106556911683185287,,37174
2025-12-11,unichain,0.8648596755224586,0.02243494463410849,,716451
2025-12-11,worldchain,0.26845508879902474,0.221880535114615752,,1786610
2025-12-11,zksync_era,0.3445246164286829,0,,22533
2025-12-12,arbitrum,16.37725149716412,0.196476014760385035,,2915873
2025-12-12,base,30.108340475388477,1.291942256196776632,,14321326
2025-12-12,ink,0.10659253311678171,0.006765239492388358,,454263
2025-12-12,linea,1.1035087274391346,0.031490613923083085,,78689
2025-12-12,lisk,0.01960191678584946,0.002337050093772676,,72602
2025-12-12,mode,0.016762949433223054,0.003927279923054656,,83729
2025-12-12,optimism,0.559582856720567,0.03495591462106182,,1681231
2025-12-12,scroll,0.17925746728233516,0.071774496727869426,,69714
2025-12-12,soneium,0.2033627262016754,0.027282416706934634,,1564681
2025-12-12,starknet,2.869227200817546,0.101538759344578249,,232496
2025-12-12,taiko,0.2482425154825804,0.10663380835969466,,96680
2025-12-12,unichain,0.7242272380800774,0.021373451647009652,,673328
2025-12-12,worldchain,0.23507702994937163,0.236183000048626476,,1884500
2025-12-12,zksync_era,0.34150117050383016,0,,21887
2025-12-13,arbitrum,6.3191663036697125,0.164482430987516702,,2765939
2025-12-13,base,11.226005150662033,1.066443252169632076,,11382824
2025-12-13,ink,0.15292870385998336,0.005901849909944206,,411883
2025-12-13,linea,0.7146824548689557,0.003771887109546018,,78395
2025-12-13,lisk,0.012007612445400214,0.002091765500546864,,61113
2025-12-13,mode,0.007471198664281137,0.003788508053447256,,82521
2025-12-13,optimism,0.33795999529782467,0.030954262476390852,,1507952
2025-12-13,scroll,0.15132450670546974,0.082180480966905285,,66604
2025-12-13,soneium,0.10956603097150655,0.02580383973202528,,1540568
2025-12-13,starknet,2.305530802082786,0.056786468334380826,,233308
2025-12-13,taiko,0.22736515605675078,0.109111514347149998,,90663
2025-12-13,unichain,0.1278306749222255,0.018851019096213784,,461331
2025-12-13,worldchain,0.17095906819203716,0.213349037758587348,,1867847
2025-12-13,zksync_era,0.23248259735889168,0,,28898
2025-12-14,arbitrum,8.803117701550622,0.133653320138811681,,2026784
2025-12-14,base,21.43451794465441,1.166687008286328732,,12395695
2025-12-14,ink,0.1134188172310503,0.006451706205378498,,429410
2025-12-14,linea,0.9242766769019218,0.001920166397501948,,114219
2025-12-14,lisk,0.012907024211399193,0.002122020680763292,,56347
2025-12-14,mode,0.006193130243189549,0.003855124723340388,,83149
2025-12-14,optimism,0.66156698795147,0.032942038223582088,,1710004
2025-12-14,scroll,0.15839144020893212,0.071732989286897848,,60212
2025-12-14,soneium,0.10850738176665663,0.024502948442550244,,1423649
2025-12-14,starknet,2.6141225208274017,0.063546207761557968,,237319
2025-12-14,taiko,0.3329279720745647,0.104141897609431046,,82501
2025-12-14,unichain,0.42337211830929167,0.020836430004988446,,670001
2025-12-14,worldchain,0.21214061019573666,0.215026293533264794,,1850377
2025-12-14,zksync_era,0.23068584187151853,0,,18987
2025-12-15,arbitrum,25.813872066854444,0.216927659917189708,,3285942
2025-12-15,base,35.45562587523957,1.073717228558691278,,13989243
2025-12-15,ink,0.11490071848850528,0.007663978847655014,,462648
2025-12-15,linea,1.3501977915305463,0.002993958558997868,,135563
2025-12-15,lisk,0.03039508839708623,0.00226195638109124,,60098
2025-12-15,mode,0.014662458847466113,0.003976116813175868,,93166
2025-12-15,optimism,1.5895070167191392,0.039952347149143308,,2002137
2025-12-15,scroll,0.18083827882359452,0.073091443666462912,,76663
2025-12-15,soneium,0.15059226073179627,0.02449220490364265,,1359433
2025-12-15,starknet,3.4587768150047644,0.086273893497194764,,267274
2025-12-15,taiko,0.29036215449299796,0.109059877060815338,,46315
2025-12-15,unichain,0.8430828426314878,0.024978830667635944,,908977
2025-12-15,worldchain,0.313557617383658,0.228095830255230544,,1931213
2025-12-15,zksync_era,6.4081871726532675,0,,81793
2025-12-16,arbitrum,15.514560678121507,0.203839583683884104,,3254974
2025-12-16,base,36.061318711641384,0.19168419896014437,,14109539
2025-12-16,ink,0.12401811952978774,0.006817192751829546,,437978
2025-12-16,linea,1.0379950087382952,0.001858959485910388,,92476
2025-12-16,lisk,0.023469783984946663,0.00225274281408822,,60458
2025-12-16,mode,0.021202279811672452,0.003858784036383328,,102969
2025-12-16,optimism,0.7864222331217678,0.039776307768300704,,2231342
2025-12-16,scroll,0.14678079021487833,0.073234545826602573,,70110
2025-12-16,soneium,0.11537164386000733,0.02333068867212332,,1309471
2025-12-16,starknet,3.210131753475846,0.077332890871974248,,290068
2025-12-16,taiko,0.10717434475840704,0.103636233823435408,,26438
2025-12-16,unichain,0.5518557384364373,0.022905061383097504,,880753
2025-12-16,worldchain,1.7570007184756613,0.22174401199562962,,1910376
2025-12-16,zksync_era,6.2565177954833375,0,,86938
2025-12-17,arbitrum,27.094507543932643,0.182245126892486161,,2652143
2025-12-17,base,50.18335700166401,0.202051337664919176,,14832495
2025-12-17,ink,0.12002419520856784,0.007081065487616972,,454122
2025-12-17,linea,1.076673863615923,0.002015316417820265,,89551
2025-12-17,lisk,0.015137244534554993,0.002011288221177212,,39389
2025-12-17,mode,0.014692275293767144,0.003874071849410284,,93713
2025-12-17,optimism,0.8839329623723359,0.042310633908480502,,2135161
2025-12-17,scroll,0.16112751397720074,0.073330175700136127,,73571
2025-12-17,soneium,0.31967463667393436,0.021485754960934258,,1112458
2025-12-17,starknet,3.4159908545979185,0.077928136542527345,,264935
2025-12-17,taiko,0.12944806750203194,0.109972524400257312,,32589
2025-12-17,unichain,0.7910837648879849,0.024896010876713086,,959826
2025-12-17,worldchain,0.2340057501549887,0.238871189750542494,,1749449
2025-12-17,zksync_era,6.350702925296474,0,,79199
2025-12-18,arbitrum,23.72187898437028,0.19129431046638198,,2798731
2025-12-18,base,60.96903478273083,0.201380724902068866,,14275995
2025-12-18,ink,0.17418921182165978,0.00684316604695093,,475788
2025-12-18,linea,1.2569285468122013,0.001685145934257319,,88836
2025-12-18,lisk,0.03021542571491905,0.001941066591392608,,32552
2025-12-18,mode,0.010424935993581933,0.00343661620991908,,98074
2025-12-18,optimism,1.0120475572361571,0.044221821603349674,,2120505
2025-12-18,scroll,0.17369548950742963,0.078521722413044999,,80478
2025-12-18,soneium,0.19321215643547812,0.02312190590940216,,1181877
2025-12-18,starknet,3.254237322913969,0.071831245373557791,,264107
2025-12-18,taiko,0.12895666821726007,0.110621593617651629,,32482
2025-12-18,unichain,0.868017626636382,0.025203506361758062,,996424
2025-12-18,worldchain,0.2241696135627106,0.199234164003573106,,1830754
2025-12-18,zksync_era,1.0909239057307423,0,,32238
2025-12-19,arbitrum,16.4941664987248,0.184379676939697385,,2607186
2025-12-19,base,44.26459592673003,0.213716642171589248,,14032432
2025-12-19,ink,0.11918154264681263,0.007096413655465634,,450955
2025-12-19,linea,0.9080672679478579,0.001736133230522622,,78141
2025-12-19,lisk,0.04882118146088751,0.0018185843035758,,24196
2025-12-19,mode,0.015259807742961795,0.004028272454201972,,94136
2025-12-19,optimism,0.9119307155395879,0.041541858606851446,,1899570
2025-12-19,scroll,0.18202828466620619,0.087921118247502285,,75094
2025-12-19,soneium,0.14048242212087342,0.025458288748702908,,1309916
2025-12-19,starknet,2.4426350912925026,0.081316898887034232,,243303
2025-12-19,taiko,0.11251508362829472,0.124970129705182161,,32201
2025-12-19,unichain,0.7263315951822943,0.02473566422171234,,902244
2025-12-19,worldchain,0.1994010720916899,0.20418248080005122,,1754654
2025-12-19,zksync_era,0.30648076067602814,0,,21188
2025-12-20,arbitrum,4.999777299819112,0.128547783426635571,,1717963
2025-12-20,base,17.471286840079735,0.154426134287556666,,10358559
2025-12-20,ink,0.03337787695614362,0.00496317753863512,,367498
2025-12-20,linea,0.6327564637772105,0.001372848698153977,,65349
2025-12-20,lisk,0.01465262871819228,0.001811868099356024,,17645
2025-12-20,mode,0.0038009958757724864,0.003759552809988444,,90809
2025-12-20,optimism,0.5722617912364923,0.033918590910471416,,1614668
2025-12-20,scroll,0.14617672462358214,0.044542042460209068,,52883
2025-12-20,soneium,0.06747579417636766,0.021235084193484116,,1070992
2025-12-20,starknet,1.3245228098672106,0.054027177563276043,,189025
2025-12-20,taiko,0.08625768319270358,0.113292833265000273,,29544
2025-12-20,unichain,0.2156781124355518,0.01973543763489676,,662117
2025-12-20,worldchain,0.19169872293679174,0.19032533504966499,,1757366
2025-12-20,zksync_era,0.17023686476773947,0,,15700
2025-12-21,arbitrum,6.895832684898899,0.158316387734154346,,1955058
2025-12-21,base,19.48337698563165,0.164154669803786258,,11330700
2025-12-21,ink,0.07357672737901826,0.005546941502270958,,409531
2025-12-21,linea,0.6670220523420256,0.001562225253641361,,67727
2025-12-21,lisk,0.008286760873714345,0.001730666671326588,,13243
2025-12-21,mode,0.004499926581458239,0.003853070116694932,,94639
2025-12-21,optimism,0.5073960826015944,0.031748184296897152,,1503855
2025-12-21,scroll,0.13978082423990648,0.056480699852593003,,55581
2025-12-21,soneium,0.11465064268316771,0.0233975814945857,,1192007
2025-12-21,starknet,1.3753230982108142,0.050846245979420618,,196495
2025-12-21,taiko,0.09978282383427883,0.117545860176001921,,29790
2025-12-21,unichain,0.17474965308971038,0.020256692706006206,,698456
2025-12-21,worldchain,0.15275082854386396,0.185278640927361334,,1725283
2025-12-21,zksync_era,0.18705481905658122,0,,17147
2025-12-22,arbitrum,14.989978329527652,0.199297878020067,,2493902
2025-12-22,base,34.63552572932666,0.176196736234400202,,12829553
2025-12-22,ink,0.09303732406134535,0.005948816273222246,,452169
2025-12-22,linea,0.8441200059622208,0.001437516645276148,,82966
2025-12-22,lisk,0.016504650365215805,0.001868557601680512,,32710
2025-12-22,mode,0.00655502443367191,0.003822349975585236,,94394
2025-12-22,optimism,0.6039317767876126,0.033916055896226472,,1678024
2025-12-22,scroll,0.17563095406620097,0.069475109733398953,,69413
2025-12-22,soneium,0.302400668947736,0.024898347437993632,,1302033
2025-12-22,starknet,1.7078025626559954,0.063554940659759817,,217456
2025-12-22,taiko,0.10941920077908546,0.110987357695933946,,30596
2025-12-22,unichain,0.5982058377056672,0.021742034182661284,,806061
2025-12-22,worldchain,0.2130751431630622,0.19659107833541996,,1788796
2025-12-22,zksync_era,0.33075961603250026,0,,24983
2025-12-23,arbitrum,16.167541965326134,0.228030165601015117,,2635205
2025-12-23,base,26.344728478658258,0.165913409007147286,,11772986
2025-12-23,ink,0.09470956818030843,0.00630504150908117,,412776
2025-12-23,linea,0.8148853785065757,0.005731375295554456,,85851
2025-12-23,lisk,0.0596852445707619,0.002069089960444096,,62698
2025-12-23,mode,0.005342923836329216,0.003800373465898236,,95860
2025-12-23,optimism,0.6597395740958172,0.034475393619449372,,1756973
2025-12-23,scroll,0.1552156948783503,0.055621743611318334,,71022
2025-12-23,soneium,0.18124365424407513,0.02461528355104362,,1265633
2025-12-23,starknet,1.6225227649196816,0.064667651807505907,,227719
2025-12-23,taiko,0.09623106893224383,0.111646812325678911,,30066
2025-12-23,unichain,0.3633139673417237,0.021501690129485078,,773579
2025-12-23,worldchain,0.18111775418579731,0.203901295578123056,,1791891
2025-12-23,zksync_era,0.27832884010399156,0,,21192
2025-12-24,arbitrum,36.56045630817906,0.234550106804025089,,2531844
2025-12-24,base,19.248663204349327,0.154870767990917748,,10553360
2025-12-24,ink,0.06975199610408794,0.005518147263448566,,417676
2025-12-24,linea,0.7195594314795587,0.001249641369016514,,73686
2025-12-24,lisk,0.007977439393973064,0.002084040927205728,,59471
2025-12-24,mode,0.004161869872822674,0.003829208327846516,,87973
2025-12-24,optimism,0.7805159683157574,0.03689998788406372,,1876528
2025-12-24,scroll,0.14122170196428754,0.054550149652099968,,52005
2025-12-24,soneium,0.18528380620666873,0.026308421273038886,,1406521
2025-12-24,starknet,1.4826779276087654,0.059538868404753451,,189840
2025-12-24,taiko,0.0921570152881642,0.115377617472388906,,29765
2025-12-24,unichain,0.2096578869456585,0.020539365885297268,,703069
2025-12-24,worldchain,0.20127221228161626,0.183938479982146948,,1711299
2025-12-24,zksync_era,0.22065530878538597,0,,16390
2025-12-25,arbitrum,81.85244622553144,0.187248676505557232,,2119018
2025-12-25,base,19.151156857477226,0.14996443905928633,,10399217
2025-12-25,ink,0.06147200307694295,0.005313147013092154,,395050
2025-12-25,linea,0.6824660675717861,0.001188092554663112,,74469
2025-12-25,lisk,0.01215049185514835,0.001951334635356148,,47446
2025-12-25,mode,0.004235431715432898,0.003775786102484812,,75318
2025-12-25,optimism,0.6542203757090135,0.040207799006859068,,2213147
2025-12-25,scroll,0.11622582739854113,0.058361039761810166,,43117
2025-12-25,soneium,0.07775588147307493,0.02215299766705006,,1111869
2025-12-25,starknet,1.4896691096441432,0.058384898531149544,,198983
2025-12-25,taiko,0.09195559928565669,0.113010105773743783,,29307
2025-12-25,unichain,0.12552592280687627,0.01853564805904483,,554716
2025-12-25,worldchain,0.1369145359821706,0.17517286434007165,,1644152
2025-12-25,zksync_era,0.19468434156748807,0,,17754
2025-12-26,arbitrum,11.300143203649649,0.158932147529731413,,2227882
2025-12-26,base,19.248331761445957,0.159436513953578468,,10241451
2025-12-26,ink,0.07611068079436611,0.005769812331256748,,424281
2025-12-26,linea,0.8169295798419081,0.001474253504490201,,82353
2025-12-26,lisk,0.010665760651241163,0.001997454847276248,,43716
2025-12-26,mode,0.008153891871863491,0.003817270731165796,,75933
2025-12-26,optimism,0.510483266219576,0.039351271265107834,,1891274
2025-12-26,scroll,0.12969775955011648,0.039203025235821108,,51810
2025-12-26,soneium,0.19513511240488762,0.020960655148749426,,944163
2025-12-26,starknet,1.6497590547008985,0.072284437601799098,,213391
2025-12-26,taiko,0.09770527762561354,0.118652040320014956,,29993
2025-12-26,unichain,0.26441255656366464,0.02044411710452907,,626452
2025-12-26,worldchain,0.1575511258327084,0.189160354466766542,,1669667
2025-12-26,zksync_era,0.23772403184046065,0,,18516
2025-12-27,arbitrum,4.744229686106413,0.125423311181085947,,1755193
2025-12-27,base,12.140421406685839,0.13677693233692208,,9140186
2025-12-27,ink,0.055232658245643995,0.005346892810533544,,408397
2025-12-27,linea,0.5425412825122145,0.001505944607017901,,68551
2025-12-27,lisk,0.014537077977992585,0.001861898503831796,,39166
2025-12-27,mode,0.004313199053270753,0.003807053605541472,,74209
2025-12-27,optimism,0.43134289772990997,0.03061112097014176,,1466078
2025-12-27,scroll,0.1350320879505364,0.043614253643650154,,45809
2025-12-27,soneium,0.16810941718805023,0.021078902699247662,,1034562
2025-12-27,starknet,1.6244852553326687,0.078743443310139478,,200839
2025-12-27,taiko,0.09812252376490986,0.125586148268959113,,64425
2025-12-27,unichain,0.06091874337354146,0.018834703764611306,,517226
2025-12-27,worldchain,0.18231208044829697,0.187930452302910388,,1673398
2025-12-27,zksync_era,0.21865755586155267,0,,17031
2025-12-28,arbitrum,4.524481756058348,0.126230825483258492,,1808721
2025-12-28,base,21.082885083202733,0.143054144768662008,,9657515
2025-12-28,ink,0.04872513554022489,0.00542807798440008,,404920
2025-12-28,linea,0.5922602384059887,0.00139834351573346,,72151
2025-12-28,lisk,0.005412777566610129,0.001861893695379404,,37414
2025-12-28,mode,0.0077429597141905285,0.003765271520477436,,78725
2025-12-28,optimism,0.36809008538768606,0.032218306579146262,,1638842
2025-12-28,scroll,0.11204620044088534,0.035266042744086402,,42621
2025-12-28,soneium,0.06303191266283076,0.021182107660034308,,1039440
2025-12-28,starknet,1.6622846912603435,0.064338427175589545,,195552
2025-12-28,taiko,0.0802578852369285,0.11810293138657546,,33955
2025-12-28,unichain,0.10651187045690022,0.019352960089360578,,599313
2025-12-28,worldchain,0.24915763875682195,0.20672168963990223,,1773407
2025-12-28,zksync_era,0.17990128142416414,0,,16968
2025-12-29,arbitrum,10.485936118405274,0.176715776472919253,,2413075
2025-12-29,base,39.891089012904345,0.16925932514815823,,11269639
2025-12-29,ink,0.10571757022299985,0.00630617714439078,,428582
2025-12-29,linea,0.8169957871307583,0.001869011630554991,,93077
2025-12-29,lisk,0.013851298922604628,0.001920955585110412,,38347
2025-12-29,mode,0.033094987035246624,0.00393543288098348,,90163
2025-12-29,optimism,0.6519103485583024,0.036563259010064902,,1787103
2025-12-29,scroll,0.1539214621492149,0.05865316986722823,,60547
2025-12-29,soneium,0.08648781195874577,0.02077939606388789,,911589
2025-12-29,starknet,1.6911166769858057,0.092755351585169036,,201769
2025-12-29,taiko,0.12683039388898645,0.120195243789865422,,52220
2025-12-29,unichain,0.4954999658443603,0.02242053751771815,,812715
2025-12-29,worldchain,0.18077281837836745,0.192138581889921066,,1658586
2025-12-29,zksync_era,0.28363969579152004,0,,19706
2025-12-30,arbitrum,8.951411344675174,0.176977006394736944,,2470090
2025-12-30,base,28.222815473363447,0.160199876305684144,,10927110
2025-12-30,ink,0.09905073951849198,0.006571235998100412,,446376
2025-12-30,linea,0.970057803179952,0.001633076535258296,,101883
2025-12-30,lisk,0.01457267976303991,0.00186625775763562,,33768
2025-12-30,mode,0.0065730357712611475,0.003933997689757984,,76907
2025-12-30,optimism,0.5889100658189129,0.034236941892467422,,1694555
2025-12-30,scroll,0.15019289625501184,0.059649951092850636,,54259
2025-12-30,soneium,0.07753464669641025,0.020359848241771618,,922654
2025-12-30,starknet,1.7533182886564411,0.083745387648324725,,213661
2025-12-30,taiko,0.11016250876658835,0.111126038123838974,,47918
2025-12-30,unichain,0.3095356750139844,0.02089095134909919,,698600
2025-12-30,worldchain,0.1680404338457086,0.18134837180627193,,1622120
2025-12-30,zksync_era,0.23958448107978148,0,,20153
2025-12-31,arbitrum,6.835151188494709,0.170091449418464571,,2318601
2025-12-31,base,19.999235962206804,0.16337549755745736,,11266239
2025-12-31,ink,0.09860803333427445,0.006450951362387176,,446915
2025-12-31,linea,0.7245139083429047,0.001642573726697433,,98211
2025-12-31,lisk,0.006841727995584711,0.001912445220524616,,30276
2025-12-31,mode,0.017648097767248707,0.003927835274874128,,82969
2025-12-31,optimism,0.6010367213983836,0.038482364367327962,,2118907
2025-12-31,scroll,0.1498095208276972,0.076210150605813031,,63810
2025-12-31,soneium,0.061005839036838205,0.01950738896627824,,839043
2025-12-31,starknet,1.5903216365332764,0.085284133969173558,,182885
2025-12-31,taiko,0.10588437723164512,0.103309649007081799,,33332
2025-12-31,unichain,0.1528157502678262,0.020109140912041388,,599772
2025-12-31,worldchain,0.1451825344677323,0.17003310491396678,,1591712
2025-12-31,zksync_era,0.23073812190303333,0,,18791
2026-01-01,arbitrum,4.513196953047882,0.135801800942924371,,1911168
2026-01-01,base,15.228042871030693,0.150993651847628702,,10600159
2026-01-01,ink,0.10215133339884228,0.005686778351347574,,420361
2026-01-01,linea,0.6109214843911552,0.001228835457142653,,96669
2026-01-01,lisk,0.004178388558004858,0.001899519755392648,,28478
2026-01-01,mode,0.010591776195167109,0.003864356598572376,,80966
2026-01-01,optimism,0.7169671788241128,0.036677705339994432,,2136534
2026-01-01,scroll,0.12760666280415764,0.063582950035947072,,94709
2026-01-01,soneium,0.05392415746782579,0.018785295293500936,,818303
2026-01-01,starknet,1.4853598354763757,0.062635221508133056,,176088
2026-01-01,taiko,0.09046056853749616,0.100224506215085918,,35563
2026-01-01,unichain,0.06053650784759038,0.019159091467138138,,547457
2026-01-01,worldchain,0.12276796368656673,0.16085054479697265,,1575160
2026-01-01,zksync_era,0.18840660872332188,0,,15897
2026-01-02,arbitrum,9.583583718459494,0.174010062280277225,,2357879
2026-01-02,base,34.35643593055862,0.165208770542253226,,10652438
2026-01-02,ink,0.1442597495425396,0.007147084004143252,,450154
2026-01-02,linea,0.8600968517794753,0.002311934968122268,,123303
2026-01-02,lisk,0.01071910813298013,0.001892863982107096,,27962
2026-01-02,mode,0.01066123498718174,0.003924076525810936,,76134
2026-01-02,optimism,0.6686373461584814,0.037822212395942904,,1940134
2026-01-02,scroll,0.14211503690114521,0.069052616339771672,,58754
2026-01-02,soneium,0.10031136802853388,0.025088295586805514,,1279811
2026-01-02,starknet,2.276000306628118,0.098826302678984665,,308729
2026-01-02,taiko,0.11088232915200426,0.112438514180308059,,31308
2026-01-02,unichain,0.49388154522764394,0.021239655600584542,,668264
2026-01-02,worldchain,0.19253019122157514,0.185144440516986664,,1681981
2026-01-02,zksync_era,0.35286045802269134,0,,21924
2026-01-03,arbitrum,4.513151291168826,0.141233499273788281,,1874605
2026-01-03,base,26.386315506126977,0.142957473158495654,,9153115
2026-01-03,ink,0.09215905287122671,0.006088784512298714,,401908
2026-01-03,linea,0.7012574554084213,0.00188731926132571,,123854
2026-01-03,lisk,0.004894951565159081,0.001794286705034896,,23238
2026-01-03,mode,0.004343875654286681,0.003920219086622908,,72813
2026-01-03,optimism,0.44492030455570775,0.03629935087362403,,1797718
2026-01-03,scroll,0.14798045743590843,0.065590231516964763,,45484
2026-01-03,soneium,0.09301616172221333,0.02368843962849351,,1283639
2026-01-03,starknet,2.0167029157471803,0.078726285889062833,,303717
2026-01-03,taiko,0.09100057493555011,0.119657280883368878,,29297
2026-01-03,unichain,0.10221124384268085,0.018645988032718476,,462789
2026-01-03,worldchain,0.16562670330365387,0.194702054881137886,,1802170
2026-01-03,zksync_era,0.2299974190282,0,,17181
2026-01-04,arbitrum,5.235329647624278,0.157494145535104443,,2169896
2026-01-04,base,34.262263806466194,0.152046858160080274,,9497596
2026-01-04,ink,0.06162024037258225,0.005747361680021412,,352537
2026-01-04,linea,0.7650146696949482,0.001930818135291222,,128127
2026-01-04,lisk,0.019668826083163594,0.00183779442399218,,22752
2026-01-04,mode,0.009872871929497581,0.003817562793600684,,72880
2026-01-04,optimism,0.48416045002878716,0.033909860027459394,,1805104
2026-01-04,scroll,0.14575339327003073,0.080049222962649333,,49582
2026-01-04,soneium,0.14270810967850667,0.02593113297849931,,1422796
2026-01-04,starknet,2.2771437697648365,0.07874632417177846,,247174
2026-01-04,taiko,0.15211145630638928,0.11625137195836835,,29935
2026-01-04,unichain,0.17469851586632748,0.019108444036491134,,496287
2026-01-04,worldchain,0.18895476265847,0.19281754940775847,,1800981
2026-01-04,zksync_era,0.2515861472573991,0,,19324
2026-01-05,arbitrum,8.986924963789269,0.200473312512193178,,2611253
2026-01-05,base,47.25394329572352,0.166596423814005188,,10699052
2026-01-05,ink,0.11739380591163952,0.007078961564200162,,383917
2026-01-05,linea,0.9819575022227087,0.002847372887355429,,152719
2026-01-05,lisk,0.06598534742610437,0.001973266017139108,,23148
2026-01-05,mode,0.013121334759713568,0.004059038282290604,,74865
2026-01-05,optimism,0.760343462786637,0.039807135582835372,,2080243
2026-01-05,scroll,0.13799854086540542,0.029034927496394365,,68177
2026-01-05,soneium,0.19240976639856788,0.027158481283925044,,1388914
2026-01-05,starknet,2.532573823134573,0.11019502783233959,,210498
2026-01-05,taiko,0.15592152485679173,0.123042697578272779,,31649
2026-01-05,unichain,0.47248616644542685,0.022988255793764572,,774720
2026-01-05,worldchain,0.2159797634066265,0.208663504838523936,,1815735
2026-01-05,zksync_era,0.3292799663353839,0,,22803
2026-01-06,arbitrum,10.70987547666962,0.209267938413247786,,2486608
2026-01-06,base,42.75989505455589,0.188386618241584958,,10546304
2026-01-06,ink,0.14720814657217712,0.007488547889858468,,374987
2026-01-06,linea,1.0486095171961984,0.003464239438352199,,190542
2026-01-06,lisk,0.014242051399307676,0.002078139373369608,,27011
2026-01-06,mode,0.013909399628280698,0.00419568987657656,,70957
2026-01-06,optimism,0.7771769828250619,0.046281729985912948,,2294046
2026-01-06,scroll,0.14182687960435253,0.028150333022296281,,66405
2026-01-06,soneium,0.10410058075172848,0.02701199235886685,,1289823
2026-01-06,starknet,2.634323836067448,0.229055400726713553,,270297
2026-01-06,taiko,0.11598847496016383,0.126845053612912957,,31780
2026-01-06,unichain,0.4919122587575558,0.025738025204574698,,619461
2026-01-06,worldchain,0.24620333066553274,0.219517215890600622,,1757057
2026-01-06,zksync_era,0.726384773851533,0,,39843
2026-01-07,arbitrum,9.105174128101412,0.164452316745965243,,2521925
2026-01-07,base,36.1848090309392,0.160134662385883382,,10058436
2026-01-07,ink,0.11111103887526254,0.007248545885548828,,380494
2026-01-07,linea,1.106064265170862,0.003405804567120469,,221987
2026-01-07,lisk,0.030744652736353593,0.001977019248702704,,25591
2026-01-07,mode,0.006024205629041168,0.004014774664735148,,74097
2026-01-07,optimism,0.788045922721029,0.045035874181525212,,2255498
2026-01-07,scroll,0.1210916046637093,0.025394117340375845,,55453
2026-01-07,soneium,0.126555690476646,0.026110658453936554,,1385073
2026-01-07,starknet,2.0942798108094984,0.109483126116394657,,239879
2026-01-07,taiko,0.09825603484111825,0.121618646490373173,,29772
2026-01-07,unichain,0.3963129291875923,0.021313723295985252,,596588
2026-01-07,worldchain,0.18047551813794965,0.198124502722999716,,1760868
2026-01-07,zksync_era,0.3442563430309174,0,,21856
2026-01-08,arbitrum,10.36765520745599,0.201489909015910121,,2590203
2026-01-08,base,37.89059528822854,0.164349697750903366,,10608271
2026-01-08,ink,0.11531657445568684,0.007323152121885674,,365029
2026-01-08,linea,1.3497145746498667,0.004001226272582462,,284708
2026-01-08,lisk,0.014612574332777545,0.001799914590640924,,17687
2026-01-08,mode,0.009137598190685341,0.003942216113293828,,82145
2026-01-08,optimism,0.8665736096205804,0.058507567864508308,,2241546
2026-01-08,scroll,0.14239682306766557,0.034560292400708468,,63552
2026-01-08,soneium,0.2204177249865492,0.030364735379493158,,1702466
2026-01-08,starknet,2.0392151222576365,0.104055648311466395,,234443
2026-01-08,taiko,0.10250025557629244,0.122868138810944573,,31241
2026-01-08,unichain,0.5004078343839782,0.021013293255331652,,623301
2026-01-08,worldchain,0.19108947211949207,0.199457815650655462,,1761666
2026-01-08,zksync_era,0.4955142700774899,0,,24000
2026-01-09,arbitrum,11.561542412778874,0.166413845565714306,,2161449
2026-01-09,base,42.478870741793926,0.15893686594698442,,10698214
2026-01-09,ink,0.12916747333207135,0.006802760828752206,,368671
2026-01-09,linea,1.275755125402315,0.003558665772131462,,256834
2026-01-09,lisk,0.012521822763486809,0.001763556436034552,,15248
2026-01-09,mode,0.005008885889628028,0.00386743023332258,,93001
2026-01-09,optimism,0.7491819365335171,0.046242353561492418,,2474683
2026-01-09,scroll,0.15271934685790747,0.045568969501997372,,67305
2026-01-09,soneium,0.2547614439728314,0.033857300980290388,,2205609
2026-01-09,starknet,1.9353963104442533,0.089158719382105219,,206118
2026-01-09,taiko,0.1694302468901945,0.120592550184037224,,32801
2026-01-09,unichain,0.4955024250201834,0.020089954267348238,,582641
2026-01-09,worldchain,0.15985283543866302,0.191856907402292962,,1757936
2026-01-09,zksync_era,0.33337713253388135,0,,19345
2026-01-10,arbitrum,6.2096100034803206,0.118034311165284417,,1512075
2026-01-10,base,13.764619199136053,0.132048412650422278,,8698732
2026-01-10,ink,0.059910645377739574,0.005621893369465848,,342049
2026-01-10,linea,1.0886816980365308,0.002888747766823628,,241013
2026-01-10,lisk,0.0019863854987705026,0.001735915777963172,,14432
2026-01-10,mode,0.0030554157593555248,0.003825688528833716,,90244
2026-01-10,optimism,0.3456981505017702,0.036488577699987074,,2100102
2026-01-10,scroll,0.1612734636844884,0.048112062091195478,,52121
2026-01-10,soneium,0.1671940753084705,0.038850275894142816,,2688964
2026-01-10,starknet,1.448461733395905,0.070154949993771362,,204189
2026-01-10,taiko,0.0870350628174377,0.117730703743680881,,29713
2026-01-10,unichain,0.04622656128209342,0.01862227558573469,,418654
2026-01-10,worldchain,0.12821681819841643,0.184872141496107198,,1645405
2026-01-10,zksync_era,0.20232296672884872,0,,17185
2026-01-11,arbitrum,6.882017221442583,0.119077127175709903,,1562592
2026-01-11,base,18.244250697804652,0.126626428940976888,,8542036
2026-01-11,ink,0.07777189897995024,0.006181137161190258,,349617
2026-01-11,linea,1.139407629499673,0.003045708824171572,,248224
2026-01-11,lisk,0.014531464187163019,0.001735056216188168,,12914
2026-01-11,mode,0.0032090900871229256,0.003783052965325248,,91897
2026-01-11,optimism,0.3860781353037316,0.034662815259679132,,1889889
2026-01-11,scroll,0.15462976385201666,0.044116378303433308,,53173
2026-01-11,soneium,0.2678635744696643,0.03400093395769779,,2198790
2026-01-11,starknet,1.5538749234843223,0.07357618027204447,,229173
2026-01-11,taiko,0.08398091677558887,0.114636945672415801,,28877
2026-01-11,unichain,0.23259375329133347,0.019452743935153044,,533595
2026-01-11,worldchain,0.12882800109341822,0.187332169626778562,,1586711
2026-01-11,zksync_era,0.23595974661507682,0,,17091
2026-01-12,arbitrum,10.926164415975197,0.179148939277115886,,2309552
2026-01-12,base,33.49084313896678,0.141890233768065672,,9664525
2026-01-12,ink,0.1700372166028602,0.008699535055391864,,382972
2026-01-12,linea,1.2707429650379485,0.003999190323818403,,257751
2026-01-12,lisk,0.009606173333124038,0.001729883543318692,,14784
2026-01-12,mode,0.006130630102565024,0.003899053010248712,,94501
2026-01-12,optimism,0.6414016050385084,0.041956300583308286,,2326357
2026-01-12,scroll,0.16290832428615598,0.047756960231057532,,81188
2026-01-12,soneium,0.25839812303159,0.029174115846149366,,1759734
2026-01-12,starknet,2.330574030258044,0.101028085100658484,,247621
2026-01-12,taiko,0.0968983891114131,0.10641719193012385,,30075
2026-01-12,unichain,0.3873075983951878,0.02219791928471541,,806411
2026-01-12,worldchain,0.1745586753376339,0.190071584373947896,,1564909
2026-01-12,zksync_era,0.2831732127770493,0,,18552
2026-01-13,arbitrum,11.293070563224989,0.1820192101990662,,2063290
2026-01-13,base,45.43109482552843,0.155033659108619416,,9789147
2026-01-13,ink,0.19568821193437944,0.01100741954187497,,403201
2026-01-13,linea,1.390089218395361,0.003979408928546909,,267574
2026-01-13,lisk,0.047027698200719614,0.001796551980095068,,14157
2026-01-13,mode,0.009961368298119874,0.003958849863720116,,93219
2026-01-13,optimism,1.170107930302804,0.042697308239741964,,2201983
2026-01-13,scroll,0.2887095835430561,0.059985487278559722,,99556
2026-01-13,soneium,0.1601026851151184,0.027352243554795558,,1410750
2026-01-13,starknet,2.3950598856314067,0.127567922708240893,,244182
2026-01-13,taiko,0.10023968802455077,0.122074393455247005,,30618
2026-01-13,unichain,0.8569986015139678,0.02403301028684503,,821508
2026-01-13,worldchain,0.19563637076206114,0.197202005544922948,,1585659
2026-01-13,zksync_era,0.3964339335921505,0,,23369
2026-01-14,arbitrum,11.643076647216184,0.186791202834887522,,1961451
2026-01-14,base,44.30885590127124,0.163803690418790532,,9550535
2026-01-14,ink,0.4540596895146535,0.008309701225069384,,287864
2026-01-14,linea,1.367518566416667,0.004869815800889109,,233102
2026-01-14,lisk,0.011274348800257454,0.001841832897807528,,12728
2026-01-14,mode,0.011584627433809735,0.004148355714177832,,91535
2026-01-14,optimism,0.7315006225743179,0.046282823586572826,,2482943
2026-01-14,scroll,0.18171644153190736,0.068091246518064175,,97515
2026-01-14,soneium,0.08260232199022058,0.021221073974805848,,903923
2026-01-14,starknet,2.8190256811906,0.150525581932590402,,257293
2026-01-14,taiko,0.16107920125851177,0.131738962874071124,,36618
2026-01-14,unichain,0.6203844837121335,0.030358876433757034,,1118223
2026-01-14,worldchain,0.16187655732386372,0.20046503367079527,,1575634
2026-01-14,zksync_era,0.27107355513749215,0,,21968
2026-01-15,arbitrum,12.039967481188459,0.208756808648612141,,2038718
2026-01-15,base,47.01031479491145,0.166078850113206484,,9774489
2026-01-15,ink,0.38740275503694965,0.01172960093287912,,259155
2026-01-15,linea,1.469951999348696,0.005280121155757609,,249032
2026-01-15,lisk,0.014242535238104745,0.001926355990883372,,14278
2026-01-15,mode,0.012234353994816326,0.004165120769655876,,90623
2026-01-15,optimism,0.628330438011779,0.04317363093420127,,2137642
2026-01-15,scroll,0.16569330084370412,0.034548319736932866,,76132
2026-01-15,soneium,0.10139421838301922,0.0320709459731515,,1851582
2026-01-15,starknet,2.2497338044725828,0.190083801468490321,,236107
2026-01-15,taiko,0.11228256092197816,0.13542249055632518,,35266
2026-01-15,unichain,0.43469485911954586,0.03033958045258233,,1102223
2026-01-15,worldchain,0.16678147631194395,0.19226790571725421,,1482295
2026-01-15,zksync_era,0.2768401317197892,0,,21257
2026-01-16,arbitrum,9.173626342360452,0.141464920015030326,,1675395
2026-01-16,base,36.80281412875084,0.14085889837198147,,8418152
2026-01-16,ink,0.09449425653805524,0.005345509360089228,,207742
2026-01-16,linea,1.462555228411717,0.00371681306909249,,243884
2026-01-16,lisk,0.010691501665153508,0.001769657656591732,,12507
2026-01-16,mode,0.005063088402604551,0.0039078465477778,,92859
2026-01-16,optimism,0.5735127374040366,0.041155908328856156,,2193119
2026-01-16,scroll,0.18030219283906226,0.03480009269387463,,64327
2026-01-16,soneium,0.1052295768021573,0.047900792633758246,,3473372
2026-01-16,starknet,2.438162224042302,0.096718288777568454,,249535
2026-01-16,taiko,0.08388756182384922,0.116607534141124024,,30504
2026-01-16,unichain,0.2363891699092226,0.024157316729159654,,866127
2026-01-16,worldchain,0.13650909703726583,0.226672489479589486,,1542291
2026-01-16,zksync_era,0.27201150834059706,0,,19895
2026-01-17,arbitrum,6.657152933636703,0.123735831880903631,,1506430
2026-01-17,base,25.701963823364785,0.133044685820999678,,8257763
2026-01-17,ink,0.04018701558823264,0.003785327860905788,,121335
2026-01-17,linea,1.0773095204849086,0.002745907662303019,,192503
2026-01-17,lisk,0.007409164092494711,0.001748451579500288,,10663
2026-01-17,mode,0.004433826959141917,0.003840249116012572,,91613
2026-01-17,optimism,0.5534796538356361,0.043029137181293474,,2128173
2026-01-17,scroll,0.3143587784125911,0.051519566754441021,,83648
2026-01-17,soneium,0.08009091717377612,0.04027067434851728,,2845290
2026-01-17,starknet,2.040294508577495,0.083674553834556209,,222120
2026-01-17,taiko,0.09178538574737101,0.119419396465920198,,30297
2026-01-17,unichain,0.05540371477597553,0.022165237082839954,,738861
2026-01-17,worldchain,0.1648079045892177,0.422618149983683032,,1581676
2026-01-17,zksync_era,0.16786201110272314,0,,16668
2026-01-18,arbitrum,7.375836903783311,0.123829083037835593,,1461934
2026-01-18,base,26.091305772211488,0.125930180270437352,,7855674
2026-01-18,ink,0.06255408612721453,0.007074817853025114,,775490
2026-01-18,linea,1.822027824352593,0.004005640721401834,,278268
2026-01-18,lisk,0.004001004900666233,0.001689311576380604,,9701
2026-01-18,mode,0.003521465408116976,0.00382354377416774,,91367
2026-01-18,optimism,0.5716984385622582,0.038917212643245678,,1957750
2026-01-18,scroll,0.2979561265510368,0.068746006837473172,,85097
2026-01-18,soneium,0.09970722143533252,0.04751191991680282,,3497259
2026-01-18,starknet,1.4501780610087351,0.081411180849230837,,231371
2026-01-18,taiko,0.1205408549597434,0.11984572669489275,,40150
2026-01-18,unichain,0.14085605512443644,0.022542518264218684,,789411
2026-01-18,worldchain,0.13258867588995413,0.18357838183829224,,1592323
2026-01-18,zksync_era,4.3908925089228745,0,,58358
2026-01-19,arbitrum,11.605152847362191,0.188972129603433506,,1888711
2026-01-19,base,40.80652850439105,0.14220602839732432,,8747669
2026-01-19,ink,0.09754267057796867,0.006497680224968882,,288587
2026-01-19,linea,1.7306454206191813,0.004162627187973807,,236445
2026-01-19,lisk,0.011736897469041238,0.001769215943789056,,12903
2026-01-19,mode,0.010225881162300722,0.004696279852397844,,89260
2026-01-19,optimism,1.156334835819467,0.042705900729012344,,2183877
2026-01-19,scroll,0.23951312250988793,0.077658648670997246,,84279
2026-01-19,soneium,0.14936588947569568,0.04463039989875726,,3124447
2026-01-19,starknet,1.4089457274738038,0.158226347473310458,,230930
2026-01-19,taiko,0.17098934709403366,0.126510657731928714,,54417
2026-01-19,unichain,0.5093947768160569,0.028406320755074226,,1051548
2026-01-19,worldchain,0.2207829483821762,0.187541641172019702,,1582925
2026-01-19,zksync_era,6.355518307386462,0,,77629
2026-01-20,arbitrum,14.399383268242202,0.212298538450589004,,2376785
2026-01-20,base,69.08113384715561,0.164612857382195574,,11357661
2026-01-20,ink,0.12403158439838301,0.00684588007149401,,318662
2026-01-20,linea,2.1854347226212063,0.005845909084425211,,257455
2026-01-20,lisk,0.042347418963077546,0.001838640109561152,,13026
2026-01-20,mode,0.017823946594595616,0.004061858202974216,,93668
2026-01-20,optimism,0.9859175140725331,0.045484278573608114,,2374380
2026-01-20,scroll,0.3245650926020718,0.045058689592323355,,103352
2026-01-20,soneium,0.15444690554052115,0.047400915781537722,,3293019
2026-01-20,starknet,1.4191578793952722,0.139097266678411634,,228811
2026-01-20,taiko,0.19480833024544408,0.127237357554631054,,33589
2026-01-20,unichain,0.7292333854914625,0.027968750359851476,,1038265
2026-01-20,worldchain,0.17977100657533412,0.206491470189562766,,1527486
2026-01-20,zksync_era,4.096991634613546,0,,58283
2026-01-21,arbitrum,18.999133456093258,0.243778130998224608,,2488565
2026-01-21,base,59.68686737940048,0.187101481959284662,,11305237
2026-01-21,ink,0.3690341720938534,0.00872427151079192,,343478
2026-01-21,linea,2.269066089053959,0.005134908068220528,,252378
2026-01-21,lisk,0.028278421941944708,0.002194268075149792,,14764
2026-01-21,mode,0.03168910546313841,0.004420589851663536,,95402
2026-01-21,optimism,1.0617029321127727,0.050620813084919398,,2456349
2026-01-21,scroll,0.2162207388617784,0.040076222474623496,,89367
2026-01-21,soneium,0.12665727329528403,0.03204075343612133,,1699722
2026-01-21,starknet,1.4111662961409392,0.204109770957291747,,225995
2026-01-21,taiko,1.1575617656389081,0.152290406582710615,,95522
2026-01-21,unichain,0.9036301060048127,0.031463401605954438,,1044576
2026-01-21,worldchain,0.19356038631341504,0.202728225545186134,,1530372
2026-01-21,zksync_era,0.4047883844934707,0,,23117
2026-01-22,arbitrum,11.216284802124168,0.162094241214658064,,1867275
2026-01-22,base,40.83971837266876,0.15994005867240928,,9719193
2026-01-22,ink,0.10449620105005955,0.006225865065342612,,319365
2026-01-22,linea,2.489082599331024,0.02397932927430512,,276130
2026-01-22,lisk,0.03912190790547128,0.001830872388683512,,12755
2026-01-22,mode,0.01267258008190513,0.004015320744709124,,94858
2026-01-22,optimism,0.679262076597037,0.041454842539824092,,2221608
2026-01-22,scroll,0.19774904643688168,0.030702815689089803,,79181
2026-01-22,soneium,0.19920830207334045,0.031909553406199046,,1975780
2026-01-22,starknet,1.2631840772973855,0.113646618203927154,,210293
2026-01-22,taiko,0.26278056266941663,0.127827249693585722,,37663
2026-01-22,unichain,0.8168129562365407,0.028482177762907984,,1075229
2026-01-22,worldchain,0.15656780391606823,0.190599348396340102,,1493337
2026-01-22,zksync_era,0.2894597910578078,0,,20125
2026-01-23,arbitrum,12.140899437889008,0.15019478061436285,,2006045
2026-01-23,base,40.865458057547954,0.138879773499572148,,8866393
2026-01-23,ink,0.10157919593709705,0.006279865983382242,,324256
2026-01-23,linea,1.3357840388679045,0.008301979015557281,,162792
2026-01-23,lisk,0.047240773874573976,0.001803434372351576,,15052
2026-01-23,mode,0.009157524746266514,0.003952835157640664,,92344
2026-01-23,optimism,0.7063627282662548,0.045948192361414876,,2029359
2026-01-23,scroll,0.2302563568714882,0.033162588295180355,,83287
2026-01-23,soneium,0.12667532309659496,0.047062444848536412,,3284978
2026-01-23,starknet,1.230264632518935,0.127438907697479563,,187131
2026-01-23,taiko,0.11549112924329777,0.105589147916713302,,30949
2026-01-23,unichain,0.5504933422399808,0.028145708581059284,,1060797
2026-01-23,worldchain,0.15588372935168382,0.184754077636243546,,1514199
2026-01-23,zksync_era,0.28788841705772916,0,,19008
2026-01-24,arbitrum,11.449534862028491,0.01874588875669692,,1393246
2026-01-24,base,16.733610749127664,0.118541740690631712,,7682887
2026-01-24,ink,0.06853634174925255,0.005094466561457098,,299298
2026-01-24,linea,1.0400069615296674,0.001998166825385039,,120524
2026-01-24,lisk,0.008177107452034368,0.001732104437378292,,10093
2026-01-24,mode,0.0070162993019111785,0.003932875442512252,,90150
2026-01-24,optimism,0.3477919401548589,0.036750176084491308,,1905453
2026-01-24,scroll,0.23022377327247667,0.065727228071133231,,71089
2026-01-24,soneium,0.1044923038391755,0.0449021675215442,,3181318
2026-01-24,starknet,0.9484394827023759,0.093805812244516463,,179622
2026-01-24,taiko,0.09616455547730407,0.106355576832202897,,29666
2026-01-24,unichain,0.13478947362030455,0.025464870658365668,,913729
2026-01-24,worldchain,0.13813592318154178,0.18059927185221505,,1579918
2026-01-24,zksync_era,0.17722546628419034,0,,13931
2026-01-25,arbitrum,11.698308850812865,0.029494128547209848,,2104116
2026-01-25,base,75.59640045171092,0.138229830310247204,,9963040
2026-01-25,ink,0.11441219108128639,0.005971791470215198,,309151
2026-01-25,linea,0.813777124579101,0.000255577876392029,,110071
2026-01-25,lisk,0.00961839594505207,0.001891219749004832,,13566
2026-01-25,mode,0.008288072835201464,0.003949664236889672,,93024
2026-01-25,optimism,0.673696285861104,0.039879390677147886,,2219541
2026-01-25,scroll,0.1983151515726031,0.053978174289345752,,74408
2026-01-25,soneium,0.16597040514936778,0.046006526816833502,,3297246
2026-01-25,starknet,1.2972029096624027,0.133673516213977701,,223361
2026-01-25,taiko,0.15457936291355592,0.106921576782875584,,35808
2026-01-25,unichain,0.5018227312901826,0.025223484323670938,,908395
2026-01-25,worldchain,0.16844227520899988,0.176589414941518058,,1487758
2026-01-25,zksync_era,0.21694775496828472,0,,17708
2026-01-26,arbitrum,13.97419681073045,0.051920789105308663,,2943797
2026-01-26,base,41.330048749507476,0.132349922627365052,,8258594
2026-01-26,ink,0.1486174285070194,0.006621955843073054,,366176
2026-01-26,linea,1.2483529519211207,0.032280690835597945,,126148
2026-01-26,lisk,0.013912206332078179,0.001771779163899232,,12037
2026-01-26,mode,0.009598789873261352,0.004048425109233288,,93100
2026-01-26,optimism,0.8043639112656803,0.04222362074597931,,2260135
2026-01-26,scroll,0.1970970579471144,0.030154668457650456,,82827
2026-01-26,soneium,0.2351117323798646,0.043861842288983502,,3018178
2026-01-26,starknet,1.3203673003658667,0.179805893387415623,,224569
2026-01-26,taiko,0.5325947841668962,0.112384574053213432,,43215
2026-01-26,unichain,0.5405149946317391,0.02638522097735893,,918258
2026-01-26,worldchain,0.2169358329245873,0.190049273772062404,,1554012
2026-01-26,zksync_era,0.3320707961664649,0,,23185
2026-01-27,arbitrum,12.783197152946514,0.034800295843214518,,2221457
2026-01-27,base,45.22521116826031,0.147119942119805714,,9708353
2026-01-27,ink,0.17612513842938804,0.006830777090176668,,411135
2026-01-27,linea,1.0215247377127326,0.001851388530657209,,99305
2026-01-27,lisk,0.01328286621714506,0.001803072012143832,,13516
2026-01-27,mode,0.008197828958871035,0.004003038498433748,,94813
2026-01-27,optimism,0.6614216779645016,0.039041380541815316,,2051731
2026-01-27,scroll,0.18010462248738207,0.032626601540250118,,78805
2026-01-27,soneium,0.1134854664857568,0.040991756974604868,,2683827
2026-01-27,starknet,1.4005168006981015,0.157344859576081552,,235617
2026-01-27,taiko,0.1523000566932669,0.124079585757236769,,33509
2026-01-27,unichain,0.4261389550056979,0.027179796454321932,,1022562
2026-01-27,worldchain,0.18855555137313815,0.193929927945731748,,1531748
2026-01-27,zksync_era,0.31313239840972584,0,,18176
2026-01-28,arbitrum,11.920578935254273,0.036999584007113657,,2304373
2026-01-28,base,57.34687278347508,0.1565438014071914,,10024032
2026-01-28,ink,0.14557025493953918,0.006553319339335874,,326569
2026-01-28,linea,0.762652347763866,0.00177590655314236,,74400
2026-01-28,lisk,0.022873732653670445,0.001868905153220232,,9607
2026-01-28,mode,0.007468562005768549,0.004039469964213552,,92674
2026-01-28,optimism,0.9410299699816527,0.04069805114817588,,2079195
2026-01-28,scroll,0.1732883601322193,0.031537927693725265,,74044
2026-01-28,soneium,0.12858083745986332,0.04484762647752798,,3030031
2026-01-28,starknet,1.3393304205579777,0.159059109313010917,,230369
2026-01-28,taiko,0.09113762272955836,0.130147196986212356,,30671
2026-01-28,unichain,0.3959693272008399,0.028336137930961008,,1046509
2026-01-28,worldchain,0.2745650559888562,0.221736969648715716,,1660531
2026-01-28,zksync_era,0.3327624055220282,0,,19324
2026-01-29,arbitrum,17.298311291109314,0.243236604077213235,,3094279
2026-01-29,base,129.74511820887437,0.245179611565538392,,11532386
2026-01-29,ink,0.20062848344831163,0.011995523774058374,,379963
2026-01-29,linea,0.9434236050462925,0.000962945804549259,,81434
2026-01-29,lisk,0.018623943009688976,0.002054802446877196,,13149
2026-01-29,mode,0.030939476635785605,0.004833927500748316,,88506
2026-01-29,optimism,1.0156425592374783,0.055731304421421818,,2314719
2026-01-29,scroll,0.2155272011203468,0.041235250478223878,,82034
2026-01-29,soneium,0.1268940629248247,0.049180271853460688,,2741163
2026-01-29,starknet,1.3781938100852575,0.258727017847500595,,220290
2026-01-29,taiko,0.1092076169677644,0.168523013115504827,,30350
2026-01-29,unichain,0.7236768975874144,0.038920947205796354,,1125050
2026-01-29,worldchain,0.2916740254878048,0.237685472413738832,,1655519
2026-01-29,zksync_era,0.4688170371424689,0,,23061
2026-01-30,arbitrum,24.12427476742912,0.245807213492877948,,4452457
2026-01-30,base,271.3586740205686,0.248104391976293122,,11470850
2026-01-30,ink,0.44806118816809687,0.014210034321152604,,554047
2026-01-30,linea,1.1160262246931334,0.014143530908035814,,84355
2026-01-30,lisk,0.032155162474958865,0.002368400763553972,,14777
2026-01-30,mode,0.03620720647468739,0.005621521808568784,,77730
2026-01-30,optimism,1.28201009024454,0.063745736012214422,,2369248
2026-01-30,scroll,0.2413845630944556,0.042309957388931734,,110740
2026-01-30,soneium,0.12381825953838732,0.041257547892958718,,2098332
2026-01-30,starknet,1.4429674947420659,0.655348950794282041,,210608
2026-01-30,taiko,0.09943363597519428,0.173009253299970163,,22141
2026-01-30,unichain,1.247587612553728,0.042684806198149934,,1283974
2026-01-30,worldchain,0.23063497130674318,0.226725453392647188,,1664477
2026-01-30,zksync_era,0.4424960641530078,0,,25486
2026-01-31,arbitrum,44.236309976414496,1.563432474152870704,,4879501
2026-01-31,base,547.3020968711502,0.532755611802857866,,12457976
2026-01-31,ink,0.5216653212093321,0.04020226443672484,,618124
2026-01-31,linea,1.99916358967221,0.009196246368238656,,75785
2026-01-31,lisk,0.04836034373064033,0.003175579627078464,,16028
2026-01-31,mode,0.0648232999950342,0.008240116154148764,,75975
2026-01-31,optimism,6.959528160466865,0.112444627964251228,,2741929
2026-01-31,scroll,0.37009175535363126,0.0682176563927343,,118904
2026-01-31,soneium,0.22493505859827168,0.05478321287605206,,2233452
2026-01-31,starknet,1.5278840684031432,1.645763749088619934,,221533
2026-01-31,taiko,0.13438180232217264,0.322358905329985029,,23831
2026-01-31,unichain,1.0826933186208367,0.085154236521930992,,1284467
2026-01-31,worldchain,0.46432256874171746,0.28336138125398958,,1602992
2026-01-31,zksync_era,0.6280183160827851,0.000759006790292428,,28443
2026-02-01,arbitrum,18.479479424657754,0.129759895512887823,,3542864
2026-02-01,base,301.6708254119838,0.206786500357711462,,11016741
2026-02-01,ink,0.24665342950054558,0.014692736866406154,,1064340
2026-02-01,linea,1.3480228353055925,0.004064926834091168,,65681
2026-02-01,lisk,0.10478593503408165,0.002053724871124504,,12467
2026-02-01,mode,0.027313171383436308,0.00456867603298826,,80421
2026-02-01,optimism,0.9698400833929155,0.055036419186588184,,2480448
2026-02-01,scroll,0.21870671180866025,0.037921812464726117,,144003
2026-02-01,soneium,0.28547562467874193,0.039272431972421644,,2185479
2026-02-01,starknet,1.4911402733665895,0.29535508445475919,,238178
2026-02-01,taiko,0.13341671374315336,0.136147073700302929,,25493
2026-02-01,unichain,1.218098504809565,0.037928163196935162,,1314933
2026-02-01,worldchain,0.17720160211429317,0.205327517963626732,,1620445
2026-02-01,zksync_era,2.8762423384848046,0.02032425592856511,,116488
2026-02-02,arbitrum,25.529728088332455,0.183292275777202064,,4115094
2026-02-02,base,238.24662346476794,0.230565124245837578,,12244036
2026-02-02,ink,0.28595030894923124,0.012049007806533938,,567463
2026-02-02,linea,1.3782725035167347,0.004043203100389236,,67492
2026-02-02,lisk,0.02553608636360943,0.002295167433280632,,10686
2026-02-02,mode,0.048776427483835136,0.005522955538489484,,89298
2026-02-02,optimism,2.6947357537254555,0.05756627016906656,,2417933
2026-02-02,scroll,0.2896538584552636,0.061935650072487754,,156645
2026-02-02,soneium,0.2059115027693072,0.038820663143902194,,1918652
2026-02-02,starknet,1.5826749788360175,0.419533142275670038,,238885
2026-02-02,taiko,0.12398717138215079,0.158330380457803538,,25402
2026-02-02,unichain,0.9965475502258365,0.042581949609806586,,1458231
2026-02-02,worldchain,0.28247620589717926,0.216085129829077812,,1546202
2026-02-02,zksync_era,1.1449552024688623,0.014420924111700006,,45601
2026-02-03,arbitrum,27.923157624435344,0.249546976442353071,,5171596
2026-02-03,base,247.24742062489344,0.234026094400426634,,11968522
2026-02-03,ink,1.372351471960936,0.013836585067313106,,604500
2026-02-03,linea,1.1608409467547323,0.004924481015200325,,62536
2026-02-03,lisk,0.03215376887081048,0.002209000900366564,,14230
2026-02-03,mode,0.029677275623678792,0.005458088250500588,,84289
2026-02-03,optimism,3.3989852221550074,0.059236714712305614,,2449937
2026-02-03,scroll,0.22933774012751618,0.049313566216585271,,127627
2026-02-03,soneium,0.14309981273583988,0.03936614186711139,,2120776
2026-02-03,starknet,1.517106706719121,0.340816709518923854,,230973
2026-02-03,taiko,0.1233247301027786,0.160225402822324281,,24830
2026-02-03,unichain,0.7833649354016268,0.041724002320419678,,1329181
2026-02-03,worldchain,0.24206035095679315,0.213156515734230744,,1515363
2026-02-03,zksync_era,0.931810552576668,0.013302875029490278,,40014
2026-02-04,arbitrum,28.233731547931672,0.187916594012250094,,5725743
2026-02-04,base,255.4610272144168,0.21659873171782532,,11964332
2026-02-04,ink,0.21435078492083254,0.012464410196565126,,562173
2026-02-04,linea,1.2308719795870249,0.004607622471519797,,63817
2026-02-04,lisk,0.02769602245882137,0.002157999554656252,,14860
2026-02-04,mode,0.0243008149402655,0.004977352697518432,,79696
2026-02-04,optimism,2.0418557246018154,0.054839418411368586,,2228666
2026-02-04,scroll,0.21876133314741192,0.046130980421397937,,128702
2026-02-04,soneium,0.17043649215151496,0.0356818831472041,,1880874
2026-02-04,starknet,1.4967373094565628,0.358356887891022443,,234123
2026-02-04,taiko,0.11506882138156899,0.148759270090307055,,24037
2026-02-04,unichain,0.7095137479308329,0.039623777990630176,,1380277
2026-02-04,worldchain,0.22420915794902868,0.20732819235585775,,1654696
2026-02-04,zksync_era,0.8182763482713653,0.011304765055971785,,34794
2026-02-05,arbitrum,61.216462477285305,2.725042008907487647,,9390390
2026-02-05,base,937.4493090325923,0.955554598784006444,,19593308
2026-02-05,ink,0.5760504954989851,0.065065339214684082,,948882
2026-02-05,linea,4.031577959878794,0.012606124938239116,,101902
2026-02-05,lisk,0.060841239798097406,0.003275290606662792,,15109
2026-02-05,mode,0.1580437093940294,0.011882412874244268,,73674
2026-02-05,optimism,14.24772253132818,0.204636136347059664,,3780449
2026-02-05,scroll,0.5320708058779888,0.094137530930059836,,196377
2026-02-05,soneium,0.5336061474125202,0.078608932082919622,,1648046
2026-02-05,starknet,1.6813168093083415,3.970963052282624176,,253706
2026-02-05,taiko,0.18494529595023507,0.468097365039650556,,26200
2026-02-05,unichain,2.511025507784895,0.144256733815362634,,1784749
2026-02-05,worldchain,0.80239476010268,0.367973713659154158,,1824207
2026-02-05,zksync_era,1.159550099229002,0.097305294566340442,,48476
2026-02-06,arbitrum,49.766150907922714,0.899207002770130382,,6170930
2026-02-06,base,302.91324104573863,0.474953782374635214,,13444005
2026-02-06,ink,0.32111450509188855,0.034613345547013462,,979957
2026-02-06,linea,1.8630907397366343,0.007761813375114333,,75376
2026-02-06,lisk,0.040421515077784756,0.002484042371698664,,12673
2026-02-06,mode,0.08777832388111581,0.016421407496781812,,77557
2026-02-06,optimism,8.242956753971079,0.093195542974806148,,2433740
2026-02-06,scroll,0.33599609108652745,0.047700075095522792,,141996
2026-02-06,soneium,0.3807069321876757,0.044802330358766884,,1890257
2026-02-06,starknet,1.467378032613071,1.842817685291824432,,250266
2026-02-06,taiko,0.15571253151432757,0.233798844784758642,,25637
2026-02-06,unichain,1.372361688437222,0.078656787358528972,,1500178
2026-02-06,worldchain,0.5673947097468025,0.268506875646735886,,1750819
2026-02-06,zksync_era,1.2832701465925789,0.082060961455372347,,51976
2026-02-07,arbitrum,26.196681982785677,0.064188459791855509,,4472654
2026-02-07,base,199.14932215076877,0.162745646763378692,,10443620
2026-02-07,ink,0.3755693054655985,0.01227783800126649,,1195075
2026-02-07,linea,1.0696214525749685,0.002474845017040497,,54982
2026-02-07,lisk,0.041620383909729934,0.001931126548075388,,10487
2026-02-07,mode,0.00600507548463128,0.004085995053903176,,54965
2026-02-07,optimism,2.9293477755337953,0.033538126159083758,,2721764
2026-02-07,scroll,0.31605519814748156,0.029005499879888321,,107898
2026-02-07,soneium,0.2202896530432982,0.034017339947648172,,2080364
2026-02-07,starknet,1.08415845564953,0.161144145082565143,,203652
2026-02-07,taiko,0.10935848900919275,0.137324783822167141,,22449
2026-02-07,unichain,3.1534227799375207,0.032433164336056622,,1395778
2026-02-07,worldchain,0.2618471136692892,0.185650152336390238,,1774135
2026-02-07,zksync_era,0.6288784882661829,0.005370795155450286,,29395
2026-02-08,arbitrum,13.507276469809806,0.032418838036843322,,4017373
2026-02-08,base,81.51913403774833,0.147475272826536702,,9709101
2026-02-08,ink,0.13934054803437512,0.01005416773968517,,1151455
2026-02-08,linea,0.5844677938403511,0.001562270023540513,,40859
2026-02-08,lisk,0.01684157979264883,0.001732565090501964,,9314
2026-02-08,mode,0.0027406312843555125,0.003846718596081384,,49264
2026-02-08,optimism,0.6887901148446184,0.031112738206591056,,3065074
2026-02-08,scroll,0.16823346379018184,0.030586424997394692,,82535
2026-02-08,soneium,0.09915241725392789,0.034205499910071974,,2218133
2026-02-08,starknet,0.914642268408314,0.109288888981365011,,179785
2026-02-08,taiko,0.10095433122423617,0.124010983965255155,,20779
2026-02-08,unichain,0.3289637979080442,0.031767250711683486,,1664691
2026-02-08,worldchain,0.15172495557938215,0.17212440466513443,,1753376
2026-02-08,zksync_era,0.4131967982963368,0.003198709080045303,,20777
2026-02-09,arbitrum,17.288447824243292,0.052924378793327532,,4112816
2026-02-09,base,75.58074618315264,0.156188276783344606,,9694559
2026-02-09,ink,0.1433520578119553,0.011333258835956504,,1093478
2026-02-09,linea,0.6732145967737295,0.002255055859210597,,44644
2026-02-09,lisk,0.010773725469454858,0.001882942032638268,,9555
2026-02-09,mode,0.008826796184100847,0.004043781116144848,,88627
2026-02-09,optimism,0.8455160388738748,0.030213893627441206,,2597204
2026-02-09,scroll,0.20649157644710683,0.069503024427198902,,93132
2026-02-09,soneium,0.14608205914629796,0.029366298980307636,,1697721
2026-02-09,starknet,1.0223126785984935,0.148345857873707837,,205203
2026-02-09,taiko,0.10690319351359648,0.131387236277950705,,21912
2026-02-09,unichain,0.3525026409693003,0.029795030361218456,,1270069
2026-02-09,worldchain,0.1679332376301431,0.176449271858624658,,1679045
2026-02-09,zksync_era,0.4836194132494944,0.005401913324477135,,28450
2026-02-10,arbitrum,15.129778734647987,0.046894175592643568,,4474057
2026-02-10,base,66.804847882599,0.16121369926518797,,11033351
2026-02-10,ink,0.1467369858173561,0.009675429490258332,,836781
2026-02-10,linea,0.648156158904988,0.0018849442840221,,42179
2026-02-10,lisk,0.010545792184103168,0.0018288284877654,,9743
2026-02-10,mode,0.006901906575086098,0.004205671005715684,,93343
2026-02-10,optimism,0.807900251089107,0.028607377249343872,,2254226
2026-02-10,scroll,0.19188401299825059,0.032833368659784995,,81555
2026-02-10,soneium,0.23932303292801888,0.02574501785083526,,1501210
2026-02-10,starknet,0.9787666610467354,0.168463973725144612,,196293
2026-02-10,taiko,0.08417742715850665,0.126728142830998365,,20555
2026-02-10,unichain,0.2644572686346946,0.028254114287341622,,1063946
2026-02-10,worldchain,0.1512088949017233,0.168030756724328718,,1424101
2026-02-10,zksync_era,0.3561452051578296,0.004537481319764053,,22390
2026-02-11,arbitrum,19.635749761937994,0.068681348078005299,,4567157
2026-02-11,base,90.55572365116143,0.175068513483262576,,11438918
2026-02-11,ink,0.2616947981469263,0.01054574502165267,,836360
2026-02-11,linea,1.0608917968192841,0.002256549236443291,,52696
2026-02-11,lisk,0.2603744027928767,0.002007573917383408,,11209
2026-02-11,mode,0.011052801456197147,0.004417196508876912,,90875
2026-02-11,optimism,1.1911849875050997,0.032842727747147672,,2454573
2026-02-11,scroll,0.2249430773765747,0.070154502702746254,,94195
2026-02-11,soneium,0.17858852261100955,0.024800178905665668,,1339348
2026-02-11,starknet,1.120061154172142,0.188509431549321288,,211188
2026-02-11,taiko,0.09666924355816515,0.133389827174736703,,24042
2026-02-11,unichain,0.5372423995811497,0.03449617654005216,,1413314
2026-02-11,worldchain,0.1887640446198285,0.17822216786715737,,1471842
2026-02-11,zksync_era,0.48125546595407676,0.005800993857340628,,25891
2026-02-12,arbitrum,16.634827692781336,0.117240789677843749,,4413314
2026-02-12,base,64.03368910631399,0.198931975191498084,,11811430
2026-02-12,ink,0.1605928266055646,0.010055114549638986,,667144
2026-02-12,linea,1.2353262640737248,0.002206005678497028,,53038
2026-02-12,lisk,0.025361344777523324,0.001939347410873032,,8312
2026-02-12,mode,0.01579487795908088,0.005602130665163844,,74224
2026-02-12,optimism,0.8744555737722057,0.033971544994815006,,2441796
2026-02-12,scroll,0.22049406312919118,0.036892839844849984,,85680
2026-02-12,soneium,0.07569606778101262,0.025629436300368582,,1258743
2026-02-12,starknet,0.9742262934648629,0.207442676392673104,,203901
2026-02-12,taiko,0.09966545743083827,0.149561217962115037,,23540
2026-02-12,unichain,0.32747929626121136,0.034809649975585284,,1258468
2026-02-12,worldchain,0.2579246590804126,0.182374018381803468,,1480842
2026-02-12,zksync_era,0.37773425545855654,0.01143558217429185,,22719
2026-02-13,arbitrum,10.918075669136627,0.042736683582746238,,3687987
2026-02-13,base,78.15373234634396,0.164614996876479008,,10808882
2026-02-13,ink,0.13614023534750833,0.008530457766123384,,661917
2026-02-13,linea,0.9114810828240234,0.001634494162236972,,43447
2026-02-13,lisk,0.012794485537739528,0.001796955528896044,,8651
2026-02-13,mode,0.0038266125742365594,0.004122946984478284,,49652
2026-02-13,optimism,0.7644555860913488,0.028819698648504832,,2301181
2026-02-13,scroll,0.21034445129457507,0.055181521635214562,,78033
2026-02-13,soneium,0.0645289988445286,0.029650962208121574,,1737409
2026-02-13,starknet,1.0062507904786049,0.143624940327289439,,200687
2026-02-13,taiko,0.142552698927901,0.123639096411031441,,22583
2026-02-13,unichain,0.20785507444891854,0.028377613788761724,,987344
2026-02-13,worldchain,0.21362628192814356,0.168794551195877882,,1460947
2026-02-13,zksync_era,0.3759516026203504,0.004636089700811387,,23698
2026-02-14,arbitrum,9.694188244659607,0.025605619444118259,,3453878
2026-02-14,base,53.11424718987929,0.151136385429196526,,10302697
2026-02-14,ink,0.12870174734318002,0.007650074299627908,,595339
2026-02-14,linea,0.6383225850550078,0.001608751406185346,,34012
2026-02-14,lisk,0.005817883172736681,0.001801086905516832,,12223
2026-02-14,mode,0.0012288871060463975,0.004073628969258728,,48001
2026-02-14,optimism,0.5146051372209159,0.025707875439778896,,1955013
2026-02-14,scroll,0.21411954747272896,0.068646343787998773,,65065
2026-02-14,soneium,0.04737480602419417,0.024275353057945996,,1392310
2026-02-14,starknet,1.021319211375022,0.097492851985959806,,214230
2026-02-14,taiko,0.07291043776594257,0.119286995678661199,,20800
2026-02-14,unichain,0.12202347384010331,0.026205562699649484,,904335
2026-02-14,worldchain,0.12326356566463403,0.166941782038979936,,1618440
2026-02-14,zksync_era,0.26410598832189125,0.003126213920561633,,17432
2026-02-15,arbitrum,12.444426090297952,0.032187889709919222,,5273283
2026-02-15,base,74.49648598201762,0.151395459375128522,,10695580
2026-02-15,ink,0.1665522637514298,0.00822849350373123,,624880
2026-02-15,linea,0.7137972538559162,0.001564481375501018,,37058
2026-02-15,lisk,0.009519019922728177,0.001734930934124896,,7845
2026-02-15,mode,0.0035823064351772236,0.00401320133565844,,51328
2026-02-15,optimism,0.8772764115818665,0.02616787315388422,,2207007
2026-02-15,scroll,0.18967090155467492,0.040684207981642529,,87120
2026-02-15,soneium,0.04744499739580413,0.02556317234123351,,1466387
2026-02-15,starknet,1.0235580307378305,0.092032467831837485,,203305
2026-02-15,taiko,0.08117360771887895,0.120413082406677761,,21638
2026-02-15,unichain,0.2443522321114025,0.02693862094471383,,988533
2026-02-15,worldchain,0.11642787511533978,0.16243410733300229,,1735056
2026-02-15,zksync_era,0.36274824089490165,0.002887004197539642,,21121
2026-02-16,arbitrum,10.381909480536796,0.025947087797295067,,3735520
2026-02-16,base,52.28258062837949,0.147771058805544482,,9919774
2026-02-16,ink,0.1332092331088506,0.007816189798436004,,667893
2026-02-16,linea,0.597450419820331,0.001297368651028449,,34318
2026-02-16,lisk,0.01144399675226104,0.001740746410570452,,9138
2026-02-16,mode,0.002433574269001424,0.004072067243745244,,49965
2026-02-16,optimism,0.6372099642101328,0.03127752311128737,,2227910
2026-02-16,scroll,0.18031956784240527,0.053944771480844871,,75100
2026-02-16,soneium,0.053411124158163154,0.024729529779288326,,1405244
2026-02-16,starknet,1.9767213618957746,0.086612631672323545,,192420
2026-02-16,taiko,0.10428333697403862,0.121884860060834937,,21395
2026-02-16,unichain,0.18647878880870705,0.026624997197467416,,948528
2026-02-16,worldchain,0.1289882373987429,0.161396927116311826,,1479675
2026-02-16,zksync_era,0.27359019178747057,0.002778799172250497,,17664
2026-02-17,arbitrum,10.727311505436996,0.040569211901308554,,3933196
2026-02-17,base,87.79906331732134,0.15414263900532936,,10859276
2026-02-17,ink,0.1341414858924469,0.008775716844512002,,658407
2026-02-17,linea,0.7685745725269437,0.001402182927990549,,42039
2026-02-17,lisk,0.012200150078214312,0.001802149585666172,,10968
2026-02-17,mode,0.003168224769281478,0.004124773704887122,,49467
2026-02-17,optimism,0.8024925578019515,0.025950607752828962,,2018950
2026-02-17,scroll,0.1892135402497297,0.06751230630333151,,83001
2026-02-17,soneium,0.062411818576490294,0.021301332319994794,,1071626
2026-02-17,starknet,2.7881242722387474,0.107389548711005637,,218870
2026-02-17,taiko,0.07713768141436614,0.125073067714316302,,21221
2026-02-17,unichain,0.21253145997983577,0.027711441823896686,,981824
2026-02-17,worldchain,0.13834557745306938,0.162805895390653964,,1455262
2026-02-17,zksync_era,0.2927599235610754,0.004285627686197096,,18672
2026-02-18,arbitrum,12.781605934146882,0.042460504024043273,,4282290
2026-02-18,base,73.84797081420592,0.173510452876994942,,12467751
2026-02-18,ink,0.16007888496354306,0.008753088084019348,,651062
2026-02-18,linea,0.6462791600173192,0.001545017872769262,,35994
2026-02-18,lisk,0.011942024726288098,0.001837479199175832,,14277
2026-02-18,mode,0.0022709381792412526,0.004217187976229276,,50635
2026-02-18,optimism,1.5230262622036241,0.029298432158587452,,2313864
2026-02-18,scroll,0.18924568238844297,0.046466181865321933,,83492
2026-02-18,soneium,0.045302313060244945,0.021792209897154168,,1067994
2026-02-18,starknet,2.8602102148570046,0.091599389337711027,,227392
2026-02-18,taiko,0.15772001049394593,0.128545340165230123,,23794
2026-02-18,unichain,0.15316775720871054,0.027463861583712518,,935578
2026-02-18,worldchain,0.17069744176830437,0.16663827228574133,,1457090
2026-02-18,zksync_era,0.2930881717227006,0.00423844177835657,,18766
2026-02-19,arbitrum,8.345386444131153,0.040048666103524963,,4130654
2026-02-19,base,70.94461957739527,0.17068829421056389,,11667307
2026-02-19,ink,0.15175760647251682,0.008802920576984866,,691530
2026-02-19,linea,0.5954732995888639,0.001366640897558727,,34046
2026-02-19,lisk,0.0236599167331179,0.001817445703280416,,12591
2026-02-19,mode,0.003304163224627103,0.004151082552231234,,48966
2026-02-19,optimism,1.0830699583407712,0.029877679843899408,,2460530
2026-02-19,scroll,0.21831258727113628,0.039329856970722348,,77085
2026-02-19,soneium,0.0594174774071799,0.022450229020711392,,1098182
2026-02-19,starknet,2.738374575892227,0.094993958530769209,,221295
2026-02-19,taiko,0.09426094959856207,0.128528978174335713,,20528
2026-02-19,unichain,0.14186345812703566,0.02742477497208906,,952017
2026-02-19,worldchain,0.13496254596794152,0.161927236731500128,,1437835
2026-02-19,zksync_era,0.2801073997636644,0.004403590005586529,,18139
2026-02-20,arbitrum,8.631303202042412,0.038862863092083406,,4220269
2026-02-20,base,69.54865191124335,0.164371964566274742,,11071039
2026-02-20,ink,0.15687602181919902,0.009507632580400322,,871214
2026-02-20,linea,0.6872556976073935,0.005718593219713636,,38584
2026-02-20,lisk,0.008026934749999833,0.001802057501177908,,9798
2026-02-20,mode,0.00553161567118742,0.004105199422565844,,49262
2026-02-20,optimism,0.8347808742710899,0.029168986497265976,,2455519
2026-02-20,scroll,0.24109707213077486,0.033214439749086402,,86801
2026-02-20,soneium,0.038338816187851066,0.023324922414753664,,1204856
2026-02-20,starknet,2.7170871478863923,0.09074761535998776,,204590
2026-02-20,taiko,0.046293846532021794,0.124369345623662859,,21005
2026-02-20,unichain,0.15833205283145985,0.024926377664258418,,805073
2026-02-20,worldchain,0.11555761048658086,0.15771365196396777,,1377270
2026-02-20,zksync_era,0.30217131099653377,0.004047044725698199,,21389
2026-02-21,arbitrum,6.746203521824631,0.024087567403806506,,3991331
2026-02-21,base,47.64128911398052,0.145033321228646324,,9529826
2026-02-21,ink,0.13432009578359008,0.008292579495779854,,858068
2026-02-21,linea,0.48234246355525845,0.001473238040372837,,28778
2026-02-21,lisk,0.005849308305768483,0.001759072663252024,,8999
2026-02-21,mode,0.0014121646906430597,0.004063655983316368,,47283
2026-02-21,optimism,0.8439328579551929,0.025793116026932118,,2127950
2026-02-21,scroll,0.2038308627237988,0.042744535520062908,,61224
2026-02-21,soneium,0.030104062000580224,0.025062200204154724,,1412270
2026-02-21,starknet,2.06126165437242,0.079359901803901182,,194368
2026-02-21,taiko,0.03836673485307405,0.122520213954909587,,20036
2026-02-21,unichain,0.07947445016206654,0.022636868891843316,,721817
2026-02-21,worldchain,0.13285633317354156,0.155016709834743422,,1373613
2026-02-21,zksync_era,0.1907598693343972,0.002986126484342904,,14885
2026-02-22,arbitrum,7.248545193388166,0.026037187864679213,,4418964
2026-02-22,base,40.24353175304795,0.125264661003194138,,7746486
2026-02-22,ink,0.1042332642597491,0.007451658839174036,,735867
2026-02-22,linea,0.4501471412746341,0.001596260589063727,,26928
2026-02-22,lisk,0.004941239305339675,0.00171045692052746,,8360
2026-02-22,mode,0.0014386114471101402,0.004047422999741904,,47623
2026-02-22,optimism,0.46755012639710325,0.024429754839076912,,2119286
2026-02-22,scroll,0.20143846811581928,0.07161997556186139,,60803
2026-02-22,soneium,0.056991708295866216,0.025248220713389528,,1430285
2026-02-22,starknet,2.0149727081873676,0.078282162874129773,,193904
2026-02-22,taiko,0.04926462817579082,0.122581304938371511,,19624
2026-02-22,unichain,0.06606896183867732,0.022813637799480128,,693120
2026-02-22,worldchain,0.13444072660678463,0.152629034178620644,,1358261
2026-02-22,zksync_era,0.21386529270936588,0.002901454854383501,,17868
2026-02-23,arbitrum,9.824922731377187,0.044458493812153694,,4715768
2026-02-23,base,77.31140664435716,0.157677505695065706,,11106302
2026-02-23,ink,0.1794815590413155,0.010161274961018924,,953589
2026-02-23,linea,0.6800109250962914,0.001513112269491386,,38134
2026-02-23,lisk,0.00913557960671658,0.001781411611727172,,10333
2026-02-23,mode,0.0033066485409346236,0.00414062970057337,,49419
2026-02-23,optimism,0.6975218413627231,0.024977109419120392,,2411390
2026-02-23,scroll,0.3069954550172523,0.086901154121387676,,98555
2026-02-23,soneium,0.06693268737681658,0.026885022462628216,,1509836
2026-02-23,starknet,2.9185158928497135,0.106600410496744995,,249065
2026-02-23,taiko,0.06002172635276562,0.121755966546111243,,20747
2026-02-23,unichain,0.24665286250356747,0.025671822902722632,,874399
2026-02-23,worldchain,0.14076725042793237,0.14033262986528174,,1396859
2026-02-23,zksync_era,0.43986117830816124,0.004145311912996207,,27455
2026-02-24,arbitrum,9.668922236938759,0.04667121593574662,,4584632
2026-02-24,base,77.62827300517681,0.169742076425402842,,12753156
2026-02-24,ink,0.15985079091142024,0.009445321591099788,,828091
2026-02-24,linea,2.112784587840909,0.004022982707760178,,115861
2026-02-24,lisk,0.009080925911572326,0.001920093849765108,,12236
2026-02-24,mode,0.004442591148087011,0.00411019751357538,,23588
2026-02-24,optimism,0.6094452754407477,0.022112092376602544,,2189215
2026-02-24,scroll,0.35556479395632024,0.062803869238612486,,87598
2026-02-24,soneium,0.049206054134570854,0.023335288139022384,,1188880
2026-02-24,starknet,2.486042781918375,0.11160539078910578,,200254
2026-02-24,taiko,0.057783984165311414,0.118574310206178641,,20411
2026-02-24,unichain,0.2066547884639336,0.02560567363036596,,821551
2026-02-24,worldchain,0.16763899021868023,0.100521954577366702,,1443759
2026-02-24,zksync_era,0.5705976205565761,0.004567636915223783,,37176
2026-02-25,arbitrum,11.586807100998511,0.058164490070371806,,3314305
2026-02-25,base,101.08205858522908,0.173128453737910056,,10731643
2026-02-25,ink,0.258156058159273,0.010181420431373494,,653949
2026-02-25,linea,1.5026924885589905,0.004212872399695634,,123721
2026-02-25,lisk,0.00902130256040295,0.001852899469552364,,9523
2026-02-25,mode,0.006181635563977172,0.004338718318576536,,9935
2026-02-25,optimism,0.8219228902658615,0.026737788805416792,,2397465
2026-02-25,scroll,0.24240094642403448,0.087044549396686646,,85818
2026-02-25,soneium,0.0700294942923296,0.018745394561625196,,741679
2026-02-25,starknet,2.9383761673087423,0.186536349369464226,,207275
2026-02-25,taiko,0.06275722145156352,0.131494022635262836,,21913
2026-02-25,unichain,0.421398427350941,0.027853797371021182,,890709
2026-02-25,worldchain,0.1795702788125093,0.109700356597080006,,1470857
2026-02-25,zksync_era,0.5829262579627147,0.006578769933811744,,30714
2026-02-26,arbitrum,11.906723397814007,0.046272374415657784,,3206291
2026-02-26,base,82.68492813726756,0.165261687112474312,,10712540
2026-02-26,ink,0.21373674079300312,0.00901043389479954,,640024
2026-02-26,linea,0.9390046557973957,0.002645396910654671,,76767
2026-02-26,lisk,0.006266499886968594,0.0018320262177146,,9169
2026-02-26,mode,0.002823313426847998,0.004171763513849314,,6493
2026-02-26,optimism,0.6388494551814696,0.02621323729427208,,2116954
2026-02-26,scroll,0.22206637524375117,0.074839662370836463,,79099
2026-02-26,soneium,0.0864091106257379,0.017396895211162518,,655290
2026-02-26,starknet,1.6905541316822559,0.122001823177641424,,126902
2026-02-26,taiko,0.04896008737752049,0.119151290081632672,,20526
2026-02-26,unichain,0.32172976967969796,0.026587326497391636,,865689
2026-02-26,worldchain,0.15541328241377092,0.0998879249006317,,1380656
2026-02-26,zksync_era,0.31019950604927105,0.005130120948199335,,22073
2026-02-27,arbitrum,11.651495566381397,0.038540344915340755,,3076663
2026-02-27,base,71.9914642742481,0.152053293915097882,,10119947
2026-02-27,ink,0.16647502874149858,0.00811909971440895,,531789
2026-02-27,linea,0.9685254461730695,0.002639760883948778,,76699
2026-02-27,lisk,0.006667049603229348,0.001752726154132256,,7738
2026-02-27,mode,0.0033915249428483505,0.00420225120150362,,7068
2026-02-27,optimism,0.9268662704939408,0.026152138130168282,,2320579
2026-02-27,scroll,0.22401301003368249,0.070116192220690079,,79561
2026-02-27,soneium,0.04693342111319618,0.016505237117373572,,621165
2026-02-27,starknet,2.0908959277085803,0.107276193464411135,,154042
2026-02-27,taiko,0.05301817324100143,0.124872571397756456,,20478
2026-02-27,unichain,0.3363598275170717,0.025882380957404528,,846775
2026-02-27,worldchain,0.1574724591825086,0.09688187868552452,,1408182
2026-02-27,zksync_era,0.3128456141572899,0.004481849144891028,,20571
2026-02-28,arbitrum,12.983633362200415,0.039903865764870597,,3219400
2026-02-28,base,76.12760251568585,0.161619478691921386,,10961716
2026-02-28,ink,0.22494059674956374,0.00870932659261378,,663495
2026-02-28,linea,1.1171693396953308,0.00333552753784064,,103889
2026-02-28,lisk,0.008902394100273499,0.0018845994337568,,8676
2026-02-28,mode,0.0033185064671158023,0.004281551749595678,,50115
2026-02-28,optimism,0.9489003984659872,0.026189960662293828,,2142051
2026-02-28,scroll,0.24632324182370424,0.054273269806977669,,81347
2026-02-28,soneium,0.06967543391500586,0.020197851060275972,,913077
2026-02-28,starknet,2.3984171177746028,0.106188755637724704,,182301
2026-02-28,taiko,0.06983817232222915,0.129776280455439616,,21154
2026-02-28,unichain,0.33624738024772505,0.026111668997897054,,886859
2026-02-28,worldchain,0.16943808978035285,0.096457212866297578,,1386853
2026-02-28,zksync_era,0.40456720443249283,0.004544357886425011,,21924
2026-03-01,arbitrum,13.708670080454802,0.029758182643178449,,3266802
2026-03-01,base,85.98596218738828,0.143953262386061038,,10129505
2026-03-01,ink,0.1922918358783428,0.008638493038294628,,706618
2026-03-01,linea,0.9662113926612808,0.002478883519987389,,81844
2026-03-01,lisk,0.011694720558249699,0.001815363494447292,,8849
2026-03-01,mode,0.002903836896062572,0.004095344827887534,,50431
2026-03-01,optimism,0.823286339667922,0.023512600481299076,,1990631
2026-03-01,scroll,0.20578962620988506,0.031699667445447407,,80980
2026-03-01,soneium,0.09832796714762676,0.021154394251118088,,1010260
2026-03-01,starknet,2.3464638020380093,0.086080196012428955,,200811
2026-03-01,taiko,0.057303778745207055,0.119094736771939877,,21354
2026-03-01,unichain,0.4755719488921717,0.026017190034246916,,941711
2026-03-01,worldchain,0.16106509650726308,0.08735630709339359,,1358034
2026-03-01,zksync_era,0.3712471663644586,0.003502696955567877,,21335
2026-03-02,arbitrum,15.914637068929053,0.074209131829655753,,3817068
2026-03-02,base,87.84803121873607,0.16815886138897418,,10652234
2026-03-02,ink,0.2337950918858172,0.009948662967472448,,704950
2026-03-02,linea,1.4845875520035179,0.003616129042322208,,77033
2026-03-02,lisk,0.008974019964940742,0.001863456210068424,,8264
2026-03-02,mode,0.009826818734769914,0.004268550874625592,,50905
2026-03-02,optimism,0.7697441258639023,0.028321533125362366,,2194876
2026-03-02,scroll,0.23847759995288648,0.056122928452627718,,86572
2026-03-02,soneium,0.0717208559062668,0.025259486008970354,,1264584
2026-03-02,starknet,2.5059947898638284,0.164074542643835897,,194904
2026-03-02,taiko,0.056071696215315825,0.13935617183120521,,21062
2026-03-02,unichain,0.3875354620535859,0.029491406509834366,,963692
2026-03-02,worldchain,0.1845873977311286,0.095872610113287888,,1368060
2026-03-02,zksync_era,0.35113159446648046,0.006861396331253529,,22706
2026-03-03,arbitrum,13.906454719080813,0.060082611784448327,,3410974
2026-03-03,base,67.37044442723865,0.162577975814367628,,10543362
2026-03-03,ink,0.1607282663031232,0.009053010938398614,,613981
2026-03-03,linea,0.9539295489920674,0.002625531226894811,,84767
2026-03-03,lisk,0.058164970071311564,0.00188602223526822,,7721
2026-03-03,mode,0.006070921761148175,0.004353232715334048,,49623
2026-03-03,optimism,0.6995676902216896,0.025915709639355354,,1818841
2026-03-03,scroll,0.21235525336272276,0.068474354691322397,,84456
2026-03-03,soneium,0.05953400559988969,0.022331602748369628,,1040482
2026-03-03,starknet,3.108616089185324,0.163520846354157057,,201365
2026-03-03,taiko,0.05311260961567826,0.132471416404807215,,22039
2026-03-03,unichain,0.3299088202309084,0.028409821201896228,,938356
2026-03-03,worldchain,0.1739089295682258,0.093129496305072558,,1341638
2026-03-03,zksync_era,0.32962719561742715,0.006518026517848661,,20760
2026-03-04,arbitrum,14.870012222977524,0.086773639401631408,,3575175
2026-03-04,base,77.58393488439417,0.181163698110691886,,11584567
2026-03-04,ink,0.2425389049030929,0.010306877677102368,,622012
2026-03-04,linea,1.1163517277707682,0.003403039999763522,,121193
2026-03-04,lisk,0.008668524147885867,0.001926586893807936,,7747
2026-03-04,mode,0.0062842646063640305,0.004393282038231508,,51659
2026-03-04,optimism,0.7974308567161679,0.026779914391212044,,1592584
2026-03-04,scroll,0.26675905418336215,0.037972810116340341,,89840
2026-03-04,soneium,0.05220620453882555,0.016840085918240616,,589698
2026-03-04,starknet,2.7570276327210603,0.168332640491136062,,180684
2026-03-04,taiko,0.0660568441115448,0.137215858852885205,,23217
2026-03-04,unichain,0.42007652986356747,0.030235075537905056,,994870
2026-03-04,worldchain,0.19615613710388238,0.10114935040397922,,1408579
2026-03-04,zksync_era,0.3901904121021145,0.007022822985587894,,26439
2026-03-05,arbitrum,14.567651956212671,0.047054751085787606,,3276149
2026-03-05,base,52.9781893402274,0.159538521025490936,,10406202
2026-03-05,ink,0.1914019762337556,0.00817008055741213,,553360
2026-03-05,linea,0.7711056547156883,0.00181775104599331,,44673
2026-03-05,lisk,0.009310344224641387,0.001865940797033424,,7602
2026-03-05,mode,0.0036579951275923887,0.00415813626627068,,49641
2026-03-05,optimism,1.0070791286184768,0.025787512351995874,,1993641
2026-03-05,scroll,0.19634884204908903,0.033438951824964831,,76473
2026-03-05,soneium,0.0676970469416205,0.019602922692564494,,873224
2026-03-05,starknet,2.5502020751019594,0.138130024126474729,,178042
2026-03-05,taiko,0.06051346169077014,0.12505739459259927,,21678
2026-03-05,unichain,0.28723437984119776,0.026628427894632032,,890585
2026-03-05,worldchain,0.1628374686278291,0.09950611286484579,,1328850
2026-03-05,zksync_era,0.2837296527779413,0.005149553030507521,,19704
2026-03-06,arbitrum,12.049691758973166,0.048452066756700129,,3243175
2026-03-06,base,44.06061360959493,0.146788771989387428,,9458839
2026-03-06,ink,0.17704333855066434,0.00837390100627924,,606644
2026-03-06,linea,0.8466477452498746,0.001901951823686507,,39077
2026-03-06,lisk,0.00873873957780141,0.00191600024873604,,8553
2026-03-06,mode,0.0026177817806904077,0.004222563243947134,,48092
2026-03-06,optimism,0.8173614476303616,0.026886788583465362,,2217245
2026-03-06,scroll,0.24445962626460288,0.093992689879613108,,81262
2026-03-06,soneium,0.07536475067750667,0.01999225499169824,,930188
2026-03-06,starknet,3.243923076585893,0.164165882355668896,,189327
2026-03-06,taiko,0.05666360054466316,0.117493493058486002,,21477
2026-03-06,unichain,0.19810660214750986,0.026036421550442198,,847638
2026-03-06,worldchain,0.173397761916736,0.091382153527344296,,1361609
2026-03-06,zksync_era,0.2225422125530087,0.00527982632865565,,17054
2026-03-07,arbitrum,8.283367393136277,0.019376285969126347,,2465668
2026-03-07,base,33.682156941979095,0.126359656452778316,,9189269
2026-03-07,ink,0.11442354930367211,0.007282991330349492,,745544
2026-03-07,linea,0.5162882125545936,0.001305001517228036,,31546
2026-03-07,lisk,0.004213437230601416,0.0017424645028507,,5996
2026-03-07,mode,0.0008589205857868637,0.004003815961341288,,46297
2026-03-07,optimism,0.5584057511760546,0.023062681527550024,,2028945
2026-03-07,scroll,0.2161896486703319,0.083152618817777969,,79516
2026-03-07,soneium,0.04969076159109418,0.022983839279193124,,1246905
2026-03-07,starknet,3.177007777647447,0.089279458213914925,,207836
2026-03-07,taiko,0.04666176088094166,0.106365616313251871,,19761
2026-03-07,unichain,0.09474432141727794,0.022602743666600002,,665465
2026-03-07,worldchain,0.13620717353997908,0.08327524861933427,,1238308
2026-03-07,zksync_era,0.19388678811173585,0.003001280669049171,,15863
2026-03-08,arbitrum,9.297759082821862,0.016240142103141355,,1862870
2026-03-08,base,42.999007329927366,0.126892939123876944,,9218767
2026-03-08,ink,0.16904751200926327,0.006596851272539774,,459163
2026-03-08,linea,0.7427310449200649,0.00147457031503494,,36839
2026-03-08,lisk,0.006070691153045424,0.00173330016157324,,6920
2026-03-08,mode,0.000968374870473855,0.004060127018822138,,48364
2026-03-08,optimism,0.47257713788472033,0.023731818294209152,,2124635
2026-03-08,scroll,0.20970659583492068,0.052071763676363311,,93966
2026-03-08,soneium,0.04940973445472349,0.022111734163661174,,1161256
2026-03-08,starknet,3.371852684679308,0.091765617337549237,,228088
2026-03-08,taiko,0.05712963080663146,0.109673381158370513,,20599
2026-03-08,unichain,0.1793667452666508,0.023496169265001382,,747848
2026-03-08,worldchain,0.1415795568337998,0.083849835923893966,,1234397
2026-03-08,zksync_era,0.22216196992533652,0.002890561387960286,,15864
2026-03-09,arbitrum,12.713932362182565,0.031805683349203694,,2190637
2026-03-09,base,49.40471703664466,0.138019026109030008,,9674593
2026-03-09,ink,0.21908686926884768,0.007922385409949868,,491999
2026-03-09,linea,0.7460771733775476,0.001774208187340217,,41759
2026-03-09,lisk,0.0076888061113681554,0.001812508932916156,,6992
2026-03-09,mode,0.002971099003079713,0.004170243543193694,,49778
2026-03-09,optimism,0.4958517571317622,0.02407088662296588,,1741515
2026-03-09,scroll,0.20883870138640342,0.096879605951289175,,123626
2026-03-09,soneium,0.06675967823523378,0.028592198419840566,,1612508
2026-03-09,starknet,3.0255817155966147,0.155117179754127777,,229624
2026-03-09,taiko,0.060780429036484354,0.113013622476527393,,21826
2026-03-09,unichain,0.32370601726495213,0.028195931315448732,,1086423
2026-03-09,worldchain,0.14069184121477116,0.086203484393129662,,1193759
2026-03-09,zksync_era,0.31444418317317535,0.004605422008433172,,21034
2026-03-10,arbitrum,12.245290461062533,0.032614927101659918,,1946569
2026-03-10,base,54.40227021700606,0.162950613363502796,,10297539
2026-03-10,ink,0.2717528283100758,0.007818808987129714,,469870
2026-03-10,linea,0.805867228699363,0.001749676539676692,,35662
2026-03-10,lisk,0.005251498395469909,0.00192304369796176,,6987
2026-03-10,mode,0.0028372590989251957,0.004186863622323768,,48761
2026-03-10,optimism,0.4473796513719913,0.024242349936599526,,1642896
2026-03-10,scroll,0.19971486036824793,0.043073946664855679,,114853
2026-03-10,soneium,0.13401386285173855,0.033692641937504304,,2003587
2026-03-10,starknet,2.3134080513547577,0.14596437942791551,,217071
2026-03-10,taiko,0.06025629102736484,0.116275668923335144,,21893
2026-03-10,unichain,0.2609373215587517,0.027034191215532828,,931027
2026-03-10,worldchain,0.15778344044332468,0.08970821995332201,,1316939
2026-03-10,zksync_era,0.3261773625222418,0.004922881388462923,,23542
2026-03-11,arbitrum,10.441812148792481,0.03335591819828723,,1635375
2026-03-11,base,42.373508349629006,0.142362934082051028,,9073913
2026-03-11,ink,0.18126527543694232,0.007178824448385062,,391670
2026-03-11,linea,0.6538526941600619,0.001350602244385719,,32066
2026-03-11,lisk,0.007101862452140635,0.001851922726663596,,7079
2026-03-11,mode,0.0021539927223230572,0.004193626094358044,,48273
2026-03-11,optimism,1.1967830246408104,0.024628935315435424,,1707880
2026-03-11,scroll,0.3102890400364239,0.035774149594816812,,75724
2026-03-11,soneium,0.22713164460453433,0.029454828150216896,,1634308
2026-03-11,starknet,1.9736305298509602,0.133685402920922091,,197623
2026-03-11,taiko,0.05632220281730613,0.113294222300817983,,20914
2026-03-11,unichain,0.2204729515953089,0.026545153595262236,,854466
2026-03-11,worldchain,0.11904028727330272,0.085601067612369102,,1269977
2026-03-11,zksync_era,0.22425405002535398,0.005123210721810662,,16693
2026-03-12,arbitrum,10.53242960265592,0.0341839812239845,,2012267
2026-03-12,base,46.188961026403476,0.14936313628013413,,9607184
2026-03-12,ink,0.17369627214421512,0.007473774240726106,,466976
2026-03-12,linea,0.5880096098745095,0.001254603128330792,,32881
2026-03-12,lisk,0.008343812371835239,0.00184045472342912,,5302
2026-03-12,mode,0.0018439167316168517,0.00417249125568543,,48196
2026-03-12,optimism,0.6014483254871378,0.022128580983817276,,1413879
2026-03-12,scroll,0.4059441908163277,0.031483259301265605,,69485
2026-03-12,soneium,0.052053371088616976,0.018879523546200152,,786379
2026-03-12,starknet,2.382496679716119,0.124977971912755939,,366126
2026-03-12,taiko,0.06372608980675444,0.114412869616927338,,21159
2026-03-12,unichain,0.1977472057760511,0.02655012520001325,,836522
2026-03-12,worldchain,0.12380303580505617,0.086047315965683188,,1285918
2026-03-12,zksync_era,0.22827533328808605,0.005375212035005335,,17245
2026-03-13,arbitrum,12.201026246556271,0.05613760079067287,,1750758
2026-03-13,base,59.930898002722785,0.158774264517789124,,9608340
2026-03-13,ink,0.25628516245583094,0.008787749230414008,,479042
2026-03-13,linea,0.762645520303741,0.001762458757044839,,32864
2026-03-13,lisk,0.007324134103005087,0.002055671053399256,,8048
2026-03-13,mode,0.0033114804028342047,0.00432971774844032,,49756
2026-03-13,optimism,0.7375578334077519,0.025410310400350554,,1641846
2026-03-13,scroll,0.4088779000723609,0.034552820301100902,,75818
2026-03-13,soneium,0.05185671313289856,0.02147216468520377,,892531
2026-03-13,starknet,2.1341185507340112,0.197150236412106789,,171736
2026-03-13,taiko,0.07702343167901443,0.12417940341590435,,23108
2026-03-13,unichain,0.25792087827011595,0.02896735187417208,,895225
2026-03-13,worldchain,0.13833221355305828,0.087916626437194998,,1307471
2026-03-13,zksync_era,0.2847363001534654,0.006605952085167954,,20413
2026-03-14,arbitrum,11.12192915151105,0.021611922378788002,,3042381
2026-03-14,base,28.276565675667097,0.111497898568505148,,7906023
2026-03-14,ink,0.10655058379007877,0.006226792542640408,,442754
2026-03-14,linea,0.40524970572174734,0.001499910311689241,,22588
2026-03-14,lisk,0.0037097508521221575,0.001745651213631488,,5483
2026-03-14,mode,0.0064126151217131265,0.004044415042218598,,47882
2026-03-14,optimism,0.7531075654904151,0.019461021589870868,,1597041
2026-03-14,scroll,0.34416139738681445,0.029819634946542132,,61057
2026-03-14,soneium,0.03901419156461706,0.016380585812245394,,668821
2026-03-14,starknet,1.303222005569782,0.06699755877357467,,153466
2026-03-14,taiko,0.05065221857384346,0.11006802417218055,,19582
2026-03-14,unichain,0.1291043459313322,0.02365030467302865,,769298
2026-03-14,worldchain,0.10665876043017705,0.079782536974809198,,1245092
2026-03-14,zksync_era,0.17883194717562312,0.00280832450305517,,14833
2026-03-15,arbitrum,8.292839150370419,0.015583156798854091,,1285676
2026-03-15,base,40.463018566785465,0.113898419955882332,,8125336
2026-03-15,ink,0.14261659280100505,0.006125680165212508,,379456
2026-03-15,linea,0.690399993022148,0.001832036402256822,,30439
2026-03-15,lisk,0.006442351587950865,0.001755378984458072,,6127
2026-03-15,mode,0.0022506305735822997,0.004000277285808744,,48410
2026-03-15,optimism,0.9788518147159483,0.022455706958326482,,1987728
2026-03-15,scroll,0.18700423463925678,0.026754176414908398,,62286
2026-03-15,soneium,0.03446269146791432,0.020226455816589962,,975443
2026-03-15,starknet,1.5515306615506466,0.082714175558165904,,181962
2026-03-15,taiko,0.068022048075509,0.108563166877107316,,20615
2026-03-15,unichain,0.15661817209374954,0.024048126529790484,,779302
2026-03-15,worldchain,0.10011945098660278,0.081993800228476714,,1329885
2026-03-15,zksync_era,0.19792776914293325,0.002916811235432283,,13714
2026-03-16,arbitrum,12.788600260601829,0.057815292658372603,,1760856
2026-03-16,base,63.58882646689599,0.162273272581031432,,9747240
2026-03-16,ink,0.2635046609219481,0.008054052828661604,,392109
2026-03-16,linea,0.802883102853779,0.002469062403018989,,35782
2026-03-16,lisk,0.006970014701854066,0.002076634958718864,,9341
2026-03-16,mode,0.02704691391175349,0.004426990350157776,,55099
2026-03-16,optimism,0.6100644061461088,0.028037968186550336,,1916884
2026-03-16,scroll,0.23902566905240608,0.038118689787766761,,89923
2026-03-16,soneium,0.04692176527331205,0.020752957798830216,,874046
2026-03-16,starknet,2.1757982324391407,0.186454954748273671,,223578
2026-03-16,taiko,0.09213961601785862,0.126415053789174145,,22059
2026-03-16,unichain,0.4189251291733942,0.029809080079394616,,913874
2026-03-16,worldchain,0.1329923970189972,0.099316970189717824,,1486847
2026-03-16,zksync_era,0.3353116089459573,0.008018464154752496,,20616
2026-03-17,arbitrum,10.194338763904558,0.030544118293645165,,1488085
2026-03-17,base,52.15726783350817,0.132726498904792652,,8953598
2026-03-17,ink,0.21642623171888892,0.008063868942074632,,538969
2026-03-17,linea,0.5571456015276949,0.00161661595832234,,30917
2026-03-17,lisk,0.0054914309194882835,0.00183945457870174,,6244
2026-03-17,mode,0.001957875646034356,0.004266026197812356,,47888
2026-03-17,optimism,0.537579272744061,0.023938642059391268,,1873177
2026-03-17,scroll,0.249922744865737,0.031506814209327669,,84280
2026-03-17,soneium,0.054702269181389714,0.023764573713654574,,1188492
2026-03-17,starknet,2.1004025480038235,0.146780083117872188,,210130
2026-03-17,taiko,0.08777315959380806,0.117422704123739639,,21461
2026-03-17,unichain,0.27736935542840907,0.025761068177341156,,769306
2026-03-17,worldchain,0.11096510155857194,0.091631663284167172,,1566282
2026-03-17,zksync_era,0.27726042242048193,0.004968781143671937,,19952
2026-03-18,arbitrum,10.93761152214032,0.043415333453481977,,2006281
2026-03-18,base,43.193389182530694,0.137022576195035702,,8867269
2026-03-18,ink,0.1719579850580552,0.008160671123817608,,451044
2026-03-18,linea,1.7801328496614588,0.001702777808322786,,35248
2026-03-18,lisk,0.005478496679912883,0.001974911527676224,,8117
2026-03-18,mode,0.006755068096597394,0.004398340616728638,,49983
2026-03-18,optimism,0.5392779018347095,0.027912695342749962,,2376308
2026-03-18,scroll,0.21127656187717408,0.035878058843234925,,79593
2026-03-18,soneium,0.054183718213302076,0.019138888545752504,,792320
2026-03-18,starknet,2.1765201776235186,0.189796190767332148,,208373
2026-03-18,taiko,0.08357712662088732,0.115770751420943277,,21999
2026-03-18,unichain,0.2579170339405485,0.026926941018266996,,807891
2026-03-18,worldchain,0.2685570027328516,0.09141579693483654,,1442685
2026-03-18,zksync_era,0.332459325037359,0.00631169600901401,,24755
2026-03-19,arbitrum,11.723817999134134,0.04632781450107102,,2737102
2026-03-19,base,52.60626642014087,0.15134999030581638,,10215504
2026-03-19,ink,0.1577487097692985,0.00801899581524131,,476497
2026-03-19,linea,0.8473580432060579,0.001668412150237642,,35887
2026-03-19,lisk,0.013761903808949276,0.001909473635791844,,6870
2026-03-19,mode,0.0034240252941001633,0.00451388033448865,,49442
2026-03-19,optimism,0.5928844921010581,0.023688814510248092,,1796024
2026-03-19,scroll,0.20480147823520947,0.031115939197729614,,79260
2026-03-19,soneium,0.09487754467159604,0.020076840798658142,,870809
2026-03-19,starknet,1.9543932634188597,0.121747829693655293,,192902
2026-03-19,taiko,0.07774672181366475,0.133134945760789785,,21734
2026-03-19,unichain,0.4172958780128826,0.026266381111848304,,774835
2026-03-19,worldchain,0.13318645525323475,0.08653993415180851,,1484904
2026-03-19,zksync_era,0.2988273879248469,0.006484510546023692,,18434
2026-03-20,arbitrum,9.808966792119586,0.029206078720396017,,1955517
2026-03-20,base,37.648373212722596,0.120139227654564296,,8069171
2026-03-20,ink,0.1336465419894963,0.007147596064455418,,443062
2026-03-20,linea,0.6067140974682258,0.001613737105213882,,32278
2026-03-20,lisk,0.017191558243670264,0.001895230402090408,,9180
2026-03-20,mode,0.0013645547976170733,0.00418792436306598,,47843
2026-03-20,optimism,0.6458252008815307,0.021883831101572534,,1745402
2026-03-20,scroll,0.1974063815455638,0.030319834383370725,,70768
2026-03-20,soneium,2.693811015718108,0.020060710795060982,,913971
2026-03-20,starknet,1.6586172815326838,0.078232416387879012,,160872
2026-03-20,taiko,0.09789309758029086,0.12974798885334731,,20722
2026-03-20,unichain,0.2118063911225479,0.023525186742141292,,706582
2026-03-20,worldchain,0.1139339835691645,0.085582941191594052,,1471868
2026-03-20,zksync_era,0.20957360893339452,0.004722476650071154,,15963
2026-03-21,arbitrum,6.384363668958278,0.014735373222997309,,1557878
2026-03-21,base,25.327113815581153,0.096288764214571586,,7010291
2026-03-21,ink,0.09675767618711759,0.005732960091347038,,387116
2026-03-21,linea,0.5779487338140263,0.001547539178612361,,27899
2026-03-21,lisk,0.004897016834672241,0.001793115068025392,,6564
2026-03-21,mode,0.021805685703499854,0.004011321419920924,,47780
2026-03-21,optimism,0.7971814502357014,0.019029218706980544,,1641629
2026-03-21,scroll,0.1902435382720815,0.023768504041453527,,57173
2026-03-21,soneium,0.06793141724234601,0.02135410074391727,,1066810
2026-03-21,starknet,1.357280245190829,0.035464891726783751,,162539
2026-03-21,taiko,0.2501030814934338,0.12330245054315351,,18975
2026-03-21,unichain,0.10610011563090144,0.020255841195913324,,509094
2026-03-21,worldchain,0.11262296794965691,0.078215037792006644,,1357552
2026-03-21,zksync_era,0.17026442938104405,0.003023382731446432,,13683
2026-03-22,arbitrum,9.265913832343191,0.127618600453383458,,1758791
2026-03-22,base,41.69840492447496,0.149473976005839764,,8361504
2026-03-22,ink,0.13188456827289444,0.008952030458835218,,446072
2026-03-22,linea,0.6206033668181485,0.002376952964336844,,31128
2026-03-22,lisk,0.01901814441413402,0.00232635312178612,,7508
2026-03-22,mode,0.00885694142102385,0.004980840214515178,,45556
2026-03-22,optimism,0.6259450538522153,0.038932580407492204,,1680206
2026-03-22,scroll,0.27272742606183753,0.031588933275464412,,75070
2026-03-22,soneium,0.1474043497771973,0.024609527065981688,,852332
2026-03-22,starknet,1.9427224921302613,0.195783839739337768,,195697
2026-03-22,taiko,0.3387706161418597,0.198936056194605397,,20291
2026-03-22,unichain,0.2056679247686498,0.03681707925413717,,538836
2026-03-22,worldchain,0.17203077663546143,0.106417326781230866,,1297761
2026-03-22,zksync_era,0.24636958667022268,0.026929511845900872,,19742
2026-03-23,arbitrum,14.657233187734672,0.059634623851199846,,2464189
2026-03-23,base,93.21649837705357,0.140079289722520858,,9135756
2026-03-23,ink,0.22842619540249093,0.008581416340946338,,493086
2026-03-23,linea,0.8961662132727632,0.001287593257083359,,57023
2026-03-23,lisk,0.017468199262724617,0.00193689986716922,,8815
2026-03-23,mode,0.005305640036856671,0.00438557797616415,,50336
2026-03-23,optimism,0.613464874202017,0.02743918928318364,,1893661
2026-03-23,scroll,0.22053976286688243,0.037814738120472662,,92737
2026-03-23,soneium,0.07820579766355368,0.020463563321243212,,837262
2026-03-23,starknet,2.419208951796549,0.104857766313525425,,206719
2026-03-23,taiko,0.14787125573425847,0.118347583070485374,,22097
2026-03-23,unichain,0.6054750582571957,0.023993677969295488,,634188
2026-03-23,worldchain,0.13325463745867022,0.09480371297018344,,1303035
2026-03-23,zksync_era,0.3778118129860787,0.006092961032107905,,20770
2026-03-24,arbitrum,6.125637937658624,0.026911208124190387,,2130974
2026-03-24,base,43.54004954315675,0.115809889996874922,,7974564
2026-03-24,ink,0.13409161096260797,0.007067332955572836,,436476
2026-03-24,linea,0.5164447600783444,0.01182136269916232,,28579
2026-03-24,lisk,0.007340465524019256,0.0018498961604398,,7561
2026-03-24,mode,0.002005114038149425,0.004166858873699082,,47685
2026-03-24,optimism,0.7770390460413196,0.023650032116227876,,2014437
2026-03-24,scroll,0.19941560345956086,0.038781466962191028,,71433
2026-03-24,soneium,0.041331996354484056,0.016603592591247704,,669840
2026-03-24,starknet,2.01237678281486,0.054295176320340371,,191735
2026-03-24,taiko,0.12808512698306238,0.118368517584666342,,18777
2026-03-24,unichain,0.1785119135040426,0.021748072758114876,,572424
2026-03-24,worldchain,0.10772861519086821,0.083078939982312836,,1415280
2026-03-24,zksync_era,0.2274232195897807,0.003829161862262739,,15754
2026-03-25,arbitrum,6.246383784189163,0.029876880664903037,,2067268
2026-03-25,base,36.26899673115866,0.11381170038934619,,7675741
2026-03-25,ink,0.2002528976226315,0.007173332811280976,,438360
2026-03-25,linea,0.6212958234083797,0.001440124830187164,,28780
2026-03-25,lisk,0.0067973982712128955,0.00192343634944662,,8289
2026-03-25,mode,0.003387262387411288,0.004101948821883808,,48702
2026-03-25,optimism,0.5230074043072723,0.02459610324726189,,2254562
2026-03-25,scroll,0.19344367937004225,0.031869445685701488,,62578
2026-03-25,soneium,0.05000117132116979,0.016529885051602014,,665221
2026-03-25,starknet,1.9466139893881313,0.039059415246395636,,191197
2026-03-25,taiko,0.23246908881389872,0.113544152986113146,,19000
2026-03-25,unichain,0.1627374525887269,0.022494757248447646,,622383
2026-03-25,worldchain,0.08904864175242003,0.078172920437668664,,1418214
2026-03-25,zksync_era,0.18782050847117626,0.003901957166086719,,15282
2026-03-26,arbitrum,7.62701575804174,0.037517737776551334,,2525170
2026-03-26,base,41.61142182540588,0.125040877389049402,,8829927
2026-03-26,ink,0.19283193805724613,0.00743726775700732,,420766
2026-03-26,linea,0.559999772342337,0,,30832
2026-03-26,lisk,0.010432786269638204,0.001919200716466568,,9411
2026-03-26,mode,0.012922505963869652,0.004213536961734688,,48872
2026-03-26,optimism,0.6105999999029604,0.02276028315688973,,1948863
2026-03-26,scroll,0.23079945119513576,0.039003331929196895,,67088
2026-03-26,soneium,0.05252937112201642,0.017212204574422926,,692209
2026-03-26,starknet,2.1013699734995424,0.043105812821393332,,211185
2026-03-26,taiko,0.13047854394386832,0.12196574068839299,,18488
2026-03-26,unichain,0.11944179449684954,0.021513621264955942,,546023
2026-03-26,worldchain,0.09613604559411118,0.076506101808778264,,1313811
2026-03-26,zksync_era,0.23228107752188723,0.004115056424269934,,16789
2026-03-27,arbitrum,6.697752165016526,0.040497327327696121,,2218014
2026-03-27,base,48.92538022567259,0.165857600821232824,,12853178
2026-03-27,ink,0.568291337686074,0.007637000417956706,,424382
2026-03-27,linea,0.5630152762317173,0.069190720395031344,,29882
2026-03-27,lisk,0.010206174606932655,0.002043962176549356,,13860
2026-03-27,mode,0.003321053096335102,0.004280071269908682,,48135
2026-03-27,optimism,0.6839615555356516,0.026571299140754336,,2191445
2026-03-27,scroll,0.2162320617164355,0.034604392157213481,,68183
2026-03-27,soneium,0.04443491474752714,0.017410119165685292,,639784
2026-03-27,starknet,2.033497268395378,0.067678400655552814,,181411
2026-03-27,taiko,0.05321827456391452,0.125523378312598618,,18715
2026-03-27,unichain,0.07602043378614307,0.023155139654678356,,581811
2026-03-27,worldchain,0.20685687378644244,0.082122717514983578,,1471919
2026-03-27,zksync_era,0.2330279665957248,0.007192448897305596,,15586
2026-03-28,arbitrum,4.961031614417196,0.023505784858253056,,1741246
2026-03-28,base,35.39463530071145,0.11706414844939796,,6735098
2026-03-28,ink,0.11129924533437588,0.006051723544201748,,380370
2026-03-28,linea,0.4374787383719416,0.002460705769456934,,22517
2026-03-28,lisk,0.007119410146819734,0.001847306652427604,,8461
2026-03-28,mode,0.0026415203229378614,0.004146394873152164,,47893
2026-03-28,optimism,0.5478535169396095,0.022111318040360982,,1929571
2026-03-28,scroll,0.1984906505478351,0.027374478845195745,,63084
2026-03-28,soneium,0.06790255482433308,0.023205630045078536,,1156286
2026-03-28,starknet,1.7475774251389724,0.034109260006129779,,166182
2026-03-28,taiko,0.04691348995031124,0.121454214650777157,,17551
2026-03-28,unichain,0.062342270482180655,0.023469532881667166,,672173
2026-03-28,worldchain,0.11443970822355276,0.084330381465343902,,1596456
2026-03-28,zksync_era,0.16491338132718092,0.003552457088288604,,13317
2026-03-29,arbitrum,4.717533739999947,0.03303749886488179,,1255813
2026-03-29,base,36.05771159258754,0.117758499323065634,,7538411
2026-03-29,ink,0.13027901118788732,0.006460019538900868,,354784
2026-03-29,linea,0.4564518554449366,0.0032568806657452,,23715
2026-03-29,lisk,0.0065203964599228415,0.001957441223586584,,8815
2026-03-29,mode,0.0021924072877867406,0.004273823856134814,,47510
2026-03-29,optimism,0.5855255928386377,0.02301453783443428,,1737454
2026-03-29,scroll,0.1821540381766827,0.027072264939908964,,58493
2026-03-29,soneium,0.09100725969181928,0.025514558974216458,,1218237
2026-03-29,starknet,1.610642451409343,0.052205952038273759,,172222
2026-03-29,taiko,0.04072979169936665,0.12227860831267968,,17086
2026-03-29,unichain,0.05132614057981944,0.024660645761897358,,675593
2026-03-29,worldchain,0.10641469830000833,0.07555884053981598,,1295468
2026-03-29,zksync_era,0.19581018849847434,0.006073797182392473,,15019
2026-03-30,arbitrum,5.560518050871838,0.033161932957568154,,1536406
2026-03-30,base,43.70426608924062,0.120616598144890124,,8103807
2026-03-30,ink,0.17574899921992554,0.0070676232507728,,355052
2026-03-30,linea,0.5328812223802394,0.003973178850664576,,29818
2026-03-30,lisk,0.012309153118903378,0.001984676082979596,,9527
2026-03-30,mode,0.0042708666519553065,0.004344293165886662,,48476
2026-03-30,optimism,0.5797889824129333,0.025438009761452736,,1861746
2026-03-30,scroll,0.19741549069450037,0.028560047224940274,,66463
2026-03-30,soneium,0.12304235637944688,0.025008286299602,,1118202
2026-03-30,starknet,2.286474904170297,0.063794227500194817,,196288
2026-03-30,taiko,0.059744081057217985,0.131938941734836982,,21703
2026-03-30,unichain,0.09369816224129872,0.025727874317975096,,734283
2026-03-30,worldchain,0.11560971944872485,0.078276046653585246,,1217086
2026-03-30,zksync_era,0.22846024596438602,0.005979919733682028,,15952
2026-03-31,arbitrum,6.64981883698624,0.063654414425638603,,1982570
2026-03-31,base,43.61808996730798,0.145773447885829436,,8697902
2026-03-31,ink,0.16399173624933594,0.0082225020383607,,358628
2026-03-31,linea,0.5920134944122627,0.002711516347761396,,29947
2026-03-31,lisk,0.010950180332303047,0.002214952744620216,,8302
2026-03-31,mode,0.005788383720059572,0.004639697470366238,,49477
2026-03-31,optimism,0.5630277494759877,0.02683344190574334,,1707931
2026-03-31,scroll,0.4165846829637146,0.031410648664267143,,70612
2026-03-31,soneium,0.10079244236239981,0.030296939574627902,,1315463
2026-03-31,starknet,2.327565209065049,0.109249781927257473,,200259
2026-03-31,taiko,0.13212408549895363,0.115208027628781642,,21705
2026-03-31,unichain,0.07154846315565455,0.026852626940975048,,685096
2026-03-31,worldchain,0.10692206966247263,0.079186267752952442,,1182998
2026-03-31,zksync_era,0.24349655787825103,0.007164748909423256,,15858
2026-04-01,arbitrum,9.648992122645451,0.041983430286271324,,1734842
2026-04-01,base,43.808913984597424,0.138537983194075436,,8767309
2026-04-01,ink,0.18719351258277836,0.007392822608832194,,374873
2026-04-01,linea,0.5161238813442778,0.008361491519358593,,28362
2026-04-01,lisk,0.013980593656010443,0.002066459223746964,,8972
2026-04-01,mode,0.004250182671119843,0.004508312752531574,,49406
2026-04-01,optimism,0.5808746985461114,0.02670915740688518,,1920975
2026-04-01,scroll,0.6756047701109462,0.032549902402841529,,69729
2026-04-01,soneium,0.2498415231777831,0.028848038569299168,,1232605
2026-04-01,starknet,2.11261805959411,0.077905087196019538,,182242
2026-04-01,taiko,0.1966493340826185,0.102378130195739367,,24386
2026-04-01,unichain,0.062416533802157365,0.026513466779061016,,705269
2026-04-01,worldchain,0.10557179207460729,0.075618629713178584,,1172632
2026-04-01,zksync_era,0.2258497748018748,0.008836002024582556,,18218
2026-04-02,arbitrum,10.437280481104644,0.036683293338739145,,1755366
2026-04-02,base,43.10176816896462,0.140344039296566238,,9455077
2026-04-02,ink,0.18319284400722213,0.00707879916406489,,373962
2026-04-02,linea,0.5909914382891055,0.041195623131863328,,30330
2026-04-02,lisk,0.011579053221191392,0.002127816187522044,,10573
2026-04-02,mode,0.004396145262342322,0.004372499418226426,,48631
2026-04-02,optimism,0.8772304559147822,0.026471025959099498,,1964316
2026-04-02,scroll,1.0237701702042648,0.030853076172308595,,63379
2026-04-02,soneium,0.14372960674562665,0.03467693022579629,,1646531
2026-04-02,starknet,2.891065955757319,0.066578220265292341,,183906
2026-04-02,taiko,0.2735492918152074,0.057197968761761665,,40734
2026-04-02,unichain,0.08668968998213913,0.026179856239627568,,738959
2026-04-02,worldchain,0.10239482458103119,0.074401974349045816,,1290432
2026-04-02,zksync_era,0.24618873538206748,0.006440065907725658,,18051
2026-04-03,arbitrum,6.886547512881135,0.027936583973194313,,1381853
2026-04-03,base,28.075606334310407,0.116312684165588072,,7693082
2026-04-03,ink,0.14789922545352066,0.00680592658400075,,402873
2026-04-03,linea,0.6901573567941134,0.003927175315245039,,24583
2026-04-03,lisk,0.01645974173198134,0.00202675707476414,,10637
2026-04-03,mode,0.004051476583892659,0.004356308935369944,,48469
2026-04-03,optimism,0.4756809846425163,0.02186933892558018,,1476940
2026-04-03,scroll,1.3277763217238079,0.026948635344689109,,54197
2026-04-03,soneium,0.1799760182926358,0.036085279815872466,,1897476
2026-04-03,starknet,1.9923425474375132,0.062340565516541495,,181434
2026-04-03,taiko,0.09995896130000315,0.023898456134657708,,62076
2026-04-03,unichain,0.046261917209474666,0.025006831693123644,,675407
2026-04-03,worldchain,0.0931334880544232,0.073649291278700966,,1170173
2026-04-03,zksync_era,0.2614664223388171,0.006081825860401822,,17088
2026-04-04,arbitrum,5.170150825797368,0.020196487188786745,,1057099
2026-04-04,base,22.12326165832378,0.103142688666955268,,7178047
2026-04-04,ink,0.10758726926476314,0.005830231757014496,,309189
2026-04-04,linea,0.7091075808571046,0.007385324762300378,,26203
2026-04-04,lisk,0.005564179743283555,0.00204885805073166,,8153
2026-04-04,mode,0.0015992569153989223,0.004214226553875818,,47234
2026-04-04,optimism,0.407374654553259,0.021571786393833014,,1528536
2026-04-04,scroll,3.3320948620225215,0.024482583919969569,,50691
2026-04-04,soneium,0.051990522365259924,0.02868772916446012,,1448566
2026-04-04,starknet,1.4979079222365845,0.049290402459985626,,160076
2026-04-04,taiko,0.09472934101319404,0.023287550871270254,,60775
2026-04-04,unichain,0.04631468767380294,0.024082708083664546,,659891
2026-04-04,worldchain,0.0895348910389617,0.06974064886348684,,1156334
2026-04-04,zksync_era,0.23882864292529826,0.00513373326301353,,16354
2026-04-05,arbitrum,6.617075248195273,0.022549000699251521,,1343349
2026-04-05,base,36.09128294740467,0.104730413793922328,,7012613
2026-04-05,ink,0.1358788766896484,0.00617116627161229,,363703
2026-04-05,linea,0.48424677453498277,0.002038663657575192,,26199
2026-04-05,lisk,0.0071333369151697175,0.0019118561096585,,8598
2026-04-05,mode,0.004430331584155374,0.004261983740731142,,49847
2026-04-05,optimism,0.4985609616228208,0.023025808822839962,,1788315
2026-04-05,scroll,6.361129372806698,0.023347467753745998,,49170
2026-04-05,soneium,0.05455948460905826,0.024477222498283232,,1110058
2026-04-05,starknet,1.6211822995151006,0.04563089140878195,,154945
2026-04-05,taiko,0.08798608368276559,0.023304402062726934,,56291
2026-04-05,unichain,0.05346508533665951,0.02427555798147105,,668509
2026-04-05,worldchain,0.09195187755202217,0.06957394875901426,,1185561
2026-04-05,zksync_era,0.2678292395538049,0.005096538124586124,,19467
2026-04-06,arbitrum,12.585231358773926,0.032323107171961674,,2403093
2026-04-06,base,46.85117380643885,0.115877079912839916,,7773388
2026-04-06,ink,0.173303104007328,0.006692849499801272,,434533
2026-04-06,linea,0.5493976133274456,0.0019479985721255,,28314
2026-04-06,lisk,0.009292136119162187,0.002021983810569452,,11672
2026-04-06,mode,0.004749643948917771,0.004204960664549268,,49469
2026-04-06,optimism,0.5868629322669103,0.023319492997786192,,1849384
2026-04-06,scroll,12.830636754628443,0.026036533149932853,,56315
2026-04-06,soneium,0.06603532469070317,0.024705666756341986,,1051007
2026-04-06,starknet,1.898277205342537,0.049865214347747909,,181542
2026-04-06,taiko,0.07586536838623541,0.02338989552257334,,51717
2026-04-06,unichain,0.07452793718309608,0.024712968069455942,,705412
2026-04-06,worldchain,0.11820333276217616,0.073429887655986868,,1259744
2026-04-06,zksync_era,0.2669781710182508,0.005178147629213013,,17709
2026-04-07,arbitrum,11.740638064793853,0.045403440033664459,,2603980
2026-04-07,base,67.14058158840218,0.135203085503897756,,8735550
2026-04-07,ink,0.2034514532456196,0.007417420708350362,,400270
2026-04-07,linea,0.580733330503068,0.001546350841627466,,29416
2026-04-07,lisk,0.011205029124169333,0.00201896271182062,,11456
2026-04-07,mode,0.0039435837398006,0.0043889541584641,,49718
2026-04-07,optimism,0.5391910131953349,0.024497805095976486,,1796575
2026-04-07,scroll,16.475124508923095,0.027364019730817632,,57099
2026-04-07,soneium,0.05551827752874559,0.02606148722385745,,1029571
2026-04-07,starknet,2.072204577967691,0.071088344828158893,,193738
2026-04-07,taiko,0.1127131843390663,0.024339590596667012,,52970
2026-04-07,unichain,0.08496337195511401,0.025884422184796704,,738211
2026-04-07,worldchain,0.1070339678546539,0.07905021819450746,,1220047
2026-04-07,zksync_era,0.30865918042714263,0.006541816992701155,,18933
2026-04-08,arbitrum,9.576682729431454,0.048364464120388217,,1923917
2026-04-08,base,48.435891401582914,0.133524522400886328,,8322320
2026-04-08,ink,0.18127013056945007,0.007718977441319548,,361371
2026-04-08,linea,0.547827338555396,0.002159097025188006,,26531
2026-04-08,lisk,0.009470784364650039,0.002133718509790108,,10013
2026-04-08,mode,0.002916006723218,0.004649137785789324,,47482
2026-04-08,optimism,1.188721167746754,0.028887026551939304,,2065299
2026-04-08,scroll,12.939669053840941,0.039193865886713458,,34610
2026-04-08,soneium,0.05980316087250091,0.027934603626293998,,1137025
2026-04-08,starknet,1.913132687083157,0.087299942711023956,,185638
2026-04-08,taiko,0.09377816678195824,0.025544768625099188,,55577
2026-04-08,unichain,0.07035225975290893,0.027246636453194302,,734687
2026-04-08,worldchain,0.12480978016512491,0.07813694027947229,,1237926
2026-04-08,zksync_era,0.25362154852893476,0.008899535846272859,,17207
