date_utc,l1_base_fee_burn_eth,l1_blob_fee_burn_eth,l1_priority_fee_eth,l1_total_rent_eth,l1_blob_gas_used,l1_calldata_gas_used,l1_blob_base_fee_gwei
2022-01-01,4.630349282996615463,0,0.710356660003384537,5.340705943,,65598547,
2022-01-02,4.045976972447241647,0,0.519394486552758353,4.565371459,,43576131,
2022-01-03,6.405919618506797449,0,0.721563919493202551,7.127483538,,65840775,
2022-01-04,11.05878022203972641,0,0.946542860086863675,12.005323082126590085,,91263717,
2022-01-05,8.84112941909488617,0,0.802604647668810775,9.643734066763696945,,62461316,
2022-01-06,7.441649407080646399,0,0.699955096504493077,8.141604503585139476,,60981892,
2022-01-07,13.257427875497040001,0,1.1460398518955029,14.403467727392542901,,99942328,
2022-01-08,13.789337734239565175,0,1.223748011156977685,15.01308574539654286,,125976169,
2022-01-09,14.244625636644195504,0,1.252368109197702229,15.496993745841897733,,108939954,
2022-01-10,11.791973277450792157,0,0.943705724549207843,12.735679002,,62270653,
2022-01-11,5.298562742060633831,0,0.474394884939366169,5.772957627,,32775945,
2022-01-12,5.169267807557663813,0,0.491388216442336187,5.660656024,,34328020,
2022-01-13,5.637578354316362361,0,0.511637688683637639,6.149216043,,36544528,
2022-01-14,4.207611965525946053,0,0.347767470474053947,4.555379436,,26986311,
2022-01-15,3.601343416901397572,0,0.400185742098602428,4.001529159,,29276826,
2022-01-16,3.15959404143080672,0,0.340931311000623152,3.500525352431429872,,27293780,
2022-01-17,4.176247359740239163,0,0.489990801951020241,4.666238161691259404,,34016135,
2022-01-18,6.777636819086739977,0,0.668705888553193656,7.446342707639933633,,63802414,
2022-01-19,6.099204203205810905,0,0.629097351794189095,6.728301555,,58470824,
2022-01-20,7.662215709941897004,0,0.713705511058102996,8.375921221,,57378745,
2022-01-21,16.342149307164387818,0,1.32632488938164076,17.668474196546028578,,102214262,
2022-01-22,24.643547846057345814,0,1.73465108063309903,26.378198926690444844,,165565424,
2022-01-23,11.673969583900985758,0,0.977308272189587252,12.65127785609057301,,103361405,
2022-01-24,17.247928789222678744,0,1.498483189382407099,18.746411978605085843,,138247454,
2022-01-25,11.305756470017884496,0,0.996130054982115504,12.301886525,,89807870,
2022-01-26,11.34755155446824341,0,0.977631613203180024,12.325183167671423434,,85280205,
2022-01-27,14.75021309257033814,0,1.132343663853284348,15.882556756423622488,,103042618,
2022-01-28,9.823944815571718555,0,0.842151222428281445,10.666096038,,82081452,
2022-01-29,7.232421215795389562,0,0.629660263204610438,7.862081479,,68173443,
2022-01-30,8.043671611065642833,0,0.745271166884423503,8.788942777950066336,,76723476,
2022-01-31,10.335478274156952524,0,0.811779156142257371,11.147257430299209895,,95480029,
2022-02-01,9.594694432544291244,0,0.820336617911195334,10.415031050455486578,,73545499,
2022-02-02,12.886630956215683237,0,0.989812684060333587,13.876443640276016824,,101689365,
2022-02-03,9.346124279678921632,0,0.838658127802483088,10.18478240748140472,,90365546,
2022-02-04,7.607919623775808676,0,0.734602933224191324,8.342522557,,82548412,
2022-02-05,6.409493753657422447,0,0.677575922342577553,7.087069676,,92624720,
2022-02-06,5.197558552433710796,0,0.561587681566289204,5.759146234,,77031227,
2022-02-07,10.645395263032538706,0,0.941064985967461294,11.586460249,,99919261,
2022-02-08,7.68627118854991874,0,0.765387043174739912,8.451658231724658652,,94699004,
2022-02-09,8.121482250320880683,0,0.814844577296380811,8.936326827617261494,,95825807,
2022-02-10,9.222309400738124113,0,0.819031236261875887,10.041340637,,102005754,
2022-02-11,7.666742377903113283,0,0.863408178096886717,8.530150556,,109369038,
2022-02-12,5.622056452525712774,0,0.709210468381317686,6.33126692090703046,,94080152,
2022-02-13,4.226666773742818953,0,0.573965930319713912,4.800632704062532865,,78070951,
2022-02-14,3.879920314828572644,0,0.517475428171427356,4.397395743,,72803248,
2022-02-15,4.552720430490599525,0,0.596641961509400475,5.149362392,,76870815,
2022-02-16,6.64513189381084858,0,0.662897751463140016,7.308029645273988596,,90501939,
2022-02-17,6.349430892901189684,0,0.697534390098810316,7.046965283,,92206362,
2022-02-18,7.570489922474098811,0,0.738317194710715251,8.308807117184814062,,75270930,
2022-02-19,3.418081206254062396,0,0.436728016745937604,3.854809223,,55985254,
2022-02-20,4.277365780327080186,0,0.519210110294440054,4.79657589062152024,,71732166,
2022-02-21,8.704916869055173897,0,0.849393738944826103,9.554310608,,97587815,
2022-02-22,6.908129334649683888,0,0.691499538758412496,7.599628873408096384,,89679081,
2022-02-23,6.845273870305123815,0,0.744197104694876185,7.589470975,,92853267,
2022-02-24,16.461599232104626049,0,1.419579209895373951,17.881178442,,191529639,
2022-02-25,8.28723672243715143,0,0.9584435578293472,9.24568028026649863,,160731715,
2022-02-26,3.585614651432321486,0,0.611531015567678514,4.197145667,,84028763,
2022-02-27,3.059031249274479141,0,0.521886401725520859,3.580917651,,77503031,
2022-02-28,8.129565553694824149,0,0.901585715305175851,9.031151269,,122911381,
2022-03-01,4.081545831166002061,0,0.534882157833997939,4.616427989,,73383564,
2022-03-02,4.768511264731576426,0,0.729672705268423574,5.49818397,,91072253,
2022-03-03,4.649725861554522045,0,0.721584869916552169,5.371310731471074214,,97780568,
2022-03-04,7.61176982418340455,0,6.489169509658474058,14.100939333841878608,,151961295,
2022-03-05,4.722198524664068287,0,4.167807018355549334,8.890005543019617621,,130877102,
2022-03-06,6.550540031022525635,0,5.558810221244541281,12.109350252267066916,,149351518,
2022-03-07,8.063418771412950806,0,7.403805944078711989,15.467224715491662795,,195329078,
2022-03-08,7.111985719259318813,0,5.829540651295249551,12.941526370554568364,,191173971,
2022-03-09,6.920593912811675401,0,5.799595271626942329,12.72018918443861773,,186541902,
2022-03-10,6.83587256207471713,0,6.199626347603940181,13.035498909678657311,,213291000,
2022-03-11,5.652618105082554439,0,4.954911158918674424,10.607529264001228863,,193211730,
2022-03-12,2.806383979667795182,0,2.523345194595417191,5.329729174263212373,,125860198,
2022-03-13,3.410290562978896024,0,3.06557482359489573,6.475865386573791754,,121963165,
2022-03-14,4.647275461479197275,0,4.335433061152287179,8.982708522631484454,,153610879,
2022-03-15,6.15946730934453564,0,5.251484686202253388,11.410951995546789028,,155860773,
2022-03-16,9.007307521913827789,0,7.554876092355392602,16.562183614269220391,,225641379,
2022-03-17,10.842926112492942491,0,8.400880370154816273,19.243806482647758764,,171116408,
2022-03-18,8.968957848270656065,0,7.613420708253855445,16.58237855652451151,,158153825,
2022-03-19,5.035567944953584758,0,3.251563464053174403,8.287131409006759161,,164688279,
2022-03-20,4.178462826318292197,0,2.660659733769976346,6.839122560088268543,,172018677,
2022-03-21,5.566477626925596037,0,3.273990966484605457,8.840468593410201494,,175756643,
2022-03-22,7.022649740863235988,0,4.289130813054916488,11.311780553918152476,,180751322,
2022-03-23,7.789948200058013894,0,4.838877453952698653,12.628825654010712547,,201975442,
2022-03-24,11.505666994875024135,0,7.43563047714671793,18.941297472021742065,,236445487,
2022-03-25,7.721304269943835207,0,5.026331818443900482,12.747636088387735689,,159883050,
2022-03-26,2.959273067446932183,0,1.744255749279131151,4.703528816726063334,,94016161,
2022-03-27,5.043756110210223991,0,4.754904384305172234,9.798660494515396225,,101477628,
2022-03-28,12.07855074879582916,0,9.424171599468704759,21.502722348264533919,,156309625,
2022-03-29,7.652273635515291517,0,6.04511666388829978,13.697390299403591297,,166316904,
2022-03-30,9.375427665408726681,0,7.100735044129608878,16.476162709538335559,,169263783,
2022-03-31,9.608512963722217599,0,6.968285984852004257,16.576798948574221856,,169641477,
2022-04-01,10.175765690960429094,0,7.005111369024068384,17.180877059984497478,,158574855,
2022-04-02,7.699283005419157986,0,4.489048577243214517,12.188331582662372503,,136144115,
2022-04-03,6.058190384909464536,0,4.269816601988641271,10.328006986898105807,,119150031,
2022-04-04,8.352934499839410133,0,4.864936078697738823,13.217870578537148956,,126483595,
2022-04-05,8.909134247935744022,0,4.412707645522304189,13.321841893458048211,,113599221,
2022-04-06,12.002211251848257277,0,6.619275369747437471,18.621486621595694748,,200000213,
2022-04-07,10.075937429498943435,0,5.102564851309802083,15.178502280808745518,,153657476,
2022-04-08,8.800147678329942359,0,5.507731306395983248,14.307878984725925607,,157219641,
2022-04-09,4.14351488769411895,0,2.370925677867822039,6.514440565561940989,,116223728,
2022-04-10,3.98582566107277737,0,2.287907259627272812,6.273732920700050182,,112791212,
2022-04-11,8.80043349664241025,0,4.488175414010152686,13.288608910652562936,,190108055,
2022-04-12,6.993057486685042697,0,4.270491693725044854,11.263549180410087551,,151516058,
2022-04-13,6.682397192857939877,0,3.465878559744587875,10.148275752602527752,,137263402,
2022-04-14,6.99794575093250298,0,3.4511219974376458,10.44906774837014878,,146645654,
2022-04-15,5.217884845672571647,0,2.625232621661673637,7.843117467334245284,,131098474,
2022-04-16,3.091939817661694102,0,1.623396771264950612,4.715336588926644714,,106188748,
2022-04-17,3.010347535624659544,0,1.782163115030269851,4.792510650654929395,,118537197,
2022-04-18,5.404123779077584282,0,3.507593064373759097,8.911716843451343379,,142849113,
2022-04-19,6.604905989382358153,0,2.789743991879159817,9.39464998126151797,,156762242,
2022-04-20,17.366140127134557236,0,7.412774696267398131,24.778914823401955367,,255800452,
2022-04-21,13.409461447149135203,0,6.278418067614924661,19.687879514764059864,,223252406,
2022-04-22,10.01492266110458693,0,3.613463592156252513,13.628386253260839443,,205361373,
2022-04-23,6.309006303787710594,0,2.468090217475362192,8.777096521263072786,,189761870,
2022-04-24,6.207310680197273498,0,3.059510975239184648,9.266821655436458146,,189466343,
2022-04-25,10.683943999128510602,0,5.479027376810712959,16.162971375939223561,,201270108,
2022-04-26,11.821170336961734963,0,4.644746143893196828,16.465916480854931791,,232370116,
2022-04-27,12.378630581713839786,0,6.653645045597288856,19.032275627311128642,,261937180,
2022-04-28,10.667923589845986595,0,5.143853378035910024,15.811776967881896619,,206683510,
2022-04-29,11.305111067288962713,0,4.75324124063541391,16.058352307924376623,,223333905,
2022-04-30,11.69879683889753348,0,4.604559208010980408,16.303356046908513888,,229100865,
2022-05-01,23.423180132541678066,0,4.897904148684291947,28.321084281225970013,,182416502,
2022-05-02,13.344203740669508967,0,5.840027206886881941,19.184230947556390908,,195539968,
2022-05-03,11.371523673279625954,0,5.295998953602890822,16.667522626882516776,,180118837,
2022-05-04,12.485466214088941583,0,1.809824011473873949,14.295290225562815532,,242679794,
2022-05-05,15.386426074085072008,0,0.258929488037144882,15.64535556212221689,,250072453,
2022-05-06,12.836520936962621588,0,0.714886956357038873,13.551407893319660461,,273465107,
2022-05-07,7.741282790850160899,0,0.273615622708397781,8.01489841355855868,,236852906,
2022-05-08,7.489220609616610822,0,0.284682681357317936,7.773903290973928758,,280023013,
2022-05-09,26.702536657327123649,0,0.393081895029434247,27.095618552356557896,,388566529,
2022-05-10,26.885305172307713287,0,0.49821445695805985,27.383519629265773137,,490984186,
2022-05-11,66.474369245185095456,0,0.528117191011705141,67.002486436196800597,,508764550,
2022-05-12,136.36405195317396979,0,0.755835962513254642,137.119887915687224432,,725922233,
2022-05-13,29.711846154331880507,0,0.383405449046840369,30.095251603378720876,,378679102,
2022-05-14,11.243663459240774879,0,0.318618336701665365,11.562281795942440244,,316143952,
2022-05-15,6.750240646884924657,0,0.29071334625757976,7.040953993142504417,,288405648,
2022-05-16,6.764700043255722605,0,0.293815847032430408,7.058515890288153013,,278665636,
2022-05-17,8.698635817126427594,0,0.252950661431814895,8.951586478558242489,,246233635,
2022-05-18,7.025330816236713284,0,0.253586518145285251,7.278917334381998535,,249300720,
2022-05-19,7.196384085274623604,0,0.273725064475733262,7.470109149750356866,,271477475,
2022-05-20,7.062173506159409548,0,0.25515417425491301,7.317327680414322558,,232061106,
2022-05-21,4.441335617111787124,0,0.226028728359261224,4.667364345471048348,,220369009,
2022-05-22,4.638790146089009531,0,0.216215395493613646,4.855005541582623177,,208603795,
2022-05-23,7.107594127327344006,0,0.279003087637235601,7.386597214964579607,,272869470,
2022-05-24,7.161243570319558454,0,0.310723949305454747,7.471967519625013201,,243346696,
2022-05-25,8.452668519159841209,0,0.296758550590706802,8.749427069750548011,,250366967,
2022-05-26,13.726527880203815978,0,0.279873365513166798,14.006401245716982776,,274917945,
2022-05-27,14.31248002541849465,0,0.344074405243618557,14.656554430662113207,,334251782,
2022-05-28,4.959345642538809459,0,0.237682632631034495,5.197028275169843954,,231058525,
2022-05-29,4.087508749165492293,0,0.210893495374235037,4.29840224453972733,,204094940,
2022-05-30,8.914899084778556015,0,0.264583732436156566,9.179482817214712581,,259736817,
2022-05-31,59.955202870065789801,0,1.516788532659364478,61.471991402725154279,,975112717,
2022-06-01,98.303534411680862852,0,2.077751470024518155,100.381285881705381007,,1999323019,
2022-06-02,56.209818700611573566,0,0.967024760280025565,57.176843460891599131,,911787708,
2022-06-03,31.421659694611629518,0,0.549548321701885983,31.971208016313515501,,510716094,
2022-06-04,21.033477001974504443,0,0.621004706810238335,21.654481708784742778,,389791002,
2022-06-05,18.681804778742304419,0,0.399475720162226333,19.081280498904530752,,335804714,
2022-06-06,19.201714292522742974,0,0.536795571956842088,19.738509864479585062,,361853724,
2022-06-07,21.81482585706008519,0,0.408527446635058918,22.223353303695144108,,387926376,
2022-06-08,27.89062393264515194,0,0.406457263942514822,28.297081196587666762,,382034077,
2022-06-09,22.574549227509858091,0,0.512756620617690149,23.08730584812754824,,337350375,
2022-06-10,20.368078371740386211,0,0.357605712470591904,20.725684084210978115,,347770577,
2022-06-11,16.237743252366545262,0,0.399483104037213575,16.637226356403758837,,384656820,
2022-06-12,16.614022495709335871,0,0.471218667887589431,17.085241163596925302,,457515969,
2022-06-13,62.497128357359185545,0,0.672212829857613708,63.169341187216799253,,642315621,
2022-06-14,33.118010652740038079,0,0.522746801455726935,33.640757454195765014,,512464860,
2022-06-15,41.491584359045836406,0,0.566257295322435361,42.057841654368271767,,543941969,
2022-06-16,16.367875389050063472,0,0.399158854175345532,16.767034243225409004,,389766822,
2022-06-17,12.151238229772469946,0,0.492359415551018709,12.643597645323488655,,312741871,
2022-06-18,24.610135913835969317,0,0.394674547085107076,25.004810460921076393,,363032279,
2022-06-19,10.14409563839764258,0,0.764568015731188916,10.908663654128831496,,366814158,
2022-06-20,10.132881329495539303,0,0.383222269468463446,10.516103598964002749,,374718473,
2022-06-21,14.68306058193083559,0,0.384383824171018315,15.067444406101853905,,374521528,
2022-06-22,15.739067701879087243,0,0.451304482382742114,16.190372184261829357,,440116595,
2022-06-23,18.08949688719790923,0,0.429807877536579512,18.519304764734488742,,382331944,
2022-06-24,16.817176507975453642,0,0.54815079030785037,17.365327298283304012,,407638679,
2022-06-25,12.704060964456190982,0,0.393087705712645684,13.097148670168836666,,376489488,
2022-06-26,15.280449167476470308,0,0.439035449453079676,15.719484616929549984,,414284903,
2022-06-27,23.984990945402701635,0,0.625768848920813916,24.610759794323515551,,506515009,
2022-06-28,11.087075850823999121,0,0.371270343396983943,11.458346194220983064,,253630661,
2022-06-29,14.392463884926352471,0,0.355274713798918301,14.747738598725270772,,284570461,
2022-06-30,13.787790939707831608,0,0.294136284162329079,14.081927223870160687,,280596439,
2022-07-01,9.35652581119254719,0,0.31218965429464637,9.66871546548719356,,298133139,
2022-07-02,3.483073745944488347,0,0.230924601394913337,3.713998347339401684,,221074537,
2022-07-03,3.708082212362694054,0,0.222272359772936006,3.93035457213563006,,210459943,
2022-07-04,6.190096298961846422,0,0.266521900306142406,6.456618199267988828,,252404164,
2022-07-05,6.933772199462147034,0,0.26604234309340955,7.199814542555556584,,244329498,
2022-07-06,7.688793887156805574,0,0.267791766911929209,7.956585654068734783,,250242923,
2022-07-07,8.044524608857209795,0,0.218955135799309913,8.263479744656519708,,203936598,
2022-07-08,6.873399889955311605,0,0.273807597360180498,7.147207487315492103,,256354834,
2022-07-09,3.098381203236461872,0,0.192839534238708319,3.291220737475170191,,183490799,
2022-07-10,3.367437898176508913,0,0.198692567706521058,3.566130465883029971,,185793294,
2022-07-11,6.127718865942054714,0,0.22758122344932239,6.355300089391377104,,210262542,
2022-07-12,4.705697691069954239,0,0.219355087890869915,4.925052778960824154,,208347153,
2022-07-13,9.296564627557106466,0,0.610032350585988233,9.906596978143094699,,271826556,
2022-07-14,10.204639560973196816,0,0.318855081912969404,10.52349464288616622,,299339888,
2022-07-15,10.167170548381087828,0,0.340383334936886746,10.507553883317974574,,323058886,
2022-07-16,9.147778838067316152,0,0.314384348109325747,9.462163186176641899,,303463273,
2022-07-17,6.665209972180813625,0,0.458641245151953423,7.123851217332767048,,303079741,
2022-07-18,13.026279317897896808,0,0.441799247177897599,13.468078565075794407,,425128377,
2022-07-19,13.512146472686089715,0,0.433829622597688781,13.945976095283778496,,418935135,
2022-07-20,12.795047960408238235,0,0.45246135562899585,13.247509316037234085,,422808439,
2022-07-21,7.669925995751103544,0,0.39353378063435802,8.063459776385461564,,378661004,
2022-07-22,6.161721723872248009,0,0.414642141817457338,6.576363865689705347,,401556530,
2022-07-23,4.528006759025970097,0,0.402048251378651623,4.93005501040462172,,387775977,
2022-07-24,3.528058817213788338,0,0.382266924969741694,3.910325742183530032,,371753562,
2022-07-25,6.544077608519830303,0,0.393726421271076175,6.937804029790906478,,362196478,
2022-07-26,8.522203705819951193,0,0.396673863903118724,8.918877569723069917,,373955463,
2022-07-27,12.55713910947048265,0,0.600217946424586091,13.157357055895068741,,573289505,
2022-07-28,18.019128833060970055,0,0.70688761827043723,18.726016451331407285,,677921456,
2022-07-29,11.11864918962172901,0,0.769670848054494773,11.888320037676223783,,746110227,
2022-07-30,4.710668988394666393,0,0.62365503412275644,5.334324022517422833,,606809667,
2022-07-31,4.062429326800611091,0,0.523607738407704678,4.586037065208315769,,491341767,
2022-08-01,5.914588498994612256,0,0.469417461486168208,6.384005960480780464,,446085233,
2022-08-02,7.415761637017875329,0,0.542542658970718268,7.958304295988593597,,527215660,
2022-08-03,6.785123494473561324,0,0.582801473876015557,7.367924968349576881,,560643992,
2022-08-04,8.236454057247334632,0,0.656890815975460821,8.893344873222795453,,623015314,
2022-08-05,8.650840155014060809,0,0.645863247560319336,9.296703402574380145,,616386971,
2022-08-06,3.556547652135745565,0,0.435937417505518679,3.992485069641264244,,414319290,
2022-08-07,2.867176784359683131,0,0.356532923558844825,3.223709707918527956,,343842146,
2022-08-08,7.068739500033162501,0,0.48639249132789475,7.555131991361057251,,462560555,
2022-08-09,6.851428746084928152,0,0.415232053210489295,7.266660799295417447,,392904602,
2022-08-10,12.721716474138753928,0,0.735079281972455557,13.456795756111209485,,460451898,
2022-08-11,10.37430140329010207,0,0.463620072418077063,10.837921475708179133,,436994547,
2022-08-12,5.603879374106359348,0,0.355002981178220615,5.958882355284579963,,335495605,
2022-08-13,3.227949425621296256,0,0.337290809034968552,3.565240234656264808,,322966000,
2022-08-14,3.767859156720661206,0,0.344534653858336508,4.112393810578997714,,334357124,
2022-08-15,7.489439941535426056,0,0.471149224780878034,7.96058916631630409,,412250771,
2022-08-16,5.940437405614690097,0,0.549718030957919125,6.490155436572609222,,524927015,
2022-08-17,5.229745880797463133,0,0.441795846238886906,5.671541727036350039,,421092023,
2022-08-18,4.850688383584772693,0,0.401532350632194455,5.252220734216967148,,377799741,
2022-08-19,9.877046885492965239,0,0.560412956539636809,10.437459842032602048,,523529365,
2022-08-20,4.83914261581235925,0,0.44756417585534514,5.28670679166770439,,425864217,
2022-08-21,2.390429246674030595,0,0.358127860816970362,2.748557107491000957,,344659835,
2022-08-22,5.035075218290365307,0,0.400012739574807362,5.435087957865172669,,378093814,
2022-08-23,5.218524723461395322,0,0.424311340595326409,5.642836064056721731,,403691332,
2022-08-24,4.412170991952171256,0,0.394168168761742814,4.80633916071391407,,377760259,
2022-08-25,4.487617779956942859,0,0.345463615022167928,4.833081394979110787,,327575169,
2022-08-26,6.544111765692594686,0,0.443084996169148634,6.98719676186174332,,422241631,
2022-08-27,3.060229269243264452,0,0.381519870611411988,3.44174913985467644,,371938786,
2022-08-28,2.936902430870629965,0,0.363809275427950945,3.30071170629858091,,351687919,
2022-08-29,6.945585332944043831,0,0.434963937525048138,7.380549270469091969,,419257098,
2022-08-30,9.854494209277354611,0,0.512599308541867414,10.367093517819222025,,487000719,
2022-08-31,9.963305586565017965,0,0.476560055895738293,10.439865642460756258,,450509217,
2022-09-01,11.957555167496600057,0,0.620645542887374361,12.578200710383974418,,589401387,
2022-09-02,6.095282847118679108,0,0.470470986663152139,6.565753833781831247,,443538624,
2022-09-03,2.591089834077835915,0,0.366300771558274062,2.957390605636109977,,353433299,
2022-09-04,2.56067230741575382,0,0.327061364070377294,2.887733671486131114,,310602273,
2022-09-05,3.801206421613424773,0,0.362209580324140736,4.163416001937565509,,347533628,
2022-09-06,8.326039108906269384,0,0.50663235358864851,8.832671462494917894,,490555501,
2022-09-07,8.392200743411053314,0,0.407588047619259869,8.799788791030313183,,389573520,
2022-09-08,8.158944393817975188,0,0.431391636654571012,8.5903360304725462,,405961484,
2022-09-09,8.610807589469351655,0,0.40375976833210658,9.014567357801458235,,386571059,
2022-09-10,3.483239314482482935,0,0.334783182841867186,3.818022497324350121,,325948290,
2022-09-11,3.265551527038474792,0,0.34523072718007465,3.610782254218549442,,328416425,
2022-09-12,6.573945363862587858,0,0.398659092940475089,6.972604456803062947,,377024544,
2022-09-13,9.764231621797132279,0,0.481731584713564261,10.24596320651069654,,461523550,
2022-09-14,5.594427195074113981,0,0.431413900912406138,6.025841095986520119,,417419583,
2022-09-15,9.784566872490406779,0,0.285261775456960181,10.06982864794736696,,506296276,
2022-09-16,3.608849061253873612,0,0.097251303146928404,3.706100364400802016,,388113410,
2022-09-17,1.558765560283610661,0,0.050617723316197962,1.609383283599808623,,273875588,
2022-09-18,3.058532291444736236,0,0.121320336893287307,3.179852628338023543,,347664364,
2022-09-19,4.203225735511161818,0,0.12388610852711211,4.327111844038273928,,468209816,
2022-09-20,7.403576319394255955,0,0.234219204514610395,7.63779552390886635,,701740813,
2022-09-21,13.808537577091696822,0,0.329101660836204816,14.137639237927901638,,1122511658,
2022-09-22,7.819109327001843296,0,0.224079182206079249,8.043188509207922545,,895833518,
2022-09-23,8.303989526844095026,0,0.205379782993010631,8.509369309837105657,,1055870285,
2022-09-24,4.062181444178831624,0,0.130289357827466627,4.192470802006298251,,837121728,
2022-09-25,5.416651168028333681,0,0.159534443572796627,5.576185611601130308,,840858740,
2022-09-26,8.273450851251919272,0,0.175728519005755855,8.449179370257675127,,836165032,
2022-09-27,14.067691059701695964,0,0.265310361114970426,14.33300142081666639,,808284133,
2022-09-28,13.169729179172687781,0,0.226295877217047354,13.396025056389735135,,969728779,
2022-09-29,11.382734252129973936,0,0.216842424489536773,11.599576676619510709,,895018393,
2022-09-30,12.810550995196596582,0,0.224358214504209529,13.034909209700806111,,887744473,
2022-10-01,6.334053767749077946,0,0.173129208844342814,6.50718297659342076,,844013691,
2022-10-02,4.005003316553065217,0,0.125859628043026754,4.130862944596091971,,866148121,
2022-10-03,10.08857435690936095,0,0.207204847199636091,10.295779204108997041,,760327701,
2022-10-04,8.859327832385511342,0,0.183209601686633615,9.042537434072144957,,711360294,
2022-10-05,10.492623523274893197,0,0.304783340233568653,10.79740686350846185,,821977742,
2022-10-06,9.792963680890443899,0,0.202875694761995343,9.995839375652439242,,899927184,
2022-10-07,6.531956025982936857,0,0.155105830983991797,6.687061856966928654,,783427656,
2022-10-08,9.125818420061119484,0,0.184330042569103169,9.310148462630222653,,715654975,
2022-10-09,14.257710587318451312,0,0.218913395983084987,14.476623983301536299,,533481656,
2022-10-10,18.996818898200373418,0,0.237541809025116687,19.234360707225490105,,564182503,
2022-10-11,17.406957126067863712,0,0.228093810580894012,17.635050936648757724,,673751874,
2022-10-12,13.259647953941376383,0,0.220301208984911926,13.479949162926288309,,721594053,
2022-10-13,19.221605121635734878,0,0.261059697555539818,19.482664819191274696,,898792895,
2022-10-14,11.300467658421010803,0,0.163781160144859282,11.464248818565870085,,680560136,
2022-10-15,10.98695058471700752,0,0.180271561376688225,11.167222146093695745,,701621609,
2022-10-16,9.537397375960573088,0,0.176416828414858521,9.713814204375431609,,729517285,
2022-10-17,13.205023955432857638,0,0.222089180817530057,13.427113136250387695,,701482644,
2022-10-18,15.644217996393496036,0,0.249955087875336721,15.894173084268832757,,718581415,
2022-10-19,16.418608697490345795,0,0.226120354116338554,16.644729051606684349,,682794483,
2022-10-20,20.793005640260200852,0,0.234732870263916485,21.027738510524117337,,704443129,
2022-10-21,21.364688167959943768,0,0.250134234350088742,21.61482240231003251,,767642177,
2022-10-22,12.303402076535128229,0,0.187460996643425574,12.490863073178553803,,707102438,
2022-10-23,10.763184714625172498,0,0.194092801540906972,10.95727751616607947,,838857925,
2022-10-24,15.269524552309477256,0,0.248722078005242311,15.518246630314719567,,861450278,
2022-10-25,21.374002005285126899,0,0.283229646613886741,21.65723165189901364,,1000190719,
2022-10-26,19.569051407471670061,0,0.309093227723851841,19.878144635195521902,,1107480822,
2022-10-27,16.12205241184258499,0,0.267510133083550107,16.389562544926135097,,1118918183,
2022-10-28,15.137211192798741327,0,0.247296543052344488,15.384507735851085815,,1019157065,
2022-10-29,13.07198892414481638,0,0.206831304245142232,13.278820228389958612,,1057571088,
2022-10-30,8.519506294294674191,0,0.198985478824261612,8.718491773118935803,,1082508988,
2022-10-31,18.136734263586709813,0,0.294632801516686181,18.431367065103395994,,1011440611,
2022-11-01,13.788052902295125362,0,0.20226143060240396,13.990314332897529322,,1091204008,
2022-11-02,17.493658729836379306,0,0.31827195225547016,17.811930682091849466,,1142438700,
2022-11-03,20.399477716116921905,0,0.243566736819340396,20.643044452936262301,,1113435594,
2022-11-04,21.467831211612868446,0,0.220064223086319135,21.687895434699187581,,1222133688,
2022-11-05,14.89809374500274952,0,0.213592862485963526,15.111686607488713046,,1272367386,
2022-11-06,14.993003914012375444,0,0.231865037689797757,15.224868951702173201,,1353505284,
2022-11-07,20.778040054497555148,0,0.276305253860824451,21.054345308358379599,,1275706783,
2022-11-08,81.712908754201502576,0,0.354884589494207046,82.067793343695709622,,1577624082,
2022-11-09,83.153448297722672291,0,0.63023749988118276,83.783685797603855051,,1662661809,
2022-11-10,47.405599351492184659,0,0.285320217524341543,47.690919569016526202,,1303101789,
2022-11-11,31.530561211302893063,0,0.257863677650282447,31.78842488895317551,,1410769484,
2022-11-12,16.839407854681359083,0,0.199317588102353959,17.038725442783713042,,1178995510,
2022-11-13,15.091728706301222787,0,0.193694128975861738,15.285422835277084525,,1112332966,
2022-11-14,20.03121811739765656,0,0.230684495486025313,20.261902612883681873,,1180108044,
2022-11-15,18.838075826295594512,0,0.239331471006373488,19.077407297301968,,1093487972,
2022-11-16,17.021405097874512119,0,0.207927446142430648,17.229332544016942767,,1097559613,
2022-11-17,16.876756631147444556,0,0.262239497746780038,17.138996128894224594,,1132832521,
2022-11-18,14.806301556840451306,0,0.238718400457061137,15.045019957297512443,,1143006931,
2022-11-19,15.175120854777192189,0,0.249699839859363559,15.424820694636555748,,1307537371,
2022-11-20,15.668772885138166992,0,0.266374550270127784,15.935147435408294776,,1363522433,
2022-11-21,17.297786477299345267,0,0.251904458206655098,17.549690935506000365,,1434719685,
2022-11-22,18.644533003483825065,0,0.235461923997410649,18.879994927481235714,,1335018591,
2022-11-23,17.634035758269584075,0,0.244562308154846334,17.878598066424430409,,1393757352,
2022-11-24,15.803230801375497706,0,0.255014193910661769,16.058244995286159475,,1383443599,
2022-11-25,13.11047517205199953,0,0.245046754232460189,13.355521926284459719,,1260881362,
2022-11-26,12.939545032225463661,0,0.241415516060002358,13.180960548285466019,,1306839168,
2022-11-27,12.291963216350152024,0,0.239608557429641291,12.531571773779793315,,1283266691,
2022-11-28,15.486034676420151523,0,0.207663234337032617,15.69369791075718414,,1170340367,
2022-11-29,13.553856585715799196,0,0.266065659060390132,13.819922244776189328,,1261926449,
2022-11-30,15.121663001601688067,0,0.223358630089413654,15.345021631691101721,,1277089127,
2022-12-01,15.525309043683496216,0,0.270635190416863635,15.795944234100359851,,1298406033,
2022-12-02,14.770734584297602688,0,0.231350385412326932,15.00208496970992962,,1245701632,
2022-12-03,13.714903364905411693,0,0.244844073667731817,13.95974743857314351,,1223396422,
2022-12-04,13.997393005442974235,0,0.242260514063552808,14.239653519506527043,,1252884979,
2022-12-05,17.046237596562953412,0,0.2898332926690796,17.336070889232033012,,1290257406,
2022-12-06,17.367340996750166389,0,0.276021828182108701,17.64336282493227509,,1215934968,
2022-12-07,18.833812586098599966,0,0.371910485394320095,19.205723071492920061,,1275461556,
2022-12-08,19.197675349030427558,0,0.265544914611877399,19.463220263642304957,,1318273275,
2022-12-09,30.697845061878096934,0,0.388366541090945698,31.086211602969042632,,1226642818,
2022-12-10,20.301902878439708283,0,0.296156727432748763,20.598059605872457046,,1379731565,
2022-12-11,20.426959209257611629,0,0.292944684784709315,20.719903894042320944,,1361906312,
2022-12-12,22.192671067994316309,0,0.265969857164339134,22.458640925158655443,,1403840313,
2022-12-13,27.044507279435990914,0,0.278748285760800009,27.323255565196790923,,1545556508,
2022-12-14,25.091425790846836833,0,0.315156035823755072,25.406581826670591905,,1676516235,
2022-12-15,23.281473474978208543,0,0.281316311835935231,23.562789786814143774,,1454815054,
2022-12-16,25.667872973105256271,0,0.285691489151168437,25.953564462256424708,,1452025056,
2022-12-17,20.181480180895545885,0,0.277132541501853117,20.458612722397399002,,1528595913,
2022-12-18,17.411412494833253616,0,0.267213559254417445,17.678626054087671061,,1303690985,
2022-12-19,17.453542554921617294,0,0.231224333211655065,17.684766888133272359,,1280136716,
2022-12-20,26.391374143359853466,0,0.334841523424462726,26.726215666784316192,,1717495119,
2022-12-21,26.430189501122400414,0,0.348523021626686472,26.778712522749086886,,1842787930,
2022-12-22,22.307752631216069113,0,0.296165420049225501,22.603918051265294614,,1626112132,
2022-12-23,19.369383411577451202,0,0.256822274485147179,19.626205686062598381,,1513748947,
2022-12-24,15.636088943722217463,0,0.214272741189842745,15.850361684912060208,,1396921886,
2022-12-25,16.22851082572324047,0,0.26884158200887599,16.49735240773211646,,1531215023,
2022-12-26,17.095159247102171053,0,0.281532731656010436,17.376691978758181489,,1538318673,
2022-12-27,20.547534153703989153,0,0.253989682098739937,20.80152383580272909,,1495066077,
2022-12-28,25.704534377811681898,0,0.285679479508226594,25.990213857319908492,,1700617681,
2022-12-29,25.613337382315990566,0,0.319190560497141382,25.932527942813131948,,1643242493,
2022-12-30,26.713812958982584505,0,0.342727852532827532,27.056540811515412037,,1665009810,
2022-12-31,22.50444153504944932,0,0.302314415603171233,22.806755950652620553,,1429762044,
2023-01-01,15.806951861002835685,0,0.258079710881036187,16.065031571883871872,,1146604189,
2023-01-02,18.673474397427533747,0,0.304703855054014921,18.978178252481548668,,1242062807,
2023-01-03,25.044046915590733394,0,0.282949016341936653,25.326995931932670047,,1461615878,
2023-01-04,31.562109616037281338,0,0.404317948548221396,31.966427564585502734,,1650570454,
2023-01-05,42.158689273045974203,0,0.511249218130597967,42.66993849117657217,,2149772868,
2023-01-06,45.475790282054825504,0,0.53435368033059779,46.010143962385423294,,2374192036,
2023-01-07,35.747102068677924945,0,0.465772647146541083,36.212874715824466028,,2408702375,
2023-01-08,38.966789790594256506,0,0.488830200983799009,39.455619991578055515,,2234970727,
2023-01-09,55.477977390759223305,0,0.487847584341797778,55.965824975101021083,,2598597695,
2023-01-10,49.116656851449534608,0,0.486683132207134052,49.60333998365666866,,2494850701,
2023-01-11,52.973124138867261282,0,0.555234020630987199,53.528358159498248481,,2566554674,
2023-01-12,61.756409979797150595,0,0.432285948492070112,62.188695928289220707,,3013639950,
2023-01-13,65.840807875175960921,0,0.536776004680844284,66.377583879856805205,,2772767040,
2023-01-14,72.167877096539921252,0,0.499388295477710291,72.667265392017631543,,3008884092,
2023-01-15,49.320913305253447272,0,0.45244700529088138,49.773360310544328652,,2702112603,
2023-01-16,57.138846905645779135,0,1.122692748035955925,58.26153965368173506,,2745811717,
2023-01-17,54.461158246162783,0,0.47565169508630992,54.93680994124909292,,2510626989,
2023-01-18,51.344611784851174792,0,0.31352513483934256,51.658136919690517352,,1701938406,
2023-01-19,27.847420759318821198,0,0.280936610132459521,28.128357369451280719,,1378288803,
2023-01-20,33.728125226721355213,0,0.327900339115084941,34.056025565836440154,,1538027752,
2023-01-21,28.524284902649504178,0,0.312892437121250013,28.837177339770754191,,1668795334,
2023-01-22,22.965314615669073748,0,0.25161181552895285,23.216926431198026598,,1495754403,
2023-01-23,31.113346626410946475,0,0.311773758674587652,31.425120385085534127,,1588122966,
2023-01-24,37.557313538602205138,0,1.348399470104225967,38.905713008706431105,,1718446813,
2023-01-25,38.420898210030352104,0,0.428269886060873982,38.849168096091226086,,1807655917,
2023-01-26,36.464123039858061432,0,0.349533008130980752,36.813656047989042184,,1788554213,
2023-01-27,38.532863867042446262,0,0.407018194870352179,38.939882061912798441,,1825295216,
2023-01-28,22.442542586942831905,0,0.246829540723709799,22.689372127666541704,,1505786816,
2023-01-29,29.849518213685860015,0,0.327434825563972587,30.176953039249832602,,1604189294,
2023-01-30,35.278032913591790951,0,0.300173257059439765,35.578206170651230716,,1910069054,
2023-01-31,39.86817057630537173,0,3.153598795138484505,43.021769371443856235,,1604979017,
2023-02-01,55.16909757622344733,0,2.586962010518238006,57.756059586741685336,,1895332228,
2023-02-02,57.925264449141809036,0,0.405723714476570159,58.330988163618379195,,2033413657,
2023-02-03,49.983680968822796257,0,0.360399700230380668,50.344080669053176925,,1751023405,
2023-02-04,37.898698224674203993,0,0.348157648924666453,38.246855873598870446,,1704769083,
2023-02-05,37.127934004748753368,0,0.321321989647469093,37.449255994396222461,,1795239326,
2023-02-06,46.768345904932649578,0,0.370940936714964986,47.139286841647614564,,1940956998,
2023-02-07,66.595613777069862676,0,0.412182354451124008,67.007796131520986684,,2079447071,
2023-02-08,74.25536470628896593,0,0.44575391622577631,74.70111862251474224,,2205686699,
2023-02-09,108.545400097356032914,0,0.581860140835055856,109.12726023819108877,,2672308113,
2023-02-10,58.858738182962311898,0,0.621723177747056197,59.480461360709368095,,2355658897,
2023-02-11,30.564053552053633841,0,0.460418129643298531,31.024471681696932372,,1743050756,
2023-02-12,32.62331200974803087,0,0.466777994946592394,33.090090004694623264,,1879051106,
2023-02-13,52.616099521877450728,0,0.563354948220895998,53.179454470098346726,,2153470944,
2023-02-14,86.912040715723926327,0,0.532283669174870211,87.444324384898796538,,2162182755,
2023-02-15,86.940859428033176779,0,0.553541705392639394,87.494401133425816173,,2274397747,
2023-02-16,107.010648138804720068,0,0.602233621664561282,107.61288176046928135,,2669343712,
2023-02-17,92.379443435921593127,0,0.71605233535111834,93.095495771272711467,,2625157551,
2023-02-18,64.142336982740419625,0,0.556894408128032362,64.699231390868451987,,2369639952,
2023-02-19,67.034465560827472817,0,0.565800639750369326,67.600266200577842143,,2664470706,
2023-02-20,98.671462995756204487,0,0.597047260467567995,99.268510256223772482,,3060636398,
2023-02-21,110.997632478512930061,0,0.417691840776259603,111.415324319289189664,,3310580856,
2023-02-22,129.267091488296477045,0,0.405323121153423433,129.672414609449900478,,3499314812,
2023-02-23,134.014605471247187432,0,0.422287374742609455,134.436892845989796887,,3483970289,
2023-02-24,115.934904694963115205,0,0.352739230165620989,116.287643925128736194,,3743479411,
2023-02-25,58.778857816168294946,0,0.258278277272610859,59.037136093440905805,,2762382675,
2023-02-26,53.892722713583068773,0,0.280850028451847179,54.173572742034915952,,2606010469,
2023-02-27,72.54070933427719465,0,0.304999530448283573,72.845708864725478223,,3174536170,
2023-02-28,64.043334558377288554,0,0.240782773102666626,64.28411733147995518,,2662574899,
2023-03-01,80.623197042370172358,0,0.274008164628049209,80.897205206998221567,,2590282560,
2023-03-02,69.535611041745483187,0,0.262484626572956498,69.798095668318439685,,2582877418,
2023-03-03,79.163300486146262071,0,0.269376722505756063,79.432677208652018134,,2528346194,
2023-03-04,48.182389537103883308,0,0.236352001920024191,48.418741539023907499,,2061020785,
2023-03-05,46.72815524577158829,0,0.238171131415490993,46.966326377187079283,,1887027717,
2023-03-06,70.25549888457493497,0,0.288933736422419462,70.544432620997354432,,2163056423,
2023-03-07,78.230491640489923826,0,0.245017142276728585,78.475508782766652411,,2430358887,
2023-03-08,81.101135742051054558,0,0.202379621023948463,81.303515363075003021,,2611882685,
2023-03-09,108.24424370922326702,0,0.215030432668604875,108.459274141891871895,,2897067601,
2023-03-10,90.777833550618623478,0,0.119245049443644286,90.897078600062267764,,2948763861,
2023-03-11,264.338288369146227081,0,0.114954566813048869,264.45324293595927595,,2664767411,
2023-03-12,58.338962413807922437,0,0.156434661587395306,58.495397075395317743,,2372118274,
2023-03-13,93.162712589622343898,0,0.161924952224479957,93.324637541846823855,,2722123004,
2023-03-14,99.843971575595810737,0,0.158070687235470692,100.002042262831281429,,3028830334,
2023-03-15,88.078143887477590825,0,0.183148613310299683,88.261292500787890508,,3172057969,
2023-03-16,94.792497375199554367,0,0.314499115029362493,95.10699649022891686,,3888057353,
2023-03-17,87.42825965880474659,0,0.36890661473427062,87.79716627353901721,,3592924713,
2023-03-18,63.661126586426464747,0,0.334563447630008683,63.99569003405647343,,3509976027,
2023-03-19,62.642312772603558214,0,0.406035444587045113,63.048348217190603327,,3462664106,
2023-03-20,79.450553836108276084,0,0.363524061445164192,79.814077897553440276,,3797795590,
2023-03-21,86.948985643285714299,0,0.430380896617184662,87.379366539902898961,,4500394022,
2023-03-22,92.633518693738209216,0,0.499608442262314242,93.133127136000523458,,4364504927,
2023-03-23,198.408957352946272071,0,0.648530891485836173,199.057488244432108244,,7335479172,
2023-03-24,138.523788412237184605,0,0.534559131834570488,139.058347544071755093,,5942001163,
2023-03-25,68.584019161975251196,0,0.489335905771907069,69.073355067747158265,,3873080735,
2023-03-26,68.784334968351195693,0,0.484625006884319505,69.268959975235515198,,3849667966,
2023-03-27,126.110552192254224314,0,0.504193752395086532,126.614745944649310846,,4283562390,
2023-03-28,110.847459782411190462,0,0.554217155379315316,111.401676937790505778,,4129273231,
2023-03-29,115.948159301706963628,0,0.367859939649203741,116.316019241356167369,,3828771417,
2023-03-30,162.795138321761412535,0,0.529459763664163171,163.324598085425575706,,4925804018,
2023-03-31,104.987764477965478166,0,0.361747064037731401,105.349511542003209567,,3867513633,
2023-04-01,75.988790417511640656,0,0.48560575952234834,76.474396177033988996,,3522727389,
2023-04-02,78.032139356570683267,0,0.487929562668330141,78.520068919239013408,,3744828656,
2023-04-03,126.566402442305330147,0,0.491789148709121988,127.058191591014452135,,4285465428,
2023-04-04,121.771750592092066935,0,0.540559267691674203,122.312309859783741138,,4102128444,
2023-04-05,157.34545455536439635,0,0.38590212863071838,157.73135668399511473,,4523031954,
2023-04-06,143.052260627919779143,0,0.460706235585328913,143.512966863505108056,,4915261370,
2023-04-07,98.55905420300255024,0,0.46260385415578867,99.02165805715833891,,4124188892,
2023-04-08,90.538581111004444461,0,0.533453750939153773,91.072034861943598234,,4293188960,
2023-04-09,99.184171173605243469,0,0.616950847786732226,99.801122021391975695,,4756441777,
2023-04-10,112.784486504111470937,0,0.544117282116264808,113.328603786227735745,,4595056585,
2023-04-11,120.375237179898298163,0,1.761148308628093341,122.136385488526391504,,4582632204,
2023-04-12,108.249347638883746039,0,0.559613417581500214,108.808961056465246253,,4633422404,
2023-04-13,140.544158355517068636,0,0.736806565258729498,141.280964920775798134,,4326802634,
2023-04-14,154.620281355695106972,0,0.538697255588075769,155.158978611283182741,,5146301563,
2023-04-15,126.291582908896290337,0,0.552748981935992213,126.84433189083228255,,5110878368,
2023-04-16,118.161262174797600945,0,0.566352447181902803,118.727614621979503748,,4460030263,
2023-04-17,209.124885682742995272,0,0.667396815505376401,209.792282498248371673,,6418635611,
2023-04-18,233.787709808218509206,0,0.541323042888341381,234.329032851106850587,,4939589647,
2023-04-19,386.459875622203500606,0,0.596241632518067335,387.056117254721567941,,5364521730,
2023-04-20,339.574732857941537366,0,0.535106173177377718,340.109839031118915084,,5049898130,
2023-04-21,170.274847085526492404,0,0.429578932683695274,170.704426018210187678,,4295270123,
2023-04-22,183.744819309659218931,0,0.494208217458470325,184.239027527117689256,,4820787302,
2023-04-23,187.440135007283552203,0,0.510239635495353613,187.950374642778905816,,4555773208,
2023-04-24,219.359647431070614068,0,0.495994972325453076,219.855642403396067144,,4850931999,
2023-04-25,170.554599516775013485,0,0.434417764950777321,170.989017281725790806,,4469918994,
2023-04-26,192.71346862716635379,0,0.485145588514970305,193.198614215681324095,,4685499080,
2023-04-27,168.268956468264102866,0,0.46371767551625771,168.732674143780360576,,4619857256,
2023-04-28,136.523886099377973291,0,0.435593196915222797,136.959479296293196088,,3667842833,
2023-04-29,126.941330226693370851,0,0.423227282018903125,127.364557508712273976,,3580708526,
2023-04-30,188.882128543159508663,0,0.489182000916521781,189.371310544076030444,,4358831346,
2023-05-01,234.010003176971774271,0,0.389133903977918303,234.399137080949692574,,3513415031,
2023-05-02,294.437338164079456346,0,0.425159026644442026,294.862497190723898372,,3696718758,
2023-05-03,312.745909746314142923,0,0.479556855368751872,313.225466601682894795,,4331277677,
2023-05-04,253.88188903396588525,0,0.404067827133309894,254.285956861099195144,,3497595311,
2023-05-05,456.455805998113851989,0,0.431900808132848861,456.88770680624670085,,3282781654,
2023-05-06,465.511046489865973887,0,0.457650301479560872,465.968696791345534759,,3558278125,
2023-05-07,299.398076788595407189,0,0.364556510555135684,299.762633299150542873,,2870154854,
2023-05-08,348.277816234730237072,0,0.410133301699799632,348.687949536430036704,,3153490312,
2023-05-09,341.311816298218573052,0,0.510979407747762331,341.822795705966335383,,3694239843,
2023-05-10,341.589226708245361377,0,0.468864480879770963,342.05809118912513234,,3688696324,
2023-05-11,395.717363474093991489,0,0.470269801236825562,396.187633275330817051,,3787813862,
2023-05-12,240.569608659594970502,0,0.431148477739417062,241.000757137334387564,,3675593586,
2023-05-13,133.342785434863073957,0,0.375487207517684025,133.718272642380757982,,3200407512,
2023-05-14,133.509608797875309812,0,0.417268056664204285,133.926876854539514097,,3256474642,
2023-05-15,180.030648366221613437,0,0.393204392346710915,180.423852758568324352,,3332484534,
2023-05-16,192.481012246843714853,0,0.441845856766401606,192.922858103610116459,,3540951509,
2023-05-17,184.501867203732333789,0,0.457005475148742294,184.958872678881076083,,3574976613,
2023-05-18,187.24065630524910635,0,0.39008005422062532,187.63073635946973167,,3729172135,
2023-05-19,136.984523811649205352,0,0.358023869141454147,137.342547680790659499,,2985797065,
2023-05-20,106.202156291354696655,0,0.42185694953895588,106.624013240893652535,,3138379901,
2023-05-21,106.303956996046475636,0,0.423719964259682226,106.727676960306157862,,3138781447,
2023-05-22,151.323438990260059576,0,0.427469454693422012,151.750908444953481588,,3357485733,
2023-05-23,198.715934604883639565,0,0.435546274657405674,199.151480879541045239,,3785562143,
2023-05-24,197.763252036204684961,0,0.52485015349163729,198.288102189696322251,,4396934002,
2023-05-25,171.14899214323849346,0,0.573619402920902305,171.722611546159395765,,4632003811,
2023-05-26,131.671017704427200145,0,0.556829281908565646,132.227846986335765791,,4249961435,
2023-05-27,97.289978405792997843,0,0.488273589222100181,97.778251995015098024,,3880527526,
2023-05-28,107.960921143839503989,0,0.478009779508146076,108.438930923347650065,,3756357295,
2023-05-29,143.419403883360879789,0,0.470731376991174937,143.890135260352054726,,3927842261,
2023-05-30,188.47488923714616968,0,0.469382387480729827,188.944271624626899507,,4084311330,
2023-05-31,161.920506009476070863,0,0.499674175984462962,162.420180185460533825,,4200336268,
2023-06-01,132.167804502045968783,0,0.429183119396275319,132.596987621442244102,,3439040147,
2023-06-02,119.527055265123015262,0,0.465599600855722632,119.992654865978737894,,3728358733,
2023-06-03,96.955568877076704059,0,0.503030792689513144,97.458599669766217203,,3952071024,
2023-06-04,84.542906773083239166,0,0.500049767690114166,85.042956540773353332,,3801174843,
2023-06-05,158.251538398451742166,0,0.569042957469690576,158.820581355921432742,,4021638122,
2023-06-06,97.937818307985251554,0,0.496348718968389339,98.434167026953640893,,3719915441,
2023-06-07,95.912985809786794836,0,0.481988987189934093,96.394974796976728929,,3708443963,
2023-06-08,84.76820273098543216,0,0.490389019142706128,85.258591750128138288,,3541545671,
2023-06-09,78.4880871816604525,0,0.463404908215964048,78.951492089876416548,,3728286069,
2023-06-10,108.965214672532777676,0,0.438565045426651865,109.403779717959429541,,4206886098,
2023-06-11,65.503370496182612272,0,0.514659450360548387,66.018029946543160659,,3789778523,
2023-06-12,81.151998156958648465,0,0.426057027974138934,81.578055184932787399,,4419674524,
2023-06-13,70.421856657256639043,0,0.391364448763901762,70.813221106020540805,,4100574231,
2023-06-14,94.814932799449864138,0,0.396890900065160749,95.211823699515024887,,4155704941,
2023-06-15,78.928809194570224846,0,0.308990063584031347,79.237799258154256193,,3984697687,
2023-06-16,75.463907049886916249,0,0.331694182076704974,75.795601231963621223,,3762518926,
2023-06-17,59.945865421222529421,0,0.327975135565495155,60.273840556788024576,,3421120616,
2023-06-18,49.328621454448138527,0,0.348567858484458413,49.67718931293259694,,3209049310,
2023-06-19,68.848854947636928979,0,0.31111289016830161,69.159967837805230589,,3541560229,
2023-06-20,78.28346855613561364,0,0.369801743866892258,78.653270300002505898,,4078735026,
2023-06-21,99.578292894528655938,0,0.314090674052026741,99.892383568580682679,,4578244522,
2023-06-22,70.594679446671823975,0,0.335310836993619317,70.929990283665443292,,4198467226,
2023-06-23,78.801042303038669851,0,0.358202205296960831,79.159244508335630682,,4065294848,
2023-06-24,53.080244165123817661,0,0.343936532721674424,53.424180697845492085,,3511109821,
2023-06-25,52.550083256664385541,0,0.322407282217510602,52.872490538881896143,,4019977265,
2023-06-26,63.897343182456476747,0,0.348113297924208255,64.245456480380685002,,4425389197,
2023-06-27,81.780652994908437651,0,0.377959455448079724,82.158612450356517375,,4593731802,
2023-06-28,85.88339569619384992,0,0.346022077542626159,86.229417773736476079,,4449056327,
2023-06-29,131.759868042081819068,0,0.374938780981305559,132.134806823063124627,,4363519066,
2023-06-30,140.560039232239697021,0,0.312088030792089656,140.872127263031786677,,4637401117,
2023-07-01,63.934069531466319424,0,0.318119271518764855,64.252188802985084279,,3707685787,
2023-07-02,55.238458363803186832,0,0.302820656473143846,55.541279020276330678,,3721892722,
2023-07-03,84.698913419860823982,0,0.31818082869472295,85.017094248555546932,,4045400657,
2023-07-04,94.037466820451359793,0,0.62204312826962527,94.659509948720985063,,3734983799,
2023-07-05,154.503223843482771628,0,0.349341328233737215,154.852565171716508843,,3048319542,
2023-07-06,133.010608792633830159,0,0.264720842613870467,133.275329635247700626,,3538415204,
2023-07-07,102.323416338907676167,0,0.321353369343434255,102.644769708251110422,,3384860117,
2023-07-08,69.942717515914859058,0,0.323647601473094596,70.266365117387953654,,3691903703,
2023-07-09,63.472737383277739005,0,0.380137301958996524,63.852874685236735529,,3673000334,
2023-07-10,84.187604783117659429,0,0.432164140021950865,84.619768923139610294,,4000902217,
2023-07-11,84.687051249137481239,0,0.396478482242833193,85.083529731380314432,,3924850654,
2023-07-12,106.692660528355674195,0,0.459256647584089465,107.15191717593976366,,4028036183,
2023-07-13,153.846378588820202271,0,0.432433105191132806,154.278811694011335077,,4514145234,
2023-07-14,120.880415737192448331,0,0.364741646642987084,121.245157383835435415,,4796593607,
2023-07-15,57.737758419235479603,0,0.424986554988283052,58.162744974223762655,,4116228356,
2023-07-16,59.180727562888066246,0,0.421604102164922518,59.602331665052988764,,3745462211,
2023-07-17,90.964006712372810385,0,0.399216213285765766,91.363222925658576151,,4215492948,
2023-07-18,119.283005996547706709,0,0.400348435788992856,119.683354432336699565,,3919386910,
2023-07-19,104.155767979720575576,0,0.492929441636109575,104.648697421356685151,,4181931256,
2023-07-20,108.020807620734411051,0,0.452632400681267488,108.473440021415678539,,4213634884,
2023-07-21,102.47092472024798483,0,0.408395409090882784,102.879320129338867614,,3752313898,
2023-07-22,72.141791862254476102,0,0.466947631766900416,72.608739494021376518,,3918465578,
2023-07-23,76.252653424302764504,0,0.471284629462688758,76.723938053765453262,,3950908914,
2023-07-24,153.987249700138256689,0,0.493296581923307895,154.480546282061564584,,4596587503,
2023-07-25,146.705455021697374145,0,0.49499854186768059,147.200453563565054735,,5077871774,
2023-07-26,132.784625845326471601,0,0.515817500929587509,133.30044334625605911,,5080969742,
2023-07-27,170.351854394681738765,0,0.551970251206789033,170.903824645888527798,,5320939447,
2023-07-28,139.643606732738280872,0,0.61644445147496299,140.260051184213243862,,4292940435,
2023-07-29,89.647797699003992836,0,0.533617129407602622,90.181414828411595458,,4221124337,
2023-07-30,109.920019169860837581,0,0.516952780576826944,110.436971950437664525,,5498487198,
2023-07-31,139.125042589690381141,0,0.429212466233335268,139.554255055923716409,,5805066742,
2023-08-01,110.72522646433272433,0,0.342369362969180642,111.067595827301904972,,4857004923,
2023-08-02,107.777529800222247643,0,0.376319502290077903,108.153849302512325546,,4490253738,
2023-08-03,129.477349640502074338,0,0.449993187157541766,129.927342827659616104,,5352924733,
2023-08-04,98.710631137314645043,0,0.3957575354119722,99.106388672726617243,,5018205611,
2023-08-05,72.901412134088955403,0,0.36005835477722294,73.261470488866178343,,4537247212,
2023-08-06,65.343082285062206888,0,0.395424276663717386,65.738506561725924274,,4415692233,
2023-08-07,158.711387503878743448,0,0.48121412765472837,159.192601631533471818,,6373874395,
2023-08-08,146.514038351919711004,0,0.413953491976285,146.927991843895996004,,6217604060,
2023-08-09,121.471658612016038499,0,0.361510475930909392,121.833169087946947891,,5360302741,
2023-08-10,120.715100362215368192,0,0.396443736970201156,121.111544099185569348,,5444395728,
2023-08-11,96.224238125694857173,0,0.31969446687133282,96.543932592566189993,,5031361980,
2023-08-12,61.308929828215434652,0,0.427665386648580508,61.73659521486401516,,4247354342,
2023-08-13,65.772452073165467281,0,0.432744369607269872,66.205196442772737153,,4612152988,
2023-08-14,128.877330155028045412,0,0.423557553232880152,129.300887708260925564,,5972516843,
2023-08-15,203.900961816245324692,0,0.48295086014345376,204.383912676388778452,,7632118685,
2023-08-16,161.776312699920693666,0,0.342003312699344902,162.118316012620038568,,5737716262,
2023-08-17,236.208023427205928902,0,0.388371874561184761,236.596395301767113663,,5498347752,
2023-08-18,125.549227220112707394,0,0.315779338425179452,125.865006558537886846,,4916240756,
2023-08-19,69.426882245332996479,0,0.499841479403972416,69.926723724736968895,,4766225071,
2023-08-20,71.286241399197537698,0,0.488940882938960072,71.77518228213649777,,4750686315,
2023-08-21,129.681586995646648723,0,0.482813954922957852,130.164400950569606575,,5737307764,
2023-08-22,156.522847314226237554,0,0.430138780475825856,156.95298609470206341,,5135188474,
2023-08-23,113.344919384512409174,0,0.452175550614300944,113.797094935126710118,,5157174407,
2023-08-24,97.651781576864479247,0,0.482669329930069439,98.134450906794548686,,4854799998,
2023-08-25,129.653753624112214422,0,0.472889840026080172,130.126643464138294594,,5642017069,
2023-08-26,55.117544188900809491,0,0.600626596652628432,55.718170785553437923,,4202625831,
2023-08-27,50.364995893775034336,0,0.525686976017748165,50.890682869792782501,,3839221084,
2023-08-28,129.480867415142974144,0,0.486965545471036951,129.967832960614011095,,4987858156,
2023-08-29,160.994248218552616614,0,0.668279116659025165,161.662527335211641779,,4752999834,
2023-08-30,100.967853618847688542,0,0.543103041266295111,101.510956660113983653,,4294886310,
2023-08-31,115.733025967657196693,0,0.659652267702001783,116.392678235359198476,,5154464632,
2023-09-01,81.227943503961508932,0,0.558409247858654352,81.786352751820163284,,4296174238,
2023-09-02,47.506934312144645446,0,0.558718888652628564,48.06565320079727401,,3841320264,
2023-09-03,43.563090015274186259,0,0.639322617308725696,44.202412632582911955,,3574572886,
2023-09-04,60.612745325920656383,0,0.577079211086341983,61.189824537006998366,,3797456321,
2023-09-05,72.7978383540445327,0,0.503321092408957595,73.301159446453490295,,4259906250,
2023-09-06,83.554214839474894013,0,0.572553305177632999,84.126768144652527012,,4180179033,
2023-09-07,76.385256778116716547,0,0.573873366835265781,76.959130144951982328,,4064683767,
2023-09-08,62.132447961732501759,0,0.559763317751061877,62.692211279483563636,,4114036476,
2023-09-09,41.83345382210317925,0,0.566373728245826264,42.399827550349005514,,3956535096,
2023-09-10,43.314481670402552602,0,0.667690716094268852,43.982172386496821454,,4442012554,
2023-09-11,115.207830459316959985,0,0.686908599414608398,115.894739058731568383,,5506539419,
2023-09-12,81.771987715707938346,0,0.534234048470318975,82.306221764178257321,,5188708928,
2023-09-13,96.568985849581174417,0,0.492949447777705582,97.061935297358879999,,5052152541,
2023-09-14,109.10280540339683737,0,0.605246525500042272,109.708051928896879642,,5838151136,
2023-09-15,91.462847225808374074,0,0.625126169213799844,92.087973395022173918,,5646022659,
2023-09-16,54.413116961783275279,0,0.578015774251440294,54.991132736034715573,,5166989904,
2023-09-17,41.473089389667030017,0,0.615260928474293728,42.088350318141323745,,4529604285,
2023-09-18,90.382245977844696256,0,0.776774581997385614,91.15902055984208187,,5264082872,
2023-09-19,65.53388599839220134,0,0.562598184348093464,66.096484182740294804,,5050057162,
2023-09-20,71.521936648720442305,0,0.594154269775350957,72.116090918495793262,,4900664473,
2023-09-21,87.548494114734806636,0,0.545722033447700455,88.094216148182507091,,4985120165,
2023-09-22,46.332369444802310062,0,0.550542012303189208,46.88291145710549927,,4825470070,
2023-09-23,35.138890389152414827,0,0.562156952371502598,35.701047341523917425,,4377767093,
2023-09-24,31.756226510257381415,0,0.560368569448790856,32.316595079706172271,,4113335777,
2023-09-25,66.945498228216108177,0,0.648233807006955812,67.593732035223063989,,5342346974,
2023-09-26,86.258301526397319387,0,0.502602097723834484,86.760903624121153871,,5753056462,
2023-09-27,72.607084219769058064,0,0.53523414478375292,73.142318364552810984,,5796911874,
2023-09-28,72.723113816169422267,0,0.58332171458639014,73.306435530755812407,,5911620563,
2023-09-29,51.933347194829412767,0,0.48339628474375004,52.416743479573162807,,5135063543,
2023-09-30,48.058054495379129469,0,0.704212545092604052,48.762267040471733521,,5737028357,
2023-10-01,44.36518827403174069,0,0.540794309199471568,44.905982583231212258,,5541802580,
2023-10-02,99.208557699104322836,0,0.584413624997490768,99.792971324101813604,,5648321080,
2023-10-03,54.410821764363416693,0,0.434143485442687208,54.844965249806103901,,4734426021,
2023-10-04,46.161618832309821899,0,0.585334209289641712,46.746953041599463611,,4686447303,
2023-10-05,43.925759082065658368,0,0.577844173013508658,44.503603255079167026,,4813560021,
2023-10-06,37.378300194304225547,0,0.507969163965645616,37.886269358269871163,,4520354080,
2023-10-07,24.727246042499354371,0,0.520977644947264696,25.248223687446619067,,4018790776,
2023-10-08,24.372178258622533256,0,0.551181118214327796,24.923359376836861052,,3775557495,
2023-10-09,40.783117666860953318,0,0.520091403054287908,41.303209069915241226,,4733030838,
2023-10-10,35.511613926223393663,0,0.51705417109869946,36.028668097322093123,,4674097509,
2023-10-11,34.517838382692583424,0,0.481810498636542196,34.99964888132912562,,4249771556,
2023-10-12,34.41827705981237991,0,0.430445110942687204,34.848722170755067114,,3983078556,
2023-10-13,29.269763080431662205,0,0.463202064136405616,29.732965144568067821,,3481777097,
2023-10-14,17.778029045637194645,0,0.417212536992252376,18.195241582629447021,,3225705652,
2023-10-15,19.918209901876575219,0,0.444696118412749908,20.362906020289325127,,3353532316,
2023-10-16,55.475131948305156645,0,0.482604783905182312,55.957736732210338957,,3985976572,
2023-10-17,39.75785486115278053,0,0.466142179788454106,40.223997040941234636,,4258010561,
2023-10-18,43.998068572015378476,0,0.435425375470942783,44.433493947486321259,,4444113835,
2023-10-19,42.000871982042917347,0,0.433782965215390638,42.434654947258307985,,4420515013,
2023-10-20,56.895076766583865702,0,0.38222996861668673,57.277306735200552432,,4370720742,
2023-10-21,38.698046494616463536,0,0.431600948565813854,39.12964744318227739,,4417537036,
2023-10-22,38.756583815727243706,0,0.480140851683549899,39.236724667410793605,,4565116271,
2023-10-23,131.374238241415705177,0,0.416101379198975509,131.790339620614680686,,6027198590,
2023-10-24,149.612637177994645904,0,0.27846946191698811,149.891106639911634014,,5393310127,
2023-10-25,122.305891780310413655,0,0.345592491215169074,122.651484271525582729,,4957136949,
2023-10-26,129.860218032808291655,0,0.311953177206040191,130.172171210014331846,,5280139185,
2023-10-27,112.921772338357235597,0,0.379045681306059368,113.300818019663294965,,6046386577,
2023-10-28,78.881302285893990761,0,0.485045045663791944,79.366347331557782705,,5716477272,
2023-10-29,77.935620944175301163,0,0.463463649381128905,78.399084593556430068,,5452502456,
2023-10-30,114.210405495086607632,0,0.411988427850133495,114.622393922936741127,,5379914206,
2023-10-31,134.64202138588127353,0,0.381536094040116951,135.023557479921390481,,5596176020,
2023-11-01,151.363187593368972794,0,0.411856691409193795,151.775044284778166589,,5994600736,
2023-11-02,148.75555450542706539,0,0.354715461321896456,149.110269966748961846,,5804506414,
2023-11-03,132.778646811203610169,0,0.403848807735164801,133.18249561893877497,,5975167131,
2023-11-04,110.742215908672531953,0,0.486617779558156235,111.228833688230688188,,6697273523,
2023-11-05,127.939104344354315395,0,0.510025814199510425,128.44913015855382582,,6658523015,
2023-11-06,214.662581821358756444,0,0.367174164856476531,215.029755986215232975,,7299582444,
2023-11-07,202.5789550427722767,0,0.359581875979525046,202.938536918751801746,,7284371642,
2023-11-08,249.826280756651670286,0,0.438733219591513171,250.265013976243183457,,8133555752,
2023-11-09,444.254411725061109125,0,0.382549255089308874,444.636960980150417999,,8656209824,
2023-11-10,186.646013747726973317,0,0.256260831345586992,186.902274579072560309,,4871096946,
2023-11-11,145.017431006637116297,0,0.342942951328185306,145.360373957965301603,,5042114126,
2023-11-12,135.587743749712067243,0,0.380790393418377532,135.968534143130444775,,4869112053,
2023-11-13,220.335338783671122625,0,0.264031822478275848,220.599370606149398473,,4631818071,
2023-11-14,186.366393911231706343,0,0.348664950440755517,186.71505886167246186,,5005519544,
2023-11-15,171.025574478015234116,0,0.358865754061012027,171.384440232076246143,,5004740034,
2023-11-16,181.861672606029636143,0,0.366221968636842174,182.227894574666478317,,5173665347,
2023-11-17,158.054271500765991374,0,0.484737385205700618,158.539008885971691992,,5668329920,
2023-11-18,118.084812056241913335,0,0.530283851984369871,118.615095908226283206,,5346452549,
2023-11-19,112.975582196515639107,0,0.675083533364091055,113.650665729879730162,,5667163363,
2023-11-20,231.117874322801781059,0,0.434337866923338241,231.5522121897251193,,6093354120,
2023-11-21,239.260591541678807707,0,0.392899961919795597,239.653491503598603304,,5875901418,
2023-11-22,199.501600668110053527,0,0.952763958932403807,200.454364627042457334,,5235838739,
2023-11-23,160.707833559698259791,0,0.354391957603720795,161.062225517301980586,,4905339433,
2023-11-24,151.256511740112860628,0,0.513739656228902202,151.77025139634176283,,5201003706,
2023-11-25,171.320941062298451177,0,0.774788706798129882,172.095729769096581059,,7568680912,
2023-11-26,128.205426766129240428,0,0.725664112805388406,128.931090878934628834,,5311087792,
2023-11-27,154.543913713979164288,0,0.542111990534241194,155.086025704513405482,,4842729420,
2023-11-28,165.976720099995461509,0,0.403696795370952885,166.380416895366414394,,4243870440,
2023-11-29,159.136638920124477055,0,0.337354662271549586,159.473993582396026641,,4212038531,
2023-11-30,181.35145468838556687,0,0.438513260195914247,181.789967948581481117,,4141715257,
2023-12-01,167.695248612709547635,0,0.36651115128792522,168.061759763997472855,,3851694069,
2023-12-02,150.505777025118484727,0,0.397788619313099233,150.90356564443158396,,4432344448,
2023-12-03,144.286495344674924755,0,0.416151799163174951,144.702647143838099706,,4416590265,
2023-12-04,289.040513583791150867,0,0.276822817720754514,289.317336401511905381,,6134215827,
2023-12-05,311.090307249952939719,0,0.243357944516724615,311.333665194469664334,,5466640827,
2023-12-06,253.953776308716754564,0,0.25281696513350679,254.206593273850261354,,4536632008,
2023-12-07,250.724912298277557443,0,0.276199094959271409,251.001111393236828852,,4936245775,
2023-12-08,213.268208771782434549,0,0.303241954650485445,213.571450726432919994,,5016937450,
2023-12-09,227.83821020294385713,0,0.452979095965294807,228.291189298909151937,,6594948928,
2023-12-10,161.801136915562472546,0,0.340595069898337989,162.141731985460810535,,5468762193,
2023-12-11,219.147669290466210597,0,0.321397512597335555,219.469066803063546152,,5739503607,
2023-12-12,223.530689736693295198,0,0.439008412578056704,223.969698149271351902,,5308299135,
2023-12-13,228.156934571475896731,0,0.387551641998408398,228.544486213474305129,,4849250958,
2023-12-14,203.601102269147745463,0,0.339950432061317396,203.941052701209062859,,4558337085,
2023-12-15,1057.932029778655998467,0,5.598174172048126559,1063.530203950704125026,,13726671225,
2023-12-16,664.26522277778568482,0,9.074520364222717945,673.339743142008402765,,12350346765,
2023-12-17,240.739910932457079603,0,2.135534313861221036,242.875445246318300639,,6318240083,
2023-12-18,557.08772797127631801,0,4.200853146828106083,561.288581118104424093,,8969273189,
2023-12-19,412.019256896102399685,0,3.740609826644334656,415.759866722746734341,,7794630367,
2023-12-20,333.860431596564048598,0,2.578842984762506204,336.439274581326554802,,5991467383,
2023-12-21,264.060692610951179774,0,2.829077029358683151,266.889769640309862925,,6487052455,
2023-12-22,268.356570500094446826,0,3.844014854669520811,272.200585354763967637,,7947887254,
2023-12-23,174.830721313036566866,0,2.97930614023664168,177.810027453273208546,,7961120254,
2023-12-24,144.313496437870378366,0,2.545526250309565191,146.859022688179943557,,6727119375,
2023-12-25,129.186891059084110137,0,2.407465471353536568,131.594356530437646705,,6091088365,
2023-12-26,145.853236827327015758,0,2.81827038503942647,148.671507212366442228,,7548152932,
2023-12-27,229.254022330838324103,0,3.415041772033199071,232.669064102871523174,,7770598858,
2023-12-28,209.860495432565745866,0,3.476786737264109259,213.337282169829855125,,6934992516,
2023-12-29,156.945873512793574725,0,3.165110348681829551,160.110983861475404276,,6538475641,
2023-12-30,125.2313447912586594,0,2.904324778878748232,128.135669570137407632,,6647949991,
2023-12-31,97.037781657123075755,0,3.023928731293989068,100.061710388417064823,,6916889956,
2024-01-01,104.287757351034038815,0,3.147586653305036325,107.43534400433907514,,8655269519,
2024-01-02,171.975267909786892062,0,3.496896309460292928,175.47216421924718499,,9180637141,
2024-01-03,276.123546815912029842,0,4.101602480941647214,280.225149296853677056,,7967845247,
2024-01-04,158.560685096227645496,0,3.594827635490112576,162.155512731717758072,,7147064784,
2024-01-05,126.210069991111669678,0,3.04908192892514006,129.259151920036809738,,6516027635,
2024-01-06,100.476787566457876555,0,2.481075998306333701,102.957863564764210256,,5851251016,
2024-01-07,145.980408572179072417,0,2.297858324861071012,148.278266897040143429,,4950638291,
2024-01-08,155.639099320450338426,0,3.050948981754292963,158.690048302204631389,,6537929000,
2024-01-09,163.355769738018524079,0,3.833928281945223939,167.189698019963748018,,7746072135,
2024-01-10,272.082899887503052133,0,5.087366294078366969,277.170266181581419102,,7222691507,
2024-01-11,221.308770711930670781,0,3.286218761468374043,224.594989473399044824,,6754633965,
2024-01-12,178.476227754001387469,0,0.216305902826141332,178.692533656827528801,,7006908592,
2024-01-13,107.39577818489917944,0,0.173625852088839128,107.569404036988018568,,6337075548,
2024-01-14,148.474270680168163725,0,0.144862232889639965,148.61913291305780369,,4940349020,
2024-01-15,161.690480041759841681,0,0.174126775693650686,161.864606817453492367,,7297719623,
2024-01-16,226.892999986012460076,0,0.297217917669955846,227.190217903682415922,,6944867302,
2024-01-17,208.024454392579156421,0,0.185590318310915378,208.210044710890071799,,5793677807,
2024-01-18,186.09965036586559585,0,0.201219671889418366,186.300870037755014216,,5402356358,
2024-01-19,172.909426403494029697,0,0.248119964829557339,173.157546368323587036,,5868090900,
2024-01-20,102.841285386792398079,0,0.209173012953929635,103.050458399746327714,,6375045950,
2024-01-21,84.036009827273278836,0,0.171209749060027365,84.207219576333306201,,6387131360,
2024-01-22,120.953093316180519589,0,0.23752969007870676,121.190623006259226349,,6682900335,
2024-01-23,110.381942239142520361,0,0.189114258195377697,110.571056497337898058,,6981997250,
2024-01-24,89.460518064257564991,0,0.184165411183334845,89.644683475440899836,,7274536566,
2024-01-25,148.457788783329346092,0,0.162330609044580951,148.620119392373927043,,6205201402,
2024-01-26,125.415417402731724314,0,0.149949367768382396,125.56536677050010671,,6432398885,
2024-01-27,78.128236341512685703,0,0.131103371218943812,78.259339712731629515,,5931764346,
2024-01-28,85.341632839467777903,0,0.151128794178764896,85.492761633646542799,,7073091414,
2024-01-29,102.847325574561322418,0,0.164262771874406095,103.011588346435728513,,7582376369,
2024-01-30,200.447732194772687605,0,0.176111397690782763,200.623843592463470368,,7487690092,
2024-01-31,193.535845475508625323,0,0.168678353469457916,193.704523828978083239,,7766250328,
2024-02-01,164.097024659246844075,0,0.14818114656656385,164.245205805813407925,,5968272099,
2024-02-02,125.393085001398070678,0,0.134875974077190595,125.527960975475261273,,5863617174,
2024-02-03,109.426404110386763477,0,0.127795015734191368,109.554199126120954845,,6174636878,
2024-02-04,104.857658050280216747,0,0.128279654903969879,104.985937705184186626,,6517903473,
2024-02-05,124.099809587967385845,0,0.138756362370438432,124.238565950337824277,,6553495330,
2024-02-06,200.361069060437279601,0,0.15280060796602912,200.513869668403308721,,5717713534,
2024-02-07,240.459839297006255303,0,0.152387039655213215,240.612226336661468518,,6026646598,
2024-02-08,311.837575657273514099,0,0.137180050844886262,311.974755708118400361,,5559529367,
2024-02-09,333.695923177788384548,0,0.158720180777163762,333.85464335856554831,,5092192626,
2024-02-10,198.142271974163174074,0,0.136148458648634089,198.278420432811808163,,5698717541,
2024-02-11,175.610227351741518718,0,0.159176625731192656,175.769403977472711374,,6431840428,
2024-02-12,295.979507290524274984,0,0.190914062196740366,296.17042135272101535,,7626073297,
2024-02-13,272.820403131974708457,0,0.178641941593149631,272.999045073567858088,,8969503648,
2024-02-14,222.08210598859113848,0,0.462492868739905321,222.544598857331043801,,8496710119,
2024-02-15,251.554186336242557777,0,1.806231976321860968,253.360418312564418745,,7462975854,
2024-02-16,224.83524756027450957,0,1.746285083608797848,226.581532643883307418,,8179419646,
2024-02-17,195.091728451141308707,0,1.880784821464753405,196.972513272606062112,,9679755354,
2024-02-18,222.056306216054826551,0,2.045413043050406399,224.10171925910523295,,9830623206,
2024-02-19,294.156363813051469238,0,2.093928876578731394,296.250292689630200632,,8875107446,
2024-02-20,350.567744739542887614,0,2.666983914649100437,353.234728654191988051,,9547762571,
2024-02-21,379.326982239740448522,0,2.160314376835167541,381.487296616575616063,,9690881502,
2024-02-22,393.543214707141426793,0,2.020857590572280874,395.564072297713707667,,8786536058,
2024-02-23,379.347110269948235947,0,1.799248080310210943,381.14635835025844689,,9819274316,
2024-02-24,291.862189318408795082,0,1.73079915506529537,293.592988473474090452,,10325175925,
2024-02-25,306.880218913811499884,0,1.787927801666196449,308.668146715477696333,,10755525853,
2024-02-26,400.315912258309772894,0,2.394894326597909534,402.710806584907682428,,10661441355,
2024-02-27,485.410947454907468393,0,2.689035390181739087,488.09998284508920748,,10337043476,
2024-02-28,626.834910968810420233,0,3.79445348032413269,630.629364449134552923,,10662804565,
2024-02-29,701.484125312446915961,0,3.081532416935414421,704.565657729382330382,,10578158416,
2024-03-01,480.226582781719548095,0,2.64939231221988872,482.875975093939436815,,9027658727,
2024-03-02,433.324172986661239124,0,2.517607632421242732,435.841780619082481856,,9008358059,
2024-03-03,469.833771100895560037,0,2.542250788054053339,472.376021888949613376,,9373967807,
2024-03-04,534.657849125092276555,0,2.012372758514928188,536.670221883607204743,,6872735298,
2024-03-05,785.208449765850949751,0,2.64271315025494276,787.851162916105892511,,8670390319,
2024-03-06,551.503293580084152689,0,1.691471932838497351,553.19476551292265004,,7381598980,
2024-03-07,515.289941738275437781,0,1.65969708180859311,516.949638820084030891,,7773515326,
2024-03-08,447.024946616211209529,0,1.5919981685829985,448.616944784794208029,,7306513819,
2024-03-09,464.566370226937196005,0,2.057421995112800686,466.623792222049996691,,8655418115,
2024-03-10,443.527702883226198695,0,1.3491630825914925,444.876865965817691195,,7882704238,
2024-03-11,465.121829970843959401,0,2.889071689297427323,468.010901660141386724,,7256781214,
2024-03-12,546.237205869725238351,0,6.722554948397902917,552.959760818123141268,,9364486906,
2024-03-13,482.988172777128782338,0.00000000018481152,6.716855300880008715,489.705028078193602573,184811520,11134402864,0.000000001
2024-03-14,287.236616343280735105,0.000000001431175168,1.203159664881165243,288.439776009593075516,1431175168,27199706877,0.000000001
2024-03-15,171.851725793398094218,0.00000000091815936,1.014233017553441505,172.865958811869695083,918159360,18156896346,0.000000001
2024-03-16,180.861261590206896693,0.000000000852492288,1.019591654781035837,181.880853245840424818,852492288,18311125824,0.000000001
2024-03-17,182.868248334762210716,0.000000000805830656,0.963565707146690391,183.831814042714731763,805830656,18368404171,0.000000001
2024-03-18,160.571345673762672783,0.000000000795869184,0.813476675116989324,161.384822349675531291,795869184,17188855566,0.000000001
2024-03-19,148.65815923072900286,0.000000000875429888,0.490580992345191683,149.148740223949624431,858390528,17387056918,0.0000000010198503588334096808673079859520537486639181554436
2024-03-20,155.800509445218165039,0.000000000955777024,0.415217024518639526,156.215726470692581589,951189504,19211056690,0.0000000010048229295852280556703872123466997381838225161913
2024-03-21,150.51507393756136124,0.00000000086900736,0.361850972285525415,150.876924910715894015,869007360,18302416682,0.000000001
2024-03-22,129.484616557499250837,0.000000000850395136,0.297786840061985075,129.782403398411631048,843710464,18200905934,0.000000001007922945471492931489824452384651235047382320957
2024-03-23,111.24726694519536237,0.000000000799801344,0.326690393916552212,111.573957339911715926,799801344,18135431430,0.000000001
2024-03-24,116.237886009756437329,0.000000000786825216,0.355190108951668603,116.593076119494931148,779616256,18193817221,0.0000000010092468056489576328177538668459986550100874243443
2024-03-25,106.864756923436396182,0.000000000890241024,0.260570816972957444,107.12532774129959465,888143872,18450772692,0.0000000010023612750885478158205430932703659976387249114522
2024-03-26,137.090838283946660878,0.000000001606549504,0.215153034205141684,137.305991319758352066,957218816,19370612560,0.000000001678351362453786115295084211967684513213747774887
2024-03-27,130.946991474679419866,16.210127177610297344,0.272971112752432027,147.430089765042149237,1120403456,21082331146,14.468116008391085634066448291998128217126813289658
2024-03-28,113.266052726836804547,33.497667362750988288,0.263175066036585627,147.026895155624378462,1263009792,22676568035,26.522096324927770859277708592777085927770859277709
2024-03-29,100.634216987411173806,23.04626510400651264,0.278906295468360533,123.959388386886046979,1318584320,23845588695,17.478036674974652087475149105367793240556660039761
2024-03-30,75.364812366006947017,20.032164262432473088,0.242052027948209662,95.639028656387629767,1139802112,21159697416,17.575124709395584176632934682612695492180312787489
2024-03-31,69.09584494429595457,52.69700482249588736,0.229351683513563628,122.022201450305405558,1043202048,19610236418,50.514667722830129413242869707249654479205930393265
2024-04-01,77.807661876206999528,38.168813579169824768,0.240538904518180831,116.217014359895005127,748683264,14812284916,50.981256580045343137254901960784313725490196078431
2024-04-02,94.914379021700185509,88.184032175712108544,0.291623586161374633,183.390034783573668686,1397620736,23388790402,63.095824141888024008252836912688736753258932758136
2024-04-03,75.925531413010701575,60.30971898164871168,1.23545505897299523,137.470705453632408485,1423572992,23646561957,42.365034543763465610901390295552895681797256237915
2024-04-04,77.444278161486496598,0.009771705529270272,2.443709817519175315,79.897759684534942185,1652293632,27064435373,0.0059140248077106139933365064255116611137553545930509
2024-04-05,52.951472422073514395,0.000000001472462848,0.826180386793460619,53.777652810339437862,1449918464,24495186674,0.0000000010155487253661182426324353643102513107937081902007
2024-04-06,37.782047357982320796,0.000000001256718336,0.651452228365179937,38.433499587604219069,1256718336,21917166079,0.000000001
2024-04-07,40.41191345430846724,0.000000001220411392,0.504831513643686433,40.916744969172565065,1220411392,21466493390,0.000000001
2024-04-08,58.788474956298809068,0.000000001220149248,0.325417133709952765,59.113892091228911081,1220149248,21582436938,0.000000001
2024-04-09,68.519063228479839013,0.000000001299316736,0.325549472549062982,68.844612702328218731,1297612800,22731681797,0.0000000010013131313131313131313131313131313131313131313131
2024-04-10,50.027394498595617475,0.000000001291976704,0.334539997799684326,50.361934497687278505,1288437760,22666280357,0.0000000010027466937945066124109867751780264496439471007121
2024-04-11,48.940234813349619452,0.003690773371551744,0.366516953706559659,49.310442540427730855,1214251008,21384842095,0.0030395472988989637305699481865284974093264248704663
2024-04-12,56.386223912891616988,0.000148396783304704,0.325831358429618869,56.712203668104540561,1183449088,20616936333,0.00012539346627533503156495735961900542695758112747813
2024-04-13,72.146370795999480309,0.00000000115802112,0.290159590589763226,72.436530387747264655,1158021120,20148209747,0.000000001
2024-04-14,35.175497508187777364,0.00000000125370368,0.336204136204466405,35.511701645645947449,1253703680,22381485852,0.000000001
2024-04-15,40.341508916832952644,0.000000001258422272,0.313755284584684,40.655264202676058916,1258422272,22342896379,0.000000001
2024-04-16,32.402186380160088702,0.000000001329856512,0.316804604397632937,32.718990985887578151,1329856512,23461301144,0.000000001
2024-04-17,44.998700857645319668,0.000000001208221696,0.303082964088014783,45.301783822941556147,1208221696,21222583524,0.000000001
2024-04-18,29.327837442704791432,0.00000000116916224,0.290341233480032861,29.618178677353986533,1169162240,20560834327,0.000000001
2024-04-19,24.975758036792155217,0.000000001069285376,0.285930562877775102,25.261688600739215695,1069285376,18869087582,0.000000001
2024-04-20,18.415980801624922615,0.00000000101842944,0.259363869226774066,18.675344671870126121,1018429440,18265359147,0.000000001
2024-04-21,18.764079432534541212,0.000000001039138816,0.267652552896584952,19.03173198647026498,1039138816,18622791968,0.000000001
2024-04-22,20.877089636540226328,0.000000001172832256,0.282630070872560777,21.159719708585619361,1172832256,20334707531,0.000000001
2024-04-23,22.636850018026731718,0.000000001207959552,0.27514204594108821,22.91199206517577948,1207959552,20700982396,0.000000001
2024-04-24,27.259253656440763025,0.00000000123928576,0.322661239135626338,27.581914896815675123,1239285760,21185306412,0.000000001
2024-04-25,24.300789902041973912,0.000000001292763136,0.352877497410542908,24.653667400745279956,1292763136,22115985374,0.000000001
2024-04-26,17.362971896747636248,0.00000000130023424,0.370797975115114388,17.733769873162984876,1300234240,22537972141,0.000000001
2024-04-27,13.154710927706390413,0.000000001162870784,0.264688533133891514,13.419399462003152711,1162870784,20333944605,0.000000001
2024-04-28,16.048351536137480758,0.000000001159725056,0.286546549030511295,16.334898086327717109,1159725056,20396256805,0.000000001
2024-04-29,11.60237249338687529,0.000000001212416,0.282639586904195565,11.885012081503486855,1212416000,19648342411,0.000000001
2024-04-30,17.956705222316895136,0.000000001368784896,0.299857000552024864,18.256562224237704896,1368784896,20922089970,0.000000001
2024-05-01,10.488299469160226999,0.000000000869924864,0.272775072518932216,10.761074542549084079,869924864,14365834290,0.000000001
2024-05-02,11.761406349173381113,0.00000000114229248,0.254738801087725354,12.016145151403398947,1142292480,17239762514,0.000000001
2024-05-03,10.271995825727922052,0.000000001327890432,0.251679085959509684,10.523674913015322168,1327890432,20086643923,0.000000001
2024-05-04,8.146378580335379069,0.000000001226047488,0.225802513826230064,8.372181095387656621,1226047488,18496036984,0.000000001
2024-05-05,7.244215960906720699,0.000000001214513152,0.269483293581986195,7.513699255703220046,1214513152,18380900072,0.000000001
2024-05-06,8.379959337024956111,0.000000001359347712,0.30518111965915401,8.685140458043457833,1359347712,20641471836,0.000000001
2024-05-07,10.992750608904510997,0.000000001742209024,0.323412444678710532,11.316163055325430553,1600520192,24145087615,0.0000000010885267381868806813528785521251330767340922119401
2024-05-08,7.216729315980122804,0.000000001471021056,0.289336916444272135,7.506066233895415995,1471021056,22420790776,0.000000001
2024-05-09,9.177789838276226743,0.00000000164102144,0.341023969521729857,9.51881380943897804,1641021440,24464228260,0.000000001
2024-05-10,11.011642013151892726,0.000000001496711168,0.272183401516725383,11.283825416165329277,1496711168,22596747091,0.000000001
2024-05-11,5.445608588857116039,0.000000001252524032,0.214886190357688488,5.660494780467328559,1252524032,19066006021,0.000000001
2024-05-12,4.834848775489587504,0.000000001286078464,0.219078850650858057,5.053927627426524025,1286078464,19568105230,0.000000001
2024-05-13,10.571366601292790907,0.000000001342963712,0.257148083337302168,10.828514685973056787,1342963712,20484443189,0.000000001
2024-05-14,9.50439995565820379,0.000000001369833472,0.265312499908669475,9.769712456936706737,1369833472,20859588975,0.000000001
2024-05-15,9.670975019192414904,0.000000001224605696,0.253296800118819366,9.924271820535839966,1224605696,18620654851,0.000000001
2024-05-16,7.552508030829574858,0.000000001306525696,0.280759801338508975,7.833267833474609529,1306525696,19996490647,0.000000001
2024-05-17,8.772282514605523905,0.000000001327890432,0.301858681117317644,9.074141197050731981,1327890432,20218926199,0.000000001
2024-05-18,4.207653616888673123,0.000000001246363648,0.277313976601791918,4.484967594736828689,1246363648,19029899923,0.000000001
2024-05-19,3.745474708419565093,0.00000000126418944,0.283105759292044181,4.028580468975798714,1264189440,19328871989,0.000000001
2024-05-20,15.838283157854332685,0.000000001293287424,0.298928210572727631,16.13721136972034774,1291845632,19697012839,0.0000000010011160714285714285714285714285714285714285714286
2024-05-21,15.334641608989329912,0.000000001394475008,0.3237262679589032,15.65836787834270812,1394475008,21407126055,0.000000001
2024-05-22,12.461014651291912961,0.000000001370882048,0.358955423021273752,12.819970075684068761,1370882048,20986005141,0.000000001
2024-05-23,14.493594592267780953,0.000000001406140416,0.382235549633419351,14.87583014330734072,1404829696,21468297967,0.000000001000933009889904832991229707034894569882440753872
2024-05-24,10.306549719359555168,0.000000001423048704,0.352558871849588761,10.659108592632192633,1422917632,21749224209,0.0000000010000921149594694178334561532792925571112748710391
2024-05-25,5.911963296667816028,0.000000001345323008,0.311333887190931412,6.223297185204070448,1345323008,20469116837,0.000000001
2024-05-26,7.040898298755673574,0.000000001313865728,0.313966119100817184,7.354864419170356486,1313865728,19991194216,0.000000001
2024-05-27,29.544629346158881421,0.000000001396834304,2.90203561191736634,32.446664959473082065,1330642944,20841375967,0.0000000010497438928289992119779353821907013396375098502758
2024-05-28,37.775375999044202932,0.00000000179961856,4.674190094915153106,42.449566095758974598,1780482048,22668345102,0.0000000010107479387514723203769140164899882214369846878681
2024-05-29,29.684890254795717562,0.000000006026166272,6.225753558963221533,35.910643819785105367,2025848832,25925107500,0.0000000029746376811594202898550724637681159420289855072464
2024-05-30,33.323619981872237989,0.000000001955987456,6.644994923950153519,39.968614907778378964,1882456064,23045388447,0.0000000010390614120596017267790001392563709789722879821752
2024-05-31,32.838865087468057816,0.0000000022151168,6.725606902438474257,39.564471992121648873,1941045248,23763156797,0.0000000011411979201836720912958336146937673036666891755014
2024-06-01,17.775920623601290845,0.000000001192624128,6.995792234098190888,24.771712858892105861,1183580160,18642714006,0.0000000010076411960132890365448504983388704318936877076412
2024-06-02,21.474292702563802352,0.000000001858863104,6.874480970257992572,28.348773674680658028,1856372736,22408906681,0.0000000010013415236884840782320129915978253194944573889713
2024-06-03,32.121214221717875338,0.000000002086797312,6.760586641788478765,38.881800865593151415,2041839616,25442102670,0.0000000010220182308383617922711516240852484272692258313006
2024-06-04,23.982918823726232768,0.000000002964586496,6.740507293447934138,30.723426120138753402,2091253760,26278978402,0.0000000014176120338451895957380131620181761203384518959574
2024-06-05,40.347804703554555264,0.000000016601710592,8.879590245870801492,49.227394966027067348,2128740352,29086724438,0.0000000077988424358106027953943722677175050797364694292223
2024-06-06,43.516003098227602932,0.000000022829334528,10.32049557871051581,53.83649869976745327,2140798976,27902858418,0.000000010663931916977897508112410457356272576991367170759
2024-06-07,29.632412517850040685,0.000000002298085376,3.237498362863420561,32.869910883011546622,1982988288,25729135806,0.0000000011589001255866217198757353427192808513450988168418
2024-06-08,12.424521681969758807,0.000000001827667968,1.047205454979539832,13.471727138776966607,1789919232,24381423718,0.0000000010210896309314586994727592267135325131810193321617
2024-06-09,11.386471498519099714,0.000000001977352192,1.850826080053811863,13.237297580550263769,1916141568,25405926096,0.0000000010319447294616594842328476639989055338942472125316
2024-06-10,18.127347238693593465,0.000000002250113024,2.860838918708155065,20.988186159651861554,2011561984,26036804234,0.0000000011185899524337003974718185964683651527985925588063
2024-06-11,25.188032485658222116,0.00000000301334528,2.791209913188615377,27.979242401860182773,2085093376,27705461664,0.0000000014451848126728689967312044254463163188332914256978
2024-06-12,30.776373770834420436,0.00000000733741056,2.76564409945530169,33.542017877627132686,2071461888,27789027498,0.0000000035421412300683371298405466970387243735763097949886
2024-06-13,26.901068796403179307,0.000000009392095232,2.829973570466532171,29.73104237626180671,2088894464,28309321734,0.0000000044962038024722344230407228462069398255631549225074
2024-06-14,19.831663346470001757,0.000000002931687424,2.994303387442616814,22.825966736844305995,2058092544,27293258644,0.0000000014244682206088396382626417016940517131575595465546
2024-06-15,8.97563314332273079,0.000000003069181952,2.899871031483164113,11.875504177875076855,1963720704,25953838368,0.000000001562942197303430783606995060739554131624616206114
2024-06-16,7.17999618389733495,0.000000001871839232,2.876493911485749068,10.05649009725492325,1844051968,24122465544,0.0000000010150685905181604947046698414954865306702679650295
2024-06-17,14.369359448986882622,1.659170561793851392,4.321047383548347135,20.349577394329081149,2198732800,30092729145,0.75460308855803278688524590163934426229508196721311
2024-06-18,18.278025146410564713,0.000000006990200832,2.986203090157699962,21.264228243558465507,2143027200,29633916717,0.0000000032618348623853211009174311926605504587155963302752
2024-06-19,16.227410507579164064,0.000000003703963648,2.721479949630369142,18.948890460913496854,2113667072,29129245436,0.0000000017523874488403819918144611186903137789904502046385
2024-06-20,62.807852155002965849,209.129026818969567232,4.899073148733676365,276.835952122706209446,2336358400,34413594236,89.510679020380420757363253856942496493688639551192
2024-06-21,10.265396141795829912,0.003838713848659968,3.300567949089130643,13.569802804733620523,2415132672,33776397934,0.0015894422253337675024422012373819602735265385867796
2024-06-22,5.175137776022626768,0.000002872934531072,2.928534017722327822,8.103674666679485662,2183790592,30457923872,0.0000013155723546005641918252205749954984694796230718444
2024-06-23,5.379770329129596132,0.00000002079260672,2.80636149384300185,8.186131843765204702,2136997888,29923884202,0.0000000097298209028459273797841020608439646712463199214917
2024-06-24,12.837827387039210318,0.000000493503905792,2.961509296965199464,15.799337177508315574,2255224832,31294799879,0.00000021882692084156689526909217714750668371498314541439
2024-06-25,10.990626295846368583,0.000000029811802112,2.937825766375973789,13.928452092034144484,2171600896,30107750195,0.000000013728029937228392081120231772090777402221149203283
2024-06-26,10.808905107942885118,0.001108099794599936,2.92836985592108242,13.738383063658567474,2188378112,30372888845,0.0005063566430881648298993770963104935313847628174413
2024-06-27,14.73499986129731726,0.000000217977061376,2.92295633971678939,17.657956418991168026,2124677120,29565967603,0.00000010259302899444787168414558914250462677359654534238
2024-06-28,8.446779268067971274,0.000000013816823808,2.980214373047405298,11.42699365493220038,2077360128,28116304232,0.0000000066511451826613666477380276358129850463751656255915
2024-06-29,4.322009336559226473,0.000000002047606784,2.994194740855121028,7.316204079461954285,1949040640,26735221600,0.0000000010505716207128446536650975117686617350369872225958
2024-06-30,5.527461500971804323,0.000000003045588992,2.913813694226883408,8.441275198244276723,1988624384,27677691894,0.0000000015315054046928552596889006063801740047455839704719
2024-07-01,10.898256294226039048,0.000000003185967104,3.161768301978028744,14.060024599390034896,1372323840,22033830291,0.0000000023215854823304680038204393505253104106972301814709
2024-07-02,9.777414472968312833,0.000000167279591424,3.074768952369797811,12.852183592617702068,2175139840,28609623062,0.000000076905212413377523350406749020789394395902380235011
2024-07-03,12.727423044449602242,0.00000001317666816,2.877669825923820163,15.605092883550090565,2100690944,28572840335,0.000000006272540088600486678729643726212017220939664316466
2024-07-04,10.49622346048599345,0.00000001036648448,2.716746265672846924,13.212969736525324854,2096627712,29436627368,0.0000000049443610902725681420355088772193048262065516379095
2024-07-05,12.407731863626574617,0.000000185710542848,2.666440423467571454,15.074172472804688919,2055733248,28648731236,0.000000090337860239734761540423361387401173170109665901556
2024-07-06,4.233624337961821474,0.00000000338362368,2.784207511563400863,7.017831852908846017,2104098816,28093591620,0.0000000016081106335264436553915156045598953466641749205756
2024-07-07,3.199290825469118287,0.000000006703284224,2.792896306459295837,5.992187138631698348,2056388608,27542744443,0.0000000032597361208490024858180891070176556823251959971955
2024-07-08,8.186203287704748375,0.000000171592122368,2.963442927866310307,11.14964638716318105,2240413696,29978486388,0.000000076589481074123910372667173696834961680219973088399
2024-07-09,8.91376329984311104,0.000001513193472,2.975250848972978594,11.889015662009561634,2303983616,31024859324,0.00000065677267038343383775173512344976675389691660029582
2024-07-10,12.791704254399242396,0.000000033136181248,2.927763253411592723,15.719467540947016367,2084175872,27662503404,0.000000015898937173762656436702094207911452109930193069618
2024-07-11,12.189036286976191186,0.000000002005925888,2.988381978541152816,15.17741826752326989,1789788160,22614397684,0.0000000011207616257781032588795313072134749176125961186379
2024-07-12,6.746742928667887191,0.000000001755578368,2.941283707414910406,9.688026637838375965,1740111872,21923983892,0.0000000010088882193431756553178668273576378427237119614342
2024-07-13,5.074223741541180134,0.000000001660944384,2.628086720185279,7.702310463387403518,1652948992,20724672510,0.0000000010048370470224407263500118943779240345729918325272
2024-07-14,6.942496516019636721,0.000000043395710976,2.740072710316024001,9.682569269731371698,1976958976,23969439904,0.000000021950739242856195717032420605980242657296293840748
2024-07-15,17.611007174546229382,0.000000002597060608,2.746291674616598014,20.357298851759888004,1908146176,25631977656,0.0000000013610386042038741585382607501030361313367220772084
2024-07-16,11.723125065887156927,0.000000003415474176,2.527667072383165098,14.250792141685796201,1853751296,24941419666,0.0000000018424662377147705578731527964363996323269461924627
2024-07-17,13.202583983748639571,0.000000003102867456,2.528302928418107609,15.730886915269614636,1873805312,25120464538,0.000000001655917739227756015668718522663682148852825965305
2024-07-18,14.242158612091707632,0.000000027950579712,2.610343457389809578,16.852502097432096922,2027421696,27713490774,0.000000013786268425135764158262218774243599689681923972071
2024-07-19,9.108291050170338217,0.000000001995964416,2.478182140710113437,11.58647319287641607,1900150784,25610236942,0.0000000010504242257018693522797820238670069669586811064358
2024-07-20,4.357235251536069509,0.000000001865547776,2.421863512680638,6.779098766082255285,1822031872,24329613660,0.0000000010238831738723832817782893317027551974678080713618
2024-07-21,6.869023667372227478,0.000000002390360064,2.390619399179987,9.259643068942574542,1858600960,25199241998,0.0000000012861071932299012693935119887165021156558533145275
2024-07-22,7.14762172476222288,0.000000002974810112,2.365460973858721332,9.513082701595754324,1918763008,26190599428,0.0000000015503791242571213880729558029920076507958193865701
2024-07-23,6.124138498694752571,0.000000086497820672,2.378824823477089,8.502963408669662243,2040659968,28140035462,0.000000042387179651872310360331427837369130965379921639155
2024-07-24,5.360973825498993914,0.000000193293582336,2.411541396975117038,7.772515415767693288,1956380672,26549049998,0.00000009880162133190406002947876189200053597748894546429
2024-07-25,5.74337475281520108,0.000000006835535872,2.380898592737006457,8.124273352387743409,1920729088,26248728106,0.0000000035588235294117647058823529411764705882352941176471
2024-07-26,3.096083739251990798,0.00000010226106368,2.457596746054432602,5.55368058756748708,1940652032,26284560764,0.000000052694178035931379170606510873970012157233553964609
2024-07-27,4.350248500129289213,0.000000002425356288,2.343974696170603129,6.69422319872524863,1863712768,25252826536,0.0000000013013573387720655461002883465785216963218229130037
2024-07-28,1.839459700713444612,0.000000001810890752,2.364569112278622,4.204028814802957364,1793458176,23944350276,0.0000000010097200906234013008843089965650807571439011912592
2024-07-29,3.138508559758793183,0.000000001986789376,2.478678707885300785,5.617187269630883344,1943928832,26340422180,0.0000000010220484121097700761917605016519452498145775740004
2024-07-30,8.888450273338460063,0.000000002280783872,2.423961170913023832,11.312411446532267767,1791361024,24042417468,0.0000000012732128484671105582790663642350186580815102070681
2024-07-31,9.148935466201014492,0.000000001890451456,2.468819025377404,11.617754493468869948,1776680960,23756546395,0.0000000010640354112873478421246772408705274806344522316488
2024-08-01,10.119598714018670681,0.000000001582170112,2.459309140165346701,12.578907855766187494,1251475456,20530939353,0.0000000012642438206954335986594051110180142438206954335987
2024-08-02,6.014965824733754134,0.000000003209822208,2.480118428722741742,8.495084256666318084,1948385280,26254013946,0.0000000016474268415741675075681130171543895055499495459132
2024-08-03,2.580642604478830531,0.000000001789657088,2.550916959899720755,5.131559566168208374,1775239168,23295746070,0.0000000010081216774955699940933254577672770230360307147076
2024-08-04,6.072266951414486104,0.000000001730412544,2.565034748684838784,8.637301701829737432,1728446464,22669332046,0.0000000010011374838856449533631606885569121104117691666035
2024-08-05,45.803057790137534362,0.000000001803026432,1.413848724754796018,47.216906516695356812,1663172608,25329065728,0.0000000010840885806604145322720466545827094333674836472535
2024-08-06,5.789449870730588517,0.000000011033378816,2.433356701806756628,8.222806583570723961,1882980352,25518639732,0.0000000058595294445217875539468188779061673395517193373242
2024-08-07,6.041913260670188339,0.00000000227344384,2.567320924415529235,8.609234187359161414,1836843008,24586104418,0.0000000012376908805480234051662623091194519765948337376909
2024-08-08,7.911121406765054358,0.000000002260598784,2.517249837354518477,10.428371246380171619,1811808256,24300477740,0.0000000012477031035231136511611082977645952398176951457715
2024-08-09,4.667598938658735724,0.000000002553413632,2.528142286212887417,7.195741227425036773,1748500480,23159345494,0.0000000014603448275862068965517241379310344827586206896552
2024-08-10,1.506205943930075391,0.000000001647443968,2.556347813779051846,4.062553759356571205,1631977472,20943669716,0.0000000010094771504296843627017910208015420448156774556261
2024-08-11,1.784333022102452334,0.000000001720188928,2.502986971538879498,4.28731999536152076,1701838848,22376577298,0.0000000010107825015403573629081947011706715958102279728897
2024-08-12,5.674752856810746778,0.000000002684616704,2.497366605832783266,8.172119465328146748,1907884032,26097393984,0.0000000014071173399285517999450398461115691123935147018412
2024-08-13,3.010840350147442864,0.000000002473721856,2.488044434537721162,5.498884787158885882,1885077504,25865857112,0.0000000013122653316645807259073842302878598247809762202753
2024-08-14,3.903989621459485039,0.000000001823342592,2.297154013674147863,6.201143636956975494,1689911296,23179239466,0.0000000010789575738772977584735903203288606220429690529745
2024-08-15,5.104441303804966019,0.00000000170852352,2.355107029307847055,7.459548334821336594,1693450240,23140283968,0.0000000010089009287925696594427244582043343653250773993808
2024-08-16,2.057822719634059883,0.000000001738276864,2.436475479789870119,4.494298201162206866,1671954432,22398485098,0.0000000010396676074004390090937597993101285669488867983694
2024-08-17,1.320016121708518087,0.000000001630666752,2.371447471919237211,3.69146359525842205,1618083840,21571064504,0.0000000010077764277035236938031591737545565006075334143378
2024-08-18,1.492151861133605446,0.000000001642070016,2.345182546237968811,3.837334409013644273,1617166336,21721810824,0.0000000010153995785378505430377694926244123845031609661209
2024-08-19,1.727861541766122443,0.000000001681391616,1.941590086051909998,3.669451629499424057,1605500928,22769874758,0.0000000010472691648297820230222875336762184668136174381582
2024-08-20,1.87751201871054089,0.000000003562799104,2.233247928941617911,4.110759951214957905,1776156672,24983505782,0.0000000020059036233488303446240129879713674267581728285735
2024-08-21,2.67308355942420367,0.00000000198180864,2.364598422386972217,5.037681983792984527,1764098048,24394248909,0.0000000011234118433761795081358198974663793743963147336355
2024-08-22,1.417773479765706668,0.000000001829502976,2.434379618815726912,3.852153100410936556,1727266816,23383107132,0.0000000010591895583548338139323114281378054332979207770527
2024-08-23,1.854998082260456621,0.000000001974337536,2.359852165809583472,4.214850250044377629,1775239168,24477498262,0.0000000011121529828706438275251033668044890726520968694625
2024-08-24,1.114889931778444421,0.000000001933312,2.186002815393369119,3.30089274910512554,1668939776,23104380544,0.0000000011584072881489044215817167988690803424173407680829
2024-08-25,0.783200813438272064,0.000000001498284032,1.265713847625152415,2.048914662561708511,1495400448,21099194692,0.0000000010019283022175475501796827066351126303795249364537
2024-08-26,1.576928171946117646,0.000000001610088448,0.828598832432880961,2.405527005989087055,1586757632,23341784432,0.0000000010147034528333057987774657194779448207500413018338
2024-08-27,1.730164531657784583,0.000000001713504256,1.627513444485061914,3.357677977856350753,1704198144,25078781374,0.0000000010054606983540993693277957237348100292262728810952
2024-08-28,1.564230471197732615,0.000000023997186048,1.886718437447934668,3.450948932642853331,1671561216,24661112166,0.000000014356151493766172665255234062573512114796518466243
2024-08-29,1.83019878536068844,0.000000001734213632,2.265533580730602018,4.09573236782550409,1661730816,23228224694,0.0000000010436188673292317400220855024451806278592837987064
2024-08-30,1.285655502203014368,0.000000001598947328,1.718784683377682878,3.004440187179644574,1533935616,22491234864,0.0000000010423822951379988037255404597111851661967017004187
2024-08-31,0.644203632098246946,0.000000001374683136,1.648873777995294518,2.2930774114682246,1368522752,19631697840,0.0000000010045014845321329374580978833445072311081314050378
2024-09-01,0.610273253351627237,0.000000001111752704,1.661324828280617,2.271598082743996941,1090912256,17327408839,0.0000000010191036885738315511233930073290880692058152108615
2024-09-02,3.598109160640943663,0.000000001857814528,1.72079567334224818,5.318904835841006371,1586102272,22829507592,0.0000000011713081563507148169572762581604826047434096355673
2024-09-03,1.667282445528811177,0.000000001515716608,1.666162404053252136,3.333444851097779921,1510342656,22060073690,0.0000000010035581011889264948364141282652087130087650785386
2024-09-04,3.253630669735546463,0.000000001561460736,1.672791314551809272,4.926421985848816471,1518338048,22364489924,0.0000000010284012430939226519337016574585635359116022099448
2024-09-05,3.530822249109654737,0.0000000016285696,1.575619223819619982,5.106441474557844319,1591083008,23904692148,0.0000000010235604250762006755086909959634236757558283219376
2024-09-06,5.311324722947894781,0.000000001620180992,1.350251171322747442,6.661575895890823215,1611399168,24444513176,0.0000000010054498129168700178949080852448348788026679681145
2024-09-07,1.072924661664179649,0.00000000156237824,1.113054196699950295,2.185978859926508184,1562247168,23920309014,0.0000000010000838996560114103532175518080375870458931118382
2024-09-08,0.739971431540304567,0.000000001543634944,1.116302842502159108,1.856274275586098619,1539964928,23578649571,0.0000000010023831815473657332538939484211422248702017192953
2024-09-09,3.155376894305123083,0.000000001658191872,1.217508437703051904,4.372885333666366859,1640235008,25040190158,0.0000000010109477385328432155985296467955889403867668211603
2024-09-10,3.794180447996734474,0.000000001661861888,1.253282182332564395,5.047462631991160757,1639317504,24716353399,0.0000000010137522987127208763092668105860717997921164148077
2024-09-11,2.100385726677797113,0.000000001673920512,1.275382598561215149,3.375768326912932774,1673396224,25175584831,0.0000000010003133077465340330539672593404871935458604213989
2024-09-12,2.490781943040658332,0.00000000161808384,1.201668897665611617,3.692450842324353789,1617952768,24721155899,0.000000001000081011017498379779650032404406999351911860013
2024-09-13,2.043093628432776441,0.000000001534722048,1.11808534510391359,3.161178975071412079,1534722048,23668445019,0.000000001
2024-09-14,1.066450946503537079,0.000000001415839744,1.094155004863704011,2.160605952783080834,1414266880,21540206651,0.0000000010011121408711770157553290083410565338276181649676
2024-09-15,1.176626953092670172,0.000000001530003456,1.107410336932604299,2.284037291555277927,1439039488,21771510774,0.0000000010632115857546224610620275070589306858548137353129
2024-09-16,4.272231870258128047,0.000000001524236288,1.094304886033799901,5.366536757816164236,1516634112,23055373945,0.0000000010050125313283208020050125313283208020050125313283
2024-09-17,5.450318663884556834,0.000000001496055808,1.219857374641103633,6.670176040021716275,1496055808,20113584328,0.000000001
2024-09-18,5.654097181493674564,0.000000001588461568,1.276479718877870906,6.930576901960007038,1584922624,21463837442,0.0000000010022328812437975521005623552762156797882897783659
2024-09-19,10.603759205795947075,0.000000001642856448,1.267030887042591853,11.870790094481395376,1617297408,22093782334,0.0000000010158035497203987357160223681011427182105519085825
2024-09-20,10.550546433367677683,0.000000001785856,1.278155147328912713,11.828701582482446396,1727922176,24147608870,0.0000000010335280285215808237882120913297428506409770158538
2024-09-21,9.281034230438166216,0.000000006895435776,1.335471379885410518,10.61650561721901251,1674706944,23069290742,0.0000000041173984503404555059873209673632308053533693355248
2024-09-22,7.337441298054496727,0.000000001588854784,1.298402718076830211,8.635844017720181722,1588723712,21805696234,0.0000000010000825014437752660671561752330665786651266397162
2024-09-23,14.859972596405935775,0.000000001742340096,1.313580000544464281,16.173552598692740152,1693581312,23739077914,0.0000000010287903413048525655908985372649175760390062688646
2024-09-24,15.706256911524121435,0.000000001649672192,1.278054418042299979,16.984311331216093606,1649672192,23504636673,0.000000001
2024-09-25,14.778560266364631743,0.000000001606811648,1.252511922049081011,16.031072190020524402,1606680576,23034394060,0.0000000010000815793767335617555881873062489802577908304781
2024-09-26,13.642316343896794445,0.000000001622933504,1.251379437111570509,14.893695782631298458,1622933504,23406477032,0.000000001
2024-09-27,10.230603711019282879,0.000000001690435584,1.274438274573876358,11.505041987283594821,1690435584,24279078656,0.000000001
2024-09-28,4.74903211590218783,0.000000001605632,1.165999321152303003,5.915031438660122833,1595670528,22817451698,0.0000000010062428125513389190077213734187612945621816987022
2024-09-29,5.142757745841216935,0.000000001572470784,1.228660492517203173,6.371418239930890892,1571946496,22081876022,0.0000000010003335278912699074460101726006837321771033102643
2024-09-30,8.205682048366960686,0.000000001632763904,1.320036800870352848,9.525718850870077438,1630928896,22661727878,0.0000000010011251305955155509121594470786787752149803102146
2024-10-01,12.511527436146889836,0.000000001469448192,1.233104284916420421,13.744631722532758449,1310195712,20667198158,0.0000000011215486194477791116446578631452581032412965186074
2024-10-02,7.56441124030101175,0.000000001604583424,1.167184816994075252,8.731596058899670426,1600782336,23735279525,0.0000000010023745189552116597068697289773192499795300090068
2024-10-03,5.248658796225546181,0.000000001632894976,1.176209655698976633,6.42486845355741779,1626079232,24319059773,0.0000000010041915202321457359342253748186361438013864259229
2024-10-04,4.126473103888968987,0.000000001597505536,1.21062269276341944,5.337095798249893963,1595801600,22086859034,0.0000000010010677618069815195071868583162217659137577002053
2024-10-05,3.434397258213382955,0.000000001414397952,1.20430954315122587,4.638706802779006777,1410334720,19292723002,0.0000000010028810408921933085501858736059479553903345724907
2024-10-06,4.923257664640875765,0.000000001358036992,1.189226544769518256,6.112484210768431013,1358036992,18058783672,0.000000001
2024-10-07,13.509826697575553916,0.000000001537867776,1.204738240850859598,14.71456493996428129,1537736704,21083697545,0.0000000010000852369587453119672690078418002045687009887487
2024-10-08,13.463854972808543724,0.00000000162463744,1.211705419959581178,14.675560394392762342,1619263488,22313695686,0.0000000010033187631536344503804435810263882143435324591226
2024-10-09,15.426809483242324812,0.00000000163577856,1.238886202189900597,16.665695687068003969,1626734592,22359888370,0.0000000010055595842397872854725646603819192651679961324631
2024-10-10,9.244686474022834517,0.000000002515009536,1.229757395263297438,10.474443871801141491,1871183872,26414139776,0.0000000013440739702998038666293079293919865508545811151583
2024-10-11,12.828786380393634051,0.000000001714683904,1.17655357653176943,14.005339958640087385,1713504256,24819403146,0.0000000010006884418266656467528493842270328157270710624952
2024-10-12,8.224330638520554361,0.000000001647837184,1.112595893962205763,9.336926534130597308,1646526464,24814595746,0.000000001000796051584142652443878363317943002706575386085
2024-10-13,7.394192846857291326,0.00000000188547072,1.131711514135438386,8.525904362878200432,1649934336,24366445304,0.0000000011427550047664442326024785510009532888465204957102
2024-10-14,14.373086794343142647,0.000000001806041088,1.160494009286383629,15.533580805435567364,1782710272,26995420392,0.0000000010130872729946327475920888169987500919050069847805
2024-10-15,12.893073706691318924,0.000002974920998912,1.147916012795219033,14.040992694407536869,1854406656,28426039320,0.0000016042441334464235227594006219960418433700876448968
2024-10-16,10.401201541827093559,0.000000002040659968,1.138016706527034991,11.539218250394788518,1815347200,27956903802,0.0000000011241155234657039711191335740072202166064981949458
2024-10-17,14.679545493069566508,0.00000000389087232,1.11763327676332095,15.797178773723759778,1819541504,28128659184,0.0000000021383806367958507419680161360034577150266532199971
2024-10-18,18.10275689871910761,0.000000001757282304,1.02989923487321744,19.132656135349607354,1681391616,26241914486,0.0000000010451356407857811038353601496725912067352666043031
2024-10-19,6.622569783000417482,0.000000001265369088,0.935542776286119619,7.558112560551906189,1260388352,19938810125,0.0000000010039517470881863560732113144758735440931780366057
2024-10-20,5.227735211975436384,0.00000000146669568,0.987464899364674974,6.215200112806807038,1458962432,23053145108,0.0000000010053005120833707663282723924175725451441918965053
2024-10-21,5.003100328949312565,0.000000001485570048,1.005717295587666299,6.008817626022548912,1485045760,23472759020,0.0000000010003530450132391879964695498676081200353045013239
2024-10-22,12.048677540333342201,4.47683323973861376,1.064242142675809632,17.589752922747765593,1990328320,31062512740,2.249293845016792887718142904181758314125782021732
2024-10-23,9.426962838289267647,0.000000020285751296,1.131296364171428365,10.558259222746447308,1802502144,28375870851,0.00000001125421756835369400814426992437463641652123327516
2024-10-24,7.219144137710740736,0.000000002954493952,1.248019936921345866,8.467164077586580554,1794899968,28313555162,0.0000000016460493646852636191032569008324813787060026288886
2024-10-25,5.937791307989372058,0.000000009676128256,1.406636109105954143,7.344427426771454457,1861222400,29364232758,0.0000000051988028169014084507042253521126760563380281690141
2024-10-26,4.037603400333165033,0.000000003381264384,1.452570977440255149,5.490174381154684566,1770258432,27950908909,0.0000000019100399822301199466903598400710795202132385606397
2024-10-27,3.931402415475256406,0.000000001878786048,1.408073545736291677,5.339475963090334131,1634336768,25803920302,0.000000001149570935921084289036811292004170342449274200016
2024-10-28,7.132999975916415759,0.000741125648809984,1.413859515374720612,8.547600616939946355,1709572096,27017020568,0.00043351529341409185003450126504638503411791765698076
2024-10-29,9.342784756759186513,2.46793190975537152,1.348789218262696161,13.159505884777254194,2023620608,31968461737,1.2195625504103245028823110305071571993004728285511
2024-10-30,10.177997793460613071,2.647024315162689536,1.394409135294604446,14.219431243917907053,2048655360,32312606196,1.2920788761476647472808701215611004478566858605246
2024-10-31,7.516021322438274234,7.418554548217577472,1.407202752483453646,16.341778623139305352,2164260864,34097093133,3.4277543301811409883720930232558139534883720930233
2024-11-01,6.743539763421561496,2.718990067313934336,1.764988755829105894,11.227518586564601726,1503789056,24148976859,1.8080927351249019436938900026148348295999302710712
2024-11-02,3.698183783912105943,1.459590870525411328,1.592409411999618265,6.750184066437135536,1539047424,24655304148,0.94837290116240844830522909214784534150911258729348
2024-11-03,3.729289921056876725,0.81079513468239872,1.881662030478856167,6.421747086218131612,1515847680,24363786469,0.53487902866493731085170773886727194120190229139645
2024-11-04,4.54759542026973228,3.934472105488154624,1.897459786660811097,10.379527312418698001,1424097280,22936958092,2.7627832457401748734468476760239300506212609295904
2024-11-05,5.178153523961686972,3.457773900056625152,1.76684894091463789,10.402776364932950014,1521090560,24424567107,2.2732202743120206807410598879793192589401120206807
2024-11-06,15.148911238002456228,5.3437081795264512,1.528432094540015011,22.021051512068922439,1698824192,27121156369,3.1455333663664069130468328061106396111411156546563
2024-11-07,12.12866799160271101,0.444825639282802688,1.723339361631665323,14.296832992517179021,1746272256,27782723502,0.25472868721038805073932297530586204308338962696089
2024-11-08,9.68339276067678363,0.000483404974129152,1.590416422520462017,11.274292588171374799,1889665024,29801661774,0.00025581516723312755774432961087604910869112852882014
2024-11-09,6.584585792280403423,5.491472805326225408,1.683567096990631553,13.759625694597260384,1867776000,29449729180,2.9401131641729122807017543859649122807017543859649
2024-11-10,11.15533521439972918,5.928870050789064704,1.651636305468741173,18.735841570657535057,2039480320,32059409140,2.9070494050116966580976863753213367609254498714653
2024-11-11,15.965342596134464747,17.524058163124895744,1.51694608331689339,35.006346842576253881,1972764672,31025909743,8.8829947189590060461098930303634310012623745930503
2024-11-12,19.439635078237231802,14.82129207790206976,1.518739423847996677,35.779666579987298239,1881931776,29618217662,7.8755735287090820448530435993871012675860147652876
2024-11-13,27.491738978116704289,5.650143930760298496,1.542294168855477049,34.684177077732479834,1890320384,29721772507,2.9889874640214949382887255581750104007765913188185
2024-11-14,21.869399170006309905,0.000165325935476736,1.601344389737784878,23.470908885679571519,1938423808,30583732270,0.000085288849009398877544120630198120224491175873960376
2024-11-15,15.097707214354295161,12.304446880222806016,1.812705084521109206,29.214859179098210383,2007105536,31661119836,6.1304433969847841703128061124534709070724221249918
2024-11-16,11.09549771014631105,15.08313631916163072,2.25179778173318861,28.43043181104113038,1878261760,29699487255,8.0303696962672714584787159804605722260990928122819
2024-11-17,8.957128672618172888,10.537040582288605184,2.238807283292624581,21.732976538199402653,1817444352,28786680500,5.7977239141837588345593538150872638107601326986874
2024-11-18,11.173764063738698712,4.778220589896564736,2.137985793711589252,18.0899704473468527,1879834624,29737013285,2.5418302912887323943661971830985915492957746478873
2024-11-19,11.054737808786581067,7.469047027632308224,2.139903095938877875,20.663687932357767166,1792016384,28335757113,4.167956886063999414862492685781158572264482153306
2024-11-20,10.514047383830249532,3.477146394164199424,2.087010806433244299,16.078204584427693255,1908015104,30033704011,1.8223893442324654805248334134780517963866181218658
2024-11-21,13.215619383664676798,5.536122908811460608,1.983142006591240606,20.734884299067378012,1991245824,31331186194,2.7802307691425750394944707740916271721958925750395
2024-11-22,11.005749964476180374,5.105587021779566592,1.951462052985149118,18.062799039240896084,1945501696,30661945685,2.6243035574200633295155965775112847807047092905747
2024-11-23,11.324150590971326792,6.522224483550756864,1.892818237733985972,19.739193312256069628,1949040640,30503284665,3.346376853153127101546738399462004034969737726967
2024-11-24,7.894190135750842201,17.253044449905475584,1.818632985088498173,26.965867570744815958,2041970688,32159152307,8.4492125921767764298093587521663778162911611785095
2024-11-25,9.363271974697930639,55.406594311329153024,1.637561787074251145,66.407428073101334808,2007236608,31622462799,27.603419592140655609246441164947107222149666971399
2024-11-26,8.413459274544476351,63.192343912517599232,1.668737914264271976,73.274541101326347559,2071199744,32714047910,30.510019178776800405012023794456397924313378053411
2024-11-27,11.603684133578163744,11.141554833850368,1.796219637765984818,24.541458605194516562,1937375232,30636931744,5.7508502482240714430688045463771057438603612746093
2024-11-28,8.846296813261279856,57.441184021701328896,1.645418377180436991,67.932899212143045743,1929641984,30488330340,29.767793454944504822714305121586740931938595299552
2024-11-29,8.748894168115354428,0.081919991048962048,1.859853859112492442,10.690668018276808918,1881931776,29273073005,0.043529734761735617774063240005571806658308956679203
2024-11-30,8.566347577780725842,11.172424974625144832,1.967359425017853367,21.706131977423724041,2272395264,35488738276,4.9165852224840514506546692045913364480590644286785
2024-12-01,11.092296046772076512,6.902911107580297216,1.936511586231436272,19.93171874058381,1427374080,22977597249,4.8360911160585858585858585858585858585858585858586
2024-12-02,19.336292125106046427,7.144040908801835008,1.826392730230820251,28.306725764138701686,1737359360,27755214897,4.1120110630433044134288947566955865711052433044134
2024-12-03,19.110876127078023973,2.96232807415873536,1.709523088218727482,23.782727289455486815,1620574208,25926966628,1.8279496610122128760918796505985118084762212876092
2024-12-04,19.065727918204091097,22.83609637616418816,1.687390009273213274,43.589214303641492531,1794375680,28540359315,12.726485668911979547114682249817384952520087655223
2024-12-05,17.877715673916792705,21.964645353886449664,1.729284946298883393,41.571645974102125762,1685848064,26912577835,13.028840393701368371948375058311304618255325765822
2024-12-06,16.392156877175196664,22.712111419246641152,1.813363762012815143,40.917632058434652959,1821638656,28916215084,12.467956443743056554899985609440207224061015973521
2024-12-07,11.205987331030936011,19.175427607592566784,1.919386632970677111,32.300801571594179906,1992818688,30943274316,9.6222640439191660089450144698763483293870034201526
2024-12-08,9.235152290005702739,2.071699665334173696,2.053473131455521134,13.360325086795397569,1948385280,30025826587,1.0632905547993945509586276488395560040363269424823
2024-12-09,20.013511682219735241,6.99978439390855168,1.976097516805573707,28.989393592933860628,1963851776,30688845950,3.5643140075295334712674364279516785690449175732497
2024-12-10,19.566728007618285747,9.091544389793349632,1.796875401375863511,30.45514779878749889,1939865600,30348464020,4.6866877735206756756756756756756756756756756756757
2024-12-11,14.793238402578749565,3.140110170003603456,1.819175357586318883,19.752523930168671904,1842216960,28621444577,1.7045278803662753468516542155816435432230522945571
2024-12-12,16.497155162504849109,15.559944689775149056,1.914965002614114278,33.972064854894112443,1971322880,30713338101,7.8931487315640292553191489361702127659574468085106
2024-12-13,12.296467989434832322,35.87364227012165632,1.843582469433418931,50.013692728989907573,1920073728,29984253938,18.683471237059526247525428356884428971260836917196
2024-12-14,8.346590117015473237,20.757606051774726144,2.019201606524004637,31.123397775314204018,1913651200,29605309447,10.847120965291232876712328767123287671232876712329
2024-12-15,7.806331138216884001,13.980849691126923264,2.099782859932263907,23.886963689276071172,1935015936,29913813160,7.2251858142458849827270879902458849827270879902459
2024-12-16,13.597821363501349773,28.313251465706471424,1.976484286899358824,43.887557116107180021,1946943488,30244859853,14.542410522038979399488353305506934159149050760738
2024-12-17,12.602587324534952174,4.742947132021932032,1.815682448045703117,19.161216904602587323,1957822464,29302019209,2.4225624229133025373234250518845819106915712659838
2024-12-18,13.749946424345734617,0.331178343156547584,1.786013361612011346,15.867138129114293547,1949433856,28534260363,0.16988437034539097693807570765817252739864183419619
2024-12-19,16.610862485493630478,85.99910717503045632,1.82158751300289119,104.431557173526977988,1978138624,29282343085,43.474762653959713755632122979061754571958653591307
2024-12-20,15.185248060835695797,56.15877173350301696,1.727135165685038697,73.071154960023751454,2023751680,30381611218,27.749833286613018134715025906735751295336787564767
2024-12-21,6.125761317336879558,4.84344983007592448,1.724637510488129508,12.693848657900933546,2033975296,30192951942,2.3812726927416548524294367830906044593375434978734
2024-12-22,4.947323620714124617,1.875306799609806848,1.799431471175641218,8.622061891499572683,2026504192,30074210612,0.92539004212916370221848522087833904663346484703447
2024-12-23,7.323858617578232788,18.220025047003037696,1.797272296512110278,27.341155961093380762,2092826624,30967040344,8.7059409690513559215882758188764326423247948894595
2024-12-24,5.327545170912073765,23.874079921892360192,1.811969251651382614,31.013594344455816571,1981415424,28885082123,12.049002764749024277303697823642257061586293576768
2024-12-25,4.230209029153816907,6.798995158933045248,1.909133090606637695,12.93833727869349985,1994784768,28843362331,3.4083853396122609895525330179381036861817465010842
2024-12-26,5.70174713013586611,39.004610646388637696,1.806099094066025272,46.512456870590529078,1860435968,27288569476,20.965306690086867690573481752853318303508524728759
2024-12-27,5.381359334923052388,42.654965787959754752,1.875332524964191075,49.911657647846998215,1915879424,28291595793,22.263909332511185605801464048710405692002462885681
2024-12-28,4.898897237663018245,47.539250290783420416,1.975571799750798615,54.413719328197237276,1822425088,26438484456,26.085708874297180667433831990794016110471806674338
2024-12-29,4.184037853715205745,34.408977352016789504,1.786302962286514361,40.37931816801850961,1894514688,27777186789,18.162423110238134772381347723813477238134772381348
2024-12-30,7.745624740219750809,71.50780389625298944,1.843846783372951304,81.097275419845691553,2087714816,31252917378,34.251710697373807132094424912104470115519839276745
2024-12-31,9.482672302333636481,99.137900728247386112,1.738217162382423001,110.358790192963445594,2186805248,33417144874,45.334581494587389115320067130184608007672021098058
2025-01-01,9.627501442714846747,0.00005841117380608,1.437986716619168889,11.065546570507821716,6553600,27334671917,0.0089128378
2025-01-02,12.025035149250289338,0.002092206179221504,1.344230333416152624,13.371357688845663466,8257536,27714809321,0.25336930765079365079365079365079365079365079365079
2025-01-03,7.308853586122663863,0.047789334980460544,1.456736869555999331,8.813379790659123738,8388608,27498928881,5.696932671125
2025-01-04,5.501770165321131308,0.159669762498625536,1.452982297238654983,7.114422225058411827,57016320,26989410403,2.8004220984206896551724137931034482758620689655172
2025-01-05,4.747245536920152452,0.068110354157928448,1.56693361443105099,6.38228950550913189,326893568,28034698892,0.20835636067923015236567762630312750601443464314354
2025-01-06,12.450840289247673374,13.86868400877469696,1.666617673347087953,27.986141971369458287,312868864,30506255919,44.327466247247591118558860494344365312107247591119
2025-01-07,11.145191943055890832,3.094486625023950848,1.930912257771287467,16.170590825851129147,306577408,30357691947,10.093655123550235143223599828986746472851646002565
2025-01-08,6.052881821407915773,5.576917059592126464,1.634668520342418759,13.264467401342460996,314441728,30249330667,17.735931853141725719049604001667361400583576490204
2025-01-09,5.411413483594569543,4.946567279452356608,1.703795532059203632,12.061776295106129783,306053120,30106543404,16.162446830969593147751605995717344753747323340471
2025-01-10,4.288788431758464168,2.883660299432624128,1.67671155240417463,8.849160283595262926,318767104,29964143845,9.0462919895041118421052631578947368421052631578947
2025-01-11,2.259608888851465929,0.3728358456262656,1.742514643944332511,4.37495937842206404,352976896,29892542659,1.0562613299944300037133308577794281470479019680654
2025-01-12,1.831961006493427588,0.784583195927117824,1.769705612031748334,4.386249814452293746,355598336,29046149630,2.2063747675329893107261334316255068190195355694803
2025-01-13,7.106165843575758635,4.666700329655861248,1.76383661317528241,13.536702786406902293,305922048,30130981260,15.254540691541988003427592116538131962296486718081
2025-01-14,4.342685456573180332,3.860677064862466048,1.755202941510440583,9.958565462946086963,338558976,29973295408,11.403263060620983352690669763840495547812620983353
2025-01-15,7.777611975017506563,8.205905146744537088,1.952228720932328709,17.93574584269437236,325976064,31578783537,25.173336489959388821873743466023321270607157217531
2025-01-16,8.631584691403417598,7.7787578128891904,2.002484466641166526,18.412826970933774524,294125568,32012218144,26.447064312644830659536541889483065953654188948307
2025-01-17,6.666027508213388352,6.346753272653545472,1.755752596340568413,14.768533377207502237,308150272,31541213675,20.596292943247979583156103785623139089749042960442
2025-01-18,9.617493167816207793,5.02835941968510976,1.584368910274868021,16.230221497776185574,283115520,31073476693,17.760804563752314814814814814814814814814814814815
2025-01-19,26.329126055049326256,0.004224967714144256,1.595622604019221759,27.928973626782692271,263061504,32594432026,0.016060760126058794220229197807673143996013951170902
2025-01-20,26.326657608293885001,5.130014809265799168,1.783142803977359641,33.23981522153704381,280494080,33196997835,18.289208846282242990654205607476635514018691588785
2025-01-21,10.208486577783514604,5.902774635173904384,1.810074557968072371,17.921335770925491359,324665344,31880814132,18.181104772223253936213161081953976584578118691966
2025-01-22,7.095882203477564021,1.899645127589363712,1.801880107103900048,10.797407438170827781,348127232,31641565919,5.4567553267115963855421686746987951807228915662651
2025-01-23,10.421239393444680119,5.37576203016798208,1.85868253353059894,17.655683957143261139,328990720,31831201709,16.340163121221115537848605577689243027888446215139
2025-01-24,7.603492110814839146,2.264786141241802752,1.799554257608813554,11.667832509665455452,319684608,32151381481,7.0844391145719557195571955719557195571955719557196
2025-01-25,4.171404891333423469,0.379352664216174592,1.77021104345864929,6.320968599008247351,352190464,31902651338,1.0771236106386304428730926684034238928172683289914
2025-01-26,3.390726432547256402,0.3509613744095232,1.828147331726968442,5.569835138683748044,372375552,31057930510,0.94249306251319957761351636747624076029567053854277
2025-01-27,7.335847927857918668,4.37861726630445056,1.814651352720051391,13.529116546882420619,327417856,31881790617,13.373177992786228983186549239391513210568454763811
2025-01-28,4.153781796505531458,4.877668748297371648,1.708261295476949773,10.739711840279852879,354418688,28089152358,13.762447956179363905325443786982248520710059171598
2025-01-29,2.89588423650967198,1.669314227642171392,1.980732555879184649,6.545931020031028021,379977728,29641154246,4.3931896651641945498447740600206967919972404277337
2025-01-30,2.400610656420221998,0.089619415306993664,1.875950473990172168,4.36618054571738783,373686272,30486300337,0.23982528131778323395299894773763591722202735882147
2025-01-31,3.019063295362108517,1.3373953805549568,1.829624886341070704,6.186083562258136021,356253696,34887184320,3.7540533489790286975717439293598233995584988962472
2025-02-01,1.940668455196280828,0.002914920036171776,1.904462123171223172,3.848045498403675776,6684672,20689180266,0.43606029378431372549019607843137254901960784313725
2025-02-02,5.813838740782646525,1.471544109178814464,1.929118763633759533,9.214501613595220522,277348352,27745497083,5.3057611432240075614366729678638941398865784499055
2025-02-03,20.717238586277080647,0.009612892725706752,1.848263384196288261,22.57511486319907566,275644416,30976228428,0.03487425163623395149786019971469329529243937232525
2025-02-04,2.197102719172050979,1.81928725881094144,1.810041381297117462,5.826431359280109881,332005376,28295804246,5.4796921686320568495854717726016581129095933675484
2025-02-05,1.282629220642209696,1.044287268896505856,1.733143751243231275,4.060060240781946827,355074048,26409117899,2.9410408188899963086009597637504614248800295311923
2025-02-06,1.343568763118512116,0.853545751231725568,1.798249547461698369,3.995364061811936053,370409472,26960736596,2.304330250042108987968860580325548478414720452937
2025-02-07,1.078824349158607291,0.651420491745067008,1.792483510109978755,3.522728351013653054,363069440,26974511165,1.7942035874599277978339350180505415162454873646209
2025-02-08,0.723805611636588053,0.048043805182787584,1.738377452912834647,2.510226869732210284,376438784,26607969727,0.12762713945752089136490250696378830083565459610028
2025-02-09,0.731817955326546343,0.000183990580543488,1.730742888170269749,2.46274483407735958,354418688,26408208598,0.0005191334056952662721893491124260355029585798816568
2025-02-10,0.969378012098587073,1.298298743798366208,1.661506629197657617,3.929183385094610898,350617600,26078113926,3.7028909666781308411214953271028037383177570093458
2025-02-11,1.146405397908274429,1.237063602739347456,1.68620857722675923,4.069677577874381115,371195904,26321773058,3.3326434624110169491525423728813559322033898305085
2025-02-12,1.964613538207692152,2.19794809645105152,1.756116023419649041,5.918677658078392713,352321536,27169445486,6.2384721677957589285714285714285714285714285714286
2025-02-13,1.035941209077088939,1.749725010263277568,1.488995763403528417,4.274661982743894924,338690048,27457610605,5.1661541890456656346749226006191950464396284829721
2025-02-14,1.003807568416802106,1.330040181399093248,1.467391885637164259,3.801239635453059613,359399424,26998637950,3.700729863715900802334062727935813274981765134938
2025-02-15,0.533507188279481027,0.00060579229663232,1.514598342159961435,2.048711322736074782,368443392,24071826108,0.0016441936801849875489149768765563856278904304517965
2025-02-16,0.545186037515080125,0.188957544819982336,1.576501715266520921,2.310645297601583382,400424960,23602183174,0.4718925234330605564648117839607201309328968903437
2025-02-17,5.085309218970176113,0.888524734979506176,1.484278935971150196,7.458112889920832485,346030080,25490864205,2.5677673310352272727272727272727272727272727272727
2025-02-18,0.977648972755597298,1.249326294548742144,1.491813921711009409,3.718789189015348851,346947584,26424784232,3.6009078954956554590102002266717038156403475632792
2025-02-19,0.546044367387369027,0.078523421749542912,1.440799122942488898,2.065366912079400837,334888960,26014366940,0.23447599392211350293542074363992172211350293542074
2025-02-20,0.704525350920501995,0.922837654805282816,1.502663485797585793,3.130026491523370604,345243648,26630537340,2.6730040078978739559605163249810174639331814730448
2025-02-21,2.971930348089710924,2.943231485044064256,1.495113526882889594,7.410275360016664774,295567360,28741753572,9.957904299866075388026607538802660753880266075388
2025-02-22,0.648668016918152658,1.249486506286252032,1.463403905007662228,3.361558428212066918,342228992,27245055400,3.6510247100463423975488318651857525852163921869016
2025-02-23,0.548660826331080725,0.031854247145897984,1.548296247215879017,2.128811320692857726,373030912,25497200526,0.085393049533380182712579058327477160927617709065355
2025-02-24,1.230698073190437425,1.196690800448110592,1.566552356120289217,3.993941229758837234,339869696,28983296219,3.5210282485676822213652140377940609332819128422676
2025-02-25,2.678583270665474159,2.760906837256175616,1.479709165765004002,6.919199273686653777,293863424,31664122133,9.3952040702288135593220338983050847457627118644068
2025-02-26,2.894150949032420082,2.600374694889914368,1.819670769559516959,7.314196413481851409,325451776,31498692481,7.9900461040652436568666935159081755940394683850181
2025-02-27,0.588896233181547558,0.821515157366898688,1.5000622190712157,2.910473609619661946,349700096,28209291726,2.3491991187983508245877061469265367316341829085457
2025-02-28,1.439147709162496764,1.061172501716795392,1.672179082345642336,4.172499293224934492,307101696,35850622318,3.4554433125527102005975245411865130174989329918907
2025-03-01,0.585655311283300723,0.000000000617218048,1.570048891604647908,2.155704203505166679,5898240,17589916058,0.00000010464444444444444444444444444444444444444444444444
2025-03-02,2.464493838911143453,0.001005603441999872,1.689079347504183708,4.154578789857327033,7208960,23573658149,0.13949355274545454545454545454545454545454545454545
2025-03-03,1.277536622657459012,0.046616061668753408,1.587078311450404402,2.911230995776616822,7995392,25050356334,5.8303659994098360655737704918032786885245901639344
2025-03-04,1.36434906410162527,0.029263055176204288,1.710481319614082777,3.104093438891912335,9306112,24680643377,3.1444984947746478873239436619718309859154929577465
2025-03-05,0.713342913736411755,0.008144707866591232,1.918258277711986379,2.639745899314989366,6684672,23297894802,1.2184154834509803921568627450980392156862745098039
2025-03-06,0.805559958225248984,0.002825577655959552,1.870019845894975452,2.678405381776183988,6029312,24513641346,0.468640146
2025-03-07,0.811567270745431355,0.55909153479458816,1.850179287001866831,3.220838092541886346,201195520,30125826735,2.7788468391074918566775244299674267100977198697068
2025-03-08,0.613597488917500185,0.024965685344600064,1.903079626437193908,2.541642800699294157,498991104,33095940484,0.050032325515366430260047281323877068557919621749409
2025-03-09,0.683056530839747343,0.367873335105421312,1.834121746879069252,2.885051612824237907,457441280,34902756196,0.8041979401277936962750716332378223495702005730659
2025-03-10,5.555410699969924343,3.228580890416381952,1.851417797974392637,10.635409388360698932,377880576,36136024896,8.5439186226295525494276795005202913631633714880333
2025-03-11,1.674639660152481146,1.346899933482582016,1.802321609361141722,4.823861202996204884,393216000,35413542218,3.4253436622176666666666666666666666666666666666667
2025-03-12,0.741318505983679284,1.51700399632482304,1.74556486291361951,4.003887365222121834,416284672,35520263242,3.6441505017144206549118387909319899244332493702771
2025-03-13,0.649858491796664764,1.348161692631564288,1.647385970174713218,3.64540615460294227,404488192,35319744119,3.3330063010382372002592352559948152948801036941024
2025-03-14,0.51331730121298923,0.509277944370692096,1.808621440541625998,2.831216686125307324,462815232,34805307179,1.1003914935338431039365618804871141319739450580572
2025-03-15,0.417308713569274846,0.14546851819225088,1.952864188958167102,2.515641420719692828,498728960,33223251020,0.29167850648226018396846254927726675427069645203679
2025-03-16,0.432605455652450995,0.043476207930834944,1.857736611392922972,2.333818274976208911,470679552,34318253128,0.092369017829852408799777220829852408799777220829852
2025-03-17,0.72818184858184899,1.468226654435803136,1.905760007188644477,4.102168510206296603,461897728,34295790449,3.1786834301895573212258796821793416572077185017026
2025-03-18,0.313735809835127069,0.124160495372992512,1.356122277497897136,1.794018582706016717,295567360,33981649543,0.42007512390066518847006651884700665188470066518847
2025-03-19,0.365285707702785801,0.0022713504595968,0.871571503406335151,1.239128561568717752,143392768,34505941615,0.015840062865630712979890310786106032906764168190128
2025-03-20,0.277069078233345847,0.000000046047821824,0.779970177368876162,1.057039301650043833,127664128,32947846764,0.00000036069507186858316221765913757700205338809034907598
2025-03-21,0.203618226666635548,0.001931814387580928,0.802508970514636451,1.008059011568852927,125042688,33456340814,0.015449239123689727463312368972746331236897274633124
2025-03-22,0.22121579044628258,0.03061036861095936,0.914061105868270342,1.165887264925512282,187039744,33535283287,0.16365702794674141555711282410651716888577435178697
2025-03-23,0.207898639665631692,0.000000021085028352,0.903218509698649229,1.111117170449309273,177471488,31229860638,0.00000011880797636632200886262924667651403249630723781388
2025-03-24,0.428773042835572668,0.000051071943442432,0.830377402640805228,1.259201517419820328,211419136,33416341836,0.00024156726968381897086174829510229386236825790452573
2025-03-25,0.343728253137913421,0.000520398310473728,0.881505789438372578,1.225754440886759727,246284288,33492543264,0.0021129984161788185204896221394358701436934539648749
2025-03-26,0.420091024355094443,0.002341188340547584,0.898070468993735907,1.320502681689377934,261488640,34200198797,0.0089533080310776942355889724310776942355889724310777
2025-03-27,0.42896246004704179,0.00627473095983104,0.90667193147177013,1.34190912247864296,290586624,33468225944,0.021593323441587731168245376635092467298150654036987
2025-03-28,0.410455420169176667,0.234917954320072704,0.859866161690861565,1.505239536180110936,239468544,34464679985,0.9809971297110016420361247947454844006568144499179
2025-03-29,0.338001586661178447,0.019394767308455936,0.978786293042667559,1.336182647012301942,306708480,32893403035,0.063235184460683760683760683760683760683760683760684
2025-03-30,0.317007108532622064,0.000009705586163712,2.127388288576473982,2.444405102695259758,358875136,32576824565,0.000027044465303140978816654492330168005843681519357195
2025-03-31,0.502197666706487054,0.29226452517650432,1.107125993960518312,1.901588185843509686,279183360,35033446499,1.0468551033145539906103286384976525821596244131455
2025-04-01,1.162813073924414346,0.021122616983027712,1.810532238656058299,2.994467929563500357,4194304,17078822967,5.036024328
2025-04-02,0.830296978166602267,0.000000009998434304,2.078982115366603316,2.909279103531639887,4325376,31172663670,0.0000023115757575757575757575757575757575757575757575758
2025-04-03,0.760461619369787575,0.000131110861012992,1.365291524385709739,2.125884254616510306,4325376,31041854119,0.030312014727272727272727272727272727272727272727273
2025-04-04,0.465354662690111451,0.000007930963296256,1.252826654053807382,1.718189247707215089,4194304,29434201870,0.001890889
2025-04-05,0.333251498671112061,0.000000062718083072,1.243059429622148487,1.57631099101134362,3801088,25686399110,0.000016500034482758620689655172413793103448275862068966
2025-04-06,2.478058009922806833,0.008260844935184384,1.306456696957419687,3.792775551815410904,5636096,30125577806,1.4657033760930232558139534883720930232558139534884
2025-04-07,4.310423611424500299,0.044395697859723264,1.517983689471309837,5.8728029987555334,77594624,33819820615,0.57214914605067567567567567567567567567567567567568
2025-04-08,1.304627234111516813,1.406659243315167232,1.223676767470839243,3.934963244897523288,275513344,33776442494,5.1055938811993339676498572787821122740247383444339
2025-04-09,2.286374477331893271,0.317593612853051392,1.207599571360319925,3.811567661545264588,256901120,34426911888,1.2362484556433673469387755102040816326530612244898
2025-04-10,3.437335114637086061,1.811069598836195328,1.490175908270146577,6.738580621743427966,318111744,34943209946,5.6931868533473423980222496909765142150803461063041
2025-04-11,0.73983444927785764,0.758024794421854208,1.268079961340106389,2.765939205039818237,326238208,34318197826,2.3235316276070711128967456809963840899959823222178
2025-04-12,0.615462155494981151,1.0165210215972864,1.297867945658115908,2.929851122750383459,343146496,32795748148,2.9623529117933537051184110007639419404125286478228
2025-04-13,0.336719466383512933,0.000000018378784768,1.216171314654629051,1.552890799416926752,302645248,32541705441,0.000000060727154612386314421827631009094846253789519272412
2025-04-14,1.03554485773783595,0.354795762112397312,1.339008557250386735,2.729349177100619997,326631424,35359296265,1.0862266641938202247191011235955056179775280898876
2025-04-15,0.696678655135487605,0.98099884967067648,1.283380264702165658,2.961057769508329743,320208896,33592925877,3.063621473123209169054441260744985673352435530086
2025-04-16,1.066506104382803505,2.266852901362335744,1.580375862731260969,4.913734868476400218,306184192,33603408025,7.4035595585625
2025-04-17,2.138133308654200021,5.92812275063652352,1.747723586573988336,9.813979645864711877,281280512,31123594346,21.075483361735787511649580615097856477166821994408
2025-04-18,1.055136914426076549,2.42844985986318336,1.067442987462058064,4.551029761751317973,223608832,28235589281,10.860259132623094958968347010550996483001172332943
2025-04-19,0.224949240323320716,0.029193561894551552,0.941474416439792754,1.195617218657665022,263454720,31015519587,0.11081054799303482587064676616915422885572139303483
2025-04-20,0.226158943351909219,0.000001639536001024,0.979815379523609513,1.205975962411519756,279052288,31970566997,0.0000058753720056364490371066228276186002818224518553311
2025-04-21,0.369312911445065627,0.325945534051909632,1.028981561336576093,1.724240006833551352,248774656,34230438287,1.3102039383461538461538461538461538461538461538462
2025-04-22,5.629770039685481697,3.690970456097947648,1.479615695811588325,10.80035619159501767,232652800,37235560750,15.864715387469859154929577464788732394366197183099
2025-04-23,8.044376192852828697,6.31309579170414592,3.651037460914730094,18.008509445471704711,231473152,41435687700,27.273555214317667044167610419026047565118912797282
2025-04-24,1.244649254683195632,0.865091778572582912,1.017315291892313569,3.127056325148092113,210894848,37432353842,4.1020052731330018645121193287756370416407706650093
2025-04-25,2.270692677448491661,2.69384790023798784,1.177412624153688063,6.141953201840167564,240386048,37710316761,11.206340478786804798255179934569247546346782988004
2025-04-26,0.365900029151261784,0.477965477720096768,1.048467356839140992,1.892332863710499544,241565696,36447499413,1.9786148680651112316874660879001627780792186652198
2025-04-27,0.351158269104289098,0.382476590255177728,1.091033556828091201,1.824668416187558027,247726080,37239083573,1.5439496328169312169312169312169312169312169312169
2025-04-28,1.073836140497366265,1.581282064764895232,1.119118295900791946,3.774236501163053443,232521728,37946610088,6.8005776422102593010146561443066516347237880496054
2025-04-29,0.62460180512203015,1.239170116225990656,1.114310748258798985,2.978082669606819791,238419968,37406581901,5.1974258977586586036283672347443650357339197361187
2025-04-30,2.040270825205131919,1.665534336809828352,1.395145392842798558,5.100950554857758829,235929600,37537361612,7.0594547560366666666666666666666666666666666666667
2025-05-01,1.577153887757245709,0.022567943220887552,1.546975933592106668,3.146697764570239929,3276800,36048911607,6.88718970364
2025-05-02,0.560843986075877603,0.014146059347427328,1.040083113591497096,1.615073159014802027,3407872,34031184935,4.1509949163076923076923076923076923076923076923077
2025-05-03,0.237474496900721741,0.000496089450283008,0.99561305712793222,1.233583643478936969,3145728,34478335774,0.157702589125
2025-05-04,0.264794032947138965,0.00285088525778944,1.010837358861491695,1.2784822770664201,3145728,32908732224,0.90627201645833333333333333333333333333333333333333
2025-05-05,0.364354316791778309,0.010102500186259456,1.020390827274381174,1.394847644252418939,4456448,32473613240,2.2669399903823529411764705882352941176470588235294
2025-05-06,0.632988454051103523,0.003430658171994112,1.141295997257194669,1.777715109480292304,3670016,33556471718,0.93478016771428571428571428571428571428571428571429
2025-05-07,0.733560637532863502,0.001091796181581824,1.064711731703087365,1.799364165417532691,3276800,35525205737,0.33318975268
2025-05-08,4.15848835644458012,0.000000000005111808,1.282797545083923941,5.441285901533615869,5111808,42270352795,0.000000001
2025-05-09,2.723481633407303465,0.000000000005505024,1.289057001844098711,4.0125386352569072,5505024,42453600725,0.000000001
2025-05-10,1.988656864670854939,0.000000000090701824,1.337892583087503189,3.326549447849059952,90701824,43412741079,0.000000001
2025-05-11,2.033961339356702495,0.000000000191627264,1.312308382845287838,3.346269722393617597,191627264,46420663276,0.000000001
2025-05-12,3.242902891834443404,0.000000000251789312,1.416948388310793092,4.659851280397025808,251789312,49930369457,0.000000001
2025-05-13,2.736668755313573724,0.000000000257425408,1.3702111856125468,4.106879941183545932,257425408,47888969821,0.000000001
2025-05-14,1.404756656943657416,0.00000000025493504,1.305740263962192655,2.710496921160785111,254935040,47451061412,0.000000001
2025-05-15,1.670287208331345336,0.000000000273022976,1.213484542079428597,2.883771750683796909,273022976,45692738326,0.000000001
2025-05-16,1.182126825988452299,0.00000000029556736,1.171761947549356641,2.3538887738333763,295567360,46238459901,0.000000001
2025-05-17,0.564371608505698669,0.000000000346554368,1.143649571406143359,1.708021180258396396,346554368,42383587881,0.000000001
2025-05-18,0.552739958680480986,0.00000000035651584,1.124762288825415533,1.677502247862412359,356515840,43380853479,0.000000001
2025-05-19,0.783820072197284856,0.00000000029949952,1.091256423423725231,1.875076495920509607,299499520,44199483017,0.000000001
2025-05-20,0.935038491882115767,0.000000000278528,1.050057539163197464,1.985096031323841231,278528000,46704680199,0.000000001
2025-05-21,1.688433496944731958,0.000000000334364672,1.457697434310765053,3.146130931589861683,334364672,51378508518,0.000000001
2025-05-22,2.521301209086580985,0.000000000256638976,1.76537085098985962,4.286672060333079581,256638976,51631867435,0.000000001
2025-05-23,1.628412706337563781,0.000000000260308992,1.780904411575050315,3.409317118172923088,260308992,51210364961,0.000000001
2025-05-24,0.386372486887225067,0.000000000240779264,1.647449693358549866,2.033822180486554197,240779264,51285836619,0.000000001
2025-05-25,0.352395226869871406,0.000000000210632704,1.333477114493285258,1.685872341573789368,210632704,49285167053,0.000000001
2025-05-26,0.785034736632553446,0.00000000027394048,1.313972348236439646,2.099007085142933572,273940480,49691709763,0.000000001
2025-05-27,2.390334552089015281,0.000000000228458496,1.336838288877297725,3.727172841194771502,228458496,49162856244,0.000000001
2025-05-28,2.471345370061448849,0.000000000324141056,1.673631164006076183,4.144976534391666088,209453056,53964988981,0.0000000015475594493116395494367959949937421777221526908636
2025-05-29,1.959639409006278324,0.00000000015532032,1.487238280497842751,3.446877689659441395,154664960,53601710810,0.0000000010042372881355932203389830508474576271186440677966
2025-05-30,2.063275889562082666,0.000000000166723584,1.438513132252445063,3.501789021981251313,166461440,54657066384,0.0000000010015748031496062992125984251968503937007874015748
2025-05-31,0.846757711340148187,0.000000000223608832,1.079503478910122898,1.926261190473879917,223608832,45854566584,0.000000001
2025-06-01,0.779442682625600753,0,1.041582341524152989,1.821025024149753742,,35840756912,
2025-06-02,1.62266629841566373,0,1.086468086489478368,2.709134384905142098,,42099229470,
2025-06-03,1.979204847630997079,0,1.277535577734028167,3.256740425365025246,,51084420148,
2025-06-04,1.77331728800080904,0,1.168294278034898047,2.941611566035707087,,48018075196,
2025-06-05,2.663665006615802486,0,1.325315577835182215,3.988980584450984701,,50706888054,
2025-06-06,1.236642653781847934,0,1.422358416416575906,2.65900107019842384,,51493773556,
2025-06-07,0.645229429867179039,0,1.220173143889377692,1.865402573756556731,,44444686499,
2025-06-08,0.507252428368352578,0,1.21816684393813806,1.725419272306490638,,47650377689,
2025-06-09,1.503277760056200454,0,1.316880247247127284,2.820158007303327738,,49311149774,
2025-06-10,2.383748077320435206,0,1.41933021506963201,3.803078292390067216,,54045236058,
2025-06-11,1.914110932073747317,0.000000000001048576,1.404251579609339114,3.318362511684135007,1048576,53163209663,0.000000001
2025-06-12,1.843746142238933175,0.00000000000524288,1.451711939639412513,3.295458081883588568,3407872,56041367133,0.0000000015384615384615384615384615384615384615384615384615
2025-06-13,1.543214961861764568,0.00000000000393216,1.49263876340163677,3.035853725267333498,3932160,54188774445,0.000000001
2025-06-14,0.407813432453449726,0.000000000003670016,1.380219515628937612,1.788032948086057354,3670016,50702984214,0.000000001
2025-06-15,0.390609906410594457,0.000000000003145728,1.241131626247876466,1.631741532661616651,3145728,46601611547,0.000000001
2025-06-16,1.120250272554891822,0.000000000003145728,1.468711885030540789,2.588962157588578339,3145728,54281774163,0.000000001
2025-06-17,1.100014479555744136,0.000000000003801088,1.374974685256103567,2.474989164815648791,3801088,52046171561,0.000000001
2025-06-18,0.771790651594222622,0.000000000003407872,1.405810696926610956,2.17760134852424145,3407872,53485171035,0.000000001
2025-06-19,0.815111525547758414,0.000000000003407872,1.254559673143790598,2.069671198694956884,3407872,47280994342,0.000000001
2025-06-20,0.849947245450611989,0.000000000017825792,1.281365608095907916,2.131312853564345697,14417920,50835732705,0.0000000012363636363636363636363636363636363636363636363636
2025-06-21,0.480756663806408197,0.00000000000458752,1.263975110792420513,1.74473177460341623,4587520,47879438171,0.000000001
2025-06-22,1.500748127524166799,0.000000000003670016,1.303450094626161875,2.80419822215399869,3670016,48195877381,0.000000001
2025-06-23,2.474735791388051923,0.000000000004063232,1.323549649208202524,3.798285440600317679,4063232,49225601409,0.000000001
2025-06-24,2.250459755966013438,0.000000000003538944,1.262846653228418809,3.513306409197971191,3538944,47130721692,0.000000001
2025-06-25,2.289959686662718876,0.000000000003145728,1.283688320255711661,3.573648006921576265,3145728,48277957742,0.000000001
2025-06-26,1.112631521310623562,0.000000000003538944,1.252276519399148394,2.3649080407133109,3538944,47398775427,0.000000001
2025-06-27,0.673007327269840136,0.0000000000032768,1.177860943210531972,1.850868270483648908,3276800,44039624102,0.000000001
2025-06-28,0.317273255678053453,0.000000000003145728,1.032785107383042176,1.350058363064241357,3145728,43796719424,0.000000001
2025-06-29,0.294665371242405357,0.000000000020578304,0.961246483438877646,1.255911854701861307,20578304,43766189000,0.000000001
2025-06-30,1.023979589109013252,0.000000000117178368,1.005099401462573336,2.029078990688764956,117178368,50436698288,0.000000001
2025-07-01,0.824412542585344633,0,1.022628813577979776,1.847041356163324409,,35537372850,
2025-07-02,0.854205300993947101,0,1.210548877474976742,2.064754178468923843,,49403597640,
2025-07-03,0.72433262398047795,0,1.319149190576920739,2.043481814557398689,,46807845035,
2025-07-04,0.563999382539066365,0,1.313123674485572902,1.877123057024639267,,46178250423,
2025-07-05,0.264973559327964412,0,1.09249032814765819,1.357463887475622602,,45179137120,
2025-07-06,0.301263071755373345,0,1.145540775643525912,1.446803847398899257,,44108691367,
2025-07-07,0.971659394472340591,0,1.210702357766578434,2.182361752238919025,,44551992121,
2025-07-08,0.747313810115865339,0.000000000000917504,1.236349284684188258,1.983663094800971101,917504,45037871645,0.000000001
2025-07-09,1.585129434249683414,0.000000000003801088,1.320149325600615812,2.905278759854100314,3801088,47112203242,0.000000001
2025-07-10,2.415427828319375767,0.000000000003801088,1.436388990359558027,3.851816818682734882,3801088,53482559485,0.000000001
2025-07-11,2.587214754229586706,0.00000000000458752,1.400587936707573261,3.987802690941747487,4587520,51539465593,0.000000001
2025-07-12,0.619466343298859436,0.000000000003145728,1.36055701258564261,1.980023355887647774,3145728,49842497576,0.000000001
2025-07-13,0.604185650753932331,0.000000000003145728,1.319850199460411327,1.924035850217489386,3145728,48805844839,0.000000001
2025-07-14,2.256109549007249661,0.00000000000589824,1.384621326242968015,3.640730875256115916,5898240,49533946195,0.000000001
2025-07-15,1.666522325095442284,0.000000000007602176,1.411852488440583137,3.078374813543627597,7602176,50249257886,0.000000001
2025-07-16,3.229918631364011407,0.00000000000458752,1.557357246180492971,4.787275877549091898,4587520,53164401905,0.000000001
2025-07-17,4.26307555439968802,0.000000000003538944,1.476141872361647529,5.739217426764874493,3538944,54637369772,0.000000001
2025-07-18,2.758409295261392007,0.000000000003670016,1.440701450295627655,4.199110745560689678,3670016,56085883673,0.000000001
2025-07-19,0.693610881981635321,0.000000000003145728,1.40422322349782572,2.097834105482606769,3145728,52352727836,0.000000001
2025-07-20,1.084859746564105014,0.000000000003145728,1.43352589035442674,2.518385636921677482,3145728,54502517863,0.000000001
2025-07-21,1.172532826505111879,0.000000000004194304,1.425714990623322446,2.598247817132628629,4194304,54410034308,0.000000001
2025-07-22,0.789886592553540444,0.000000000004063232,1.423486067973008874,2.21337266053061255,4063232,58716142943,0.000000001
2025-07-23,0.68929531991442493,0.000000000003538944,1.375062963182522423,2.064358283100486297,3538944,53929959442,0.000000001
2025-07-24,0.58140076501775821,0.000000000003538944,1.400701504448485315,1.982102269469782469,3538944,53577067873,0.000000001
2025-07-25,0.363300189805718223,0.000000000003407872,1.356066659428287029,1.719366849237413124,3407872,52259489448,0.000000001
2025-07-26,0.224152270483547113,0.000000000003145728,1.30729138096498944,1.531443651451682281,3145728,49874669584,0.000000001
2025-07-27,0.218252252353496202,0.0000000000032768,1.260314044929081858,1.47856629728585486,3276800,49494425666,0.000000001
2025-07-28,0.373686392401043992,0.000000000001572864,1.286218021909002396,1.659904414311619252,1572864,53098934230,0.000000001
2025-07-29,0.976842770154726262,0,1.293472334127674469,2.270315104282400731,,51116986895,
2025-07-30,1.417762875466967864,0.000000000004980736,1.337859266786688724,2.755622142258637324,4980736,49008878420,0.000000001
2025-07-31,1.560986058927788727,0.000000000126091264,1.401459750649170434,2.962445809703050425,126091264,50961017603,0.000000001
2025-08-01,0.459245983496014334,0,1.492265882339551756,1.95151186583556609,,41530050858,
2025-08-02,0.252006580199313498,0,1.322110265100911235,1.574116845300224733,,47287586145,
2025-08-03,0.205303214855620513,0,1.254682113633848088,1.459985328489468601,,43502806518,
2025-08-04,0.307244039016920636,0,1.313137373959103185,1.620381412976023821,,47112417022,
2025-08-05,0.637069792192077293,0,1.300872893496844384,1.937942685688921677,,48674332786,
2025-08-06,0.348298322898337268,0,1.320339638022630198,1.668637960920967466,,49902797696,
2025-08-07,0.417829566138287828,0,1.402269860709187241,1.820099426847475069,,50021232979,
2025-08-08,0.522176276251712759,0,2.051434901286119395,2.573611177537832154,,53675330653,
2025-08-09,0.474364750647373908,0,1.729057647233376953,2.203422397880750861,,51670811600,
2025-08-10,0.334963666784435319,0.000000000065536,1.616595942895441942,1.951559609745413261,65536000,49749052583,0.000000001
2025-08-11,0.501306689096686964,0.000000000065404928,1.559127427938029512,2.060434117100121404,65404928,51654665089,0.000000001
2025-08-12,1.045490178103860702,0.000000000000131072,1.51537833552590346,2.560868513629895234,131072,51837252652,0.000000001
2025-08-13,1.312390658114613318,0,1.555873515706384056,2.868264173820997374,,52582366569,
2025-08-14,1.384359945820938464,0,1.663895617695522084,3.048255563516460548,,55313204918,
2025-08-15,0.574876177882917536,0,1.487900020109241278,2.062776197992158814,,51175205698,
2025-08-16,0.176998760351159362,0,1.37565817467944507,1.552656935030604432,,50859214082,
2025-08-17,0.151321648217400204,0,1.457914864068749591,1.609236512286149795,,51260589934,
2025-08-18,0.333757168798752204,0,1.495590410435272938,1.829347579234025142,,53413756681,
2025-08-19,0.342995206019510385,0,1.496501214648770232,1.839496420668280617,,52675447332,
2025-08-20,0.409666727203084251,0,1.47489348968779604,1.884560216890880291,,54104502356,
2025-08-21,0.278611311719428616,0,1.474143028610259045,1.752754340329687661,,52109353382,
2025-08-22,1.233026148942872584,0.00000000000065536,1.514556813890728975,2.747582962834256919,655360,53838495651,0.000000001
2025-08-23,0.256892982766260177,0.000000000016121856,1.429604091056534521,1.686497073838916554,16121856,52920256426,0.000000001
2025-08-24,0.283839320972280498,0.000000000010747904,1.460708201451260218,1.74454752243428862,10747904,52706052839,0.000000001
2025-08-25,0.395923160188351921,0.000000000007340032,1.643314018488476812,2.039237178684168765,7340032,58931064966,0.000000001
2025-08-26,0.401026047848189207,0.000000000032899072,1.572279797526113553,1.973305845407201832,32899072,58257737305,0.000000001
2025-08-27,0.495971474671469095,0.000000000033816576,1.584395002404881201,2.080366477110166872,30670848,60883082051,0.0000000011025641025641025641025641025641025641025641025641
2025-08-28,0.37807914826177773,0.000000000038273024,1.503609016795339147,1.881688165095389901,38273024,58837970096,0.000000001
2025-08-29,0.333574686291118368,0.000000000037224448,1.468260001319496898,1.801834687647839714,35913728,56822357024,0.000000001036496350364963503649635036496350364963503649635
2025-08-30,0.115296073653587431,0.000000000029229056,1.404363849103819814,1.519659922786636301,29229056,53654929054,0.000000001
2025-08-31,0.107233207545316479,0.000000000030932992,1.262263784423016901,1.369496991999266372,30932992,49117279897,0.000000001
2025-09-01,3.511888893037837842,0,1.378497573200241132,4.890386466238078974,,43323595304,
2025-09-02,0.229385609846943873,0,1.417725084835074675,1.647110694682018548,,54017470924,
2025-09-03,0.317342828911152194,0,1.442631769587726198,1.759974598498878392,,55006194682,
2025-09-04,0.341044073555394892,0,1.502805073164151338,1.84384914671954623,,56298881775,
2025-09-05,0.272397621113102678,0,1.478904829296214518,1.751302450409317196,,54915766044,
2025-09-06,0.131237578857509011,0,1.412476502820942713,1.543714081678451724,,51723750145,
2025-09-07,0.090585822613759327,0,1.466660490379415513,1.55724631299317484,,54432106059,
2025-09-08,0.313184619763398656,0,1.60028106734288329,1.913465687106281946,,61688796811,
2025-09-09,0.287032271320971677,0,1.560321642042150574,1.847353913363122251,,61877686089,
2025-09-10,0.36165750051089948,0,1.605952331759959484,1.967609832270858964,,64496342190,
2025-09-11,0.21081393303104844,0,1.592019058027550181,1.802832991058598621,,63014146411,
2025-09-12,0.268504308252164821,0,1.554723410326400226,1.823227718578565047,,61109417002,
2025-09-13,0.130293860797032336,0,1.457105857481791662,1.587399718278823998,,58583916876,
2025-09-14,0.09660982072684884,0,1.46102709951636718,1.55763692024321602,,59647687906,
2025-09-15,0.738280153058329143,0,1.638193643254042623,2.376473796312371766,,64672578367,
2025-09-16,0.38530990062257842,0,1.521298671575946287,1.906608572198524707,,63326133976,
2025-09-17,0.325979196063431384,0,1.6329966009254259,1.958975796988857284,,67291800368,
2025-09-18,0.96340190176119237,0,1.671841769263016566,2.635243671024208936,,67311864590,
2025-09-19,0.278336868239823202,0,1.496903702622407422,1.775240570862230624,,63358266240,
2025-09-20,0.108039673533714665,0.000000000006291456,1.471263371076899198,1.579303044616905319,6291456,62104911598,0.000000001
2025-09-21,0.074576620110909683,0.000000000008388608,1.610387580850013621,1.684964200969311912,8126464,67249822625,0.0000000010322580645161290322580645161290322580645161290323
2025-09-22,0.286799449922048065,0.000000000014286848,1.796834867169777744,2.083634317106112657,12058624,70015881273,0.0000000011847826086956521739130434782608695652173913043478
2025-09-23,0.238825745573739105,0.000000000284950528,1.829546174065776634,2.068371919924466267,13238272,72175266682,0.000000021524752475247524752475247524752475247524752475248
2025-09-24,0.207448053676764856,0.000050795572494336,1.82056675548683722,2.028065604736096412,17432576,71611178561,0.0029138305488721804511278195488721804511278195488722
2025-09-25,1.024966347078656709,0.000000037851234304,2.384023951342043655,3.408990336271934668,15204352,73421548647,0.0000024895
2025-09-26,0.336778307594380182,0.000000003300130816,2.265980963774531323,2.602759274669042321,13500416,69395796208,0.00000024444660194174757281553398058252427184466019417476
2025-09-27,0.145824398063071014,0.000000000024510464,2.099361553579038833,2.245185951666620311,15073280,66611610512,0.0000000016260869565217391304347826086956521739130434782609
2025-09-28,0.191261885049852906,0.000000000015859712,2.077920669522816862,2.26918255458852948,15335424,65296537555,0.000000001034188034188034188034188034188034188034188034188
2025-09-29,1.825422338355342682,0.000000000016384,2.089867441297267022,3.915289779668993704,16252928,65004299083,0.0000000010080645161290322580645161290322580645161290322581
2025-09-30,0.401225650298946574,0.000000000013893632,2.149107524667850968,2.550333174980691174,13893632,68085367175,0.000000001
2025-10-01,0.396332175581675352,0,2.346707155880531875,2.743039331462207227,,54972348989,
2025-10-02,0.413567207286534497,0,2.262147773781365742,2.675714981067900239,,69877904834,
2025-10-03,0.323112810537256766,0,2.164592235247997139,2.487705045785253905,,68834119876,
2025-10-04,0.087064084291606208,0,2.143255453766161238,2.230319538057767446,,70921211592,
2025-10-05,0.090511066889935385,0,2.238213364156164075,2.32872443104609946,,70682885933,
2025-10-06,0.588415819752241343,0,2.425351990930869636,3.013767810683110979,,72522266094,
2025-10-07,0.511872775473552751,0,2.374991250046731083,2.886864025520283834,,72709594008,
2025-10-08,0.221283005470097785,0,2.248584966638626248,2.469867972108724033,,71044250143,
2025-10-09,0.315134863275406124,0,2.358812108985676067,2.673946972261082191,,72994528392,
2025-10-10,9.503989378745196161,0,3.087929783861971495,12.591919162607167656,,69860117870,
2025-10-11,1.526279199159740316,0,2.933563687465963742,4.459842886625704058,,69059250007,
2025-10-12,0.362945543687318653,0,2.596982104025465723,2.959927647712784376,,65484161531,
2025-10-13,0.308996776489866994,0,2.653560874451942148,2.962557650941809142,,66568814807,
2025-10-14,0.371495152113405467,0,2.855152356915429518,3.226647509028834985,,69082856334,
2025-10-15,0.309750269131501222,0,2.462722716559818155,2.772472985691319377,,68005757068,
2025-10-16,0.363638514760864619,0,2.22798834965219456,2.591626864413059179,,66848816749,
2025-10-17,0.871618301041386509,0,2.270018382052393506,3.141636683093780015,,66511016624,
2025-10-18,0.078603126716796795,0,1.957670068425664906,2.036273195142461701,,61416517312,
2025-10-19,0.07296666646675553,0,1.99275626265482938,2.06572292912158491,,62829443510,
2025-10-20,0.096302223184638637,0.000000000003407872,1.937805984376018758,2.034108207564065267,3145728,62261988775,0.0000000010833333333333333333333333333333333333333333333333
2025-10-21,0.222490004931811506,0.000000000011272192,2.182536922206878271,2.405026927149961969,6946816,65128528107,0.0000000016226415094339622641509433962264150943396226415094
2025-10-22,0.130753489204704414,0.000000000067371008,2.279954641836515298,2.41070813110859072,4063232,67180658634,0.000000016580645161290322580645161290322580645161290322581
2025-10-23,0.108035724225931357,0.000000000018612224,2.128332408887511335,2.236368133132054916,13369344,65393095958,0.0000000013921568627450980392156862745098039215686274509804
2025-10-24,0.134865594391625978,0.00000000001376256,2.2479144636608441,2.382780058066232638,13762560,69502481566,0.000000001
2025-10-25,0.047611034314682997,0.000000000013500416,2.099433771676504182,2.147044806004687595,13500416,64746603864,0.000000001
2025-10-26,0.065586216192590648,0.000000000013238272,2.147801230524293503,2.213387446730122423,12713984,66010874274,0.000000001041237113402061855670103092783505154639175257732
2025-10-27,0.395328568407258146,0.00000000001376256,2.166752052251954417,2.562080620672975123,13500416,68017286185,0.0000000010194174757281553398058252427184466019417475728155
2025-10-28,0.140339732097278361,0.00000000002228224,2.356524493958475952,2.496864226078036553,13893632,72529799544,0.0000000016037735849056603773584905660377358490566037735849
2025-10-29,0.226218639367778156,0.0000000000131072,2.268450697769369813,2.494669337150255169,12845056,69355627800,0.0000000010204081632653061224489795918367346938775510204082
2025-10-30,0.358177226744772634,0.000740560780394496,2.375819428616036359,2.734737216141203489,15990784,68835771807,0.046311724327868852459016393442622950819672131147541
2025-10-31,0.138879306694389785,0.000000000012713984,2.051060959544909963,2.189940266252013732,12582912,66218889632,0.0000000010104166666666666666666666666666666666666666666667
2025-11-01,0.049315314626690672,0,2.056147546244232718,2.10546286087092339,,52298769344,
2025-11-02,0.070693458019178105,0,2.076273197014971176,2.146966655034149281,,65557018523,
2025-11-03,0.666855673801480765,0,2.263115911970039403,2.929971585771520168,,69164478852,
2025-11-04,1.804507233431295053,0,2.438880016208975388,4.243387249640270441,,68414026708,
2025-11-05,0.404557362715586464,0,2.010270194219870606,2.41482755693545707,,63459057067,
2025-11-06,1.245979521013818378,0,2.08475554175564528,3.330735062769463658,,64178656728,
2025-11-07,0.701940397549293426,0,2.321703309702265841,3.023643707251559267,,70334843571,
2025-11-08,0.077209239553783686,0,2.000381989860261318,2.077591229414045004,,63252663053,
2025-11-09,0.055616099717486218,0,2.207028748605722048,2.262644848323208266,,67662708192,
2025-11-10,0.23342397980674939,0,2.381717472207224008,2.615141452013973398,,72386604391,
2025-11-11,0.166158188341176516,0,2.365289727154170407,2.531447915495346923,,71665007500,
2025-11-12,0.167705880368197842,0,2.410167394681108614,2.577873275049306456,,72451546085,
2025-11-13,0.382251654241728035,0,2.575994203564053699,2.958245857805781734,,75509935784,
2025-11-14,0.403518499236935514,0,2.594809814306829304,2.998328313543764818,,74738764609,
2025-11-15,0.041745798572785494,0,2.167967709832169099,2.209713508404954593,,66715760245,
2025-11-16,0.094552309123349525,0,2.467096077241358902,2.561648386364708427,,72146960361,
2025-11-17,0.310326680103727205,0,2.403807550437909879,2.714134230541637084,,71618702439,
2025-11-18,0.229238835894294594,0.000000000012320768,2.436378816404642456,2.665617652311257818,8912896,71577114249,0.0000000013823529411764705882352941176470588235294117647059
2025-11-19,0.347100994707643218,0.00342102939795456,2.485326852271521906,2.835848876377119684,17432576,74144030772,0.19624348105263157894736842105263157894736842105263
2025-11-20,0.506133686930878097,0.000025808948559872,2.378629694444556279,2.884789190323994248,9306112,71513036724,0.0027733331126760563380281690140845070422535211267606
2025-11-21,0.825920006671097811,0.000000548250058752,2.443802051736918459,3.269722606658075022,10747904,73114588595,0.000051009951219512195121951219512195121951219512195122
2025-11-22,0.052214109854165741,0.000000000016646144,2.065507741087565593,2.117721850958377478,16252928,64585530988,0.0000000010241935483870967741935483870967741935483870967742
2025-11-23,0.045100963818042137,0.000000000017432576,2.034317699313620284,2.079418663149094997,17301504,63316020379,0.0000000010075757575757575757575757575757575757575757575758
2025-11-24,0.149722950284369986,0.000000000675807232,2.268623412075337702,2.41834636303551492,18087936,70891025664,0.000000037362318840579710144927536231884057971014492753623
2025-11-25,0.124526246064437679,0.000000000036175872,2.214126618735420886,2.338652864836034437,10878976,69370149783,0.000000003325301204819277108433734939759036144578313253012
2025-11-26,0.046940210468287809,0.000000000018087936,2.236295012069211206,2.283235222555586951,8912896,69459143111,0.0000000020294117647058823529411764705882352941176470588235
2025-11-27,0.03283895616930241,0.000000000018612224,2.29135262891630679,2.324191585104221424,9437184,69052436243,0.0000000019722222222222222222222222222222222222222222222222
2025-11-28,0.046078246322317613,0.00000000001572864,2.061083157173279261,2.107161403511325514,15335424,63362697762,0.000000001025641025641025641025641025641025641025641025641
2025-11-29,0.020745605028809394,0.000000000015990784,1.795299271085181301,1.816044876129981479,15990784,54947673467,0.000000001
2025-11-30,0.022336072751626679,0.000000000011403264,1.853061202139249824,1.875397274902279767,11403264,57286722003,0.000000001
2025-12-01,0.120681517324729659,0.000000000016515072,2.1311279315912537,2.251809448932498431,11272192,49657401514,0.0000000014651162790697674418604651162790697674418604651163
2025-12-02,0.074708476102162059,0.00000356212539392,2.300794667538512612,2.375506705766068591,9437184,68843218044,0.00037745638888888888888888888888888888888888888888889
2025-12-03,0.02537619951935826,0.000113588279836672,2.286865651070972707,2.312355438870167639,9830400,66389208380,0.011554797346666666666666666666666666666666666666667
2025-12-04,0.026050258028001447,0.000291904432766976,2.335380465741170513,2.361722628201938936,10616832,66970453479,0.027494494851851851851851851851851851851851851851852
2025-12-05,0.024548637044209038,0.000033621567864832,1.94610983611651206,1.97069209472858593,11141120,62503362320,0.0030177906588235294117647058823529411764705882352941
2025-12-06,0.016025687160303678,0.000016885474525184,1.74060315291929471,1.756645725554123572,9568256,59225332601,0.001764739
2025-12-07,0.187318770619256011,0.000364893776510976,1.768440088937602696,1.956123753333369683,9437184,59058060190,0.038665535875
2025-12-08,0.190746231777414107,0.00024468824981504,1.79676345760790602,1.987754377635135167,9699328,60930210243,0.025227340472972972972972972972972972972972972972973
2025-12-09,0.161240948702591313,0.000113749883879424,1.857753311808087364,2.019108010394558101,7208960,63206060891,0.015778958945454545454545454545454545454545454545455
2025-12-10,0.100390068698954676,0.0000784197648384,1.827905446692771991,1.928373935156565067,6029312,63154988553,0.013006420108695652173913043478260869565217391304348
2025-12-11,0.077806232821206726,0.000071881645359104,1.899784020611997283,1.977662135078563113,9043968,64004709028,0.0079480207536231884057971014492753623188405797101449
2025-12-12,0.054014622993682884,0.00002970963017728,1.912615486234316022,1.966659818858176186,6553600,64049609762,0.0045333298
2025-12-13,0.021448976834980534,0.00001780230651904,1.650728092830762316,1.67219487197226189,7864320,55674440541,0.0022636803333333333333333333333333333333333333333333
2025-12-14,0.022894289031681538,0.00002251464638464,1.710518620075508425,1.733435423753574603,8388608,58017624241,0.002683955
2025-12-15,0.059550637207235009,0.000033618035474432,1.679868791616091202,1.739453046858800643,6815744,62390407282,0.0049324087692307692307692307692307692307692307692308
2025-12-16,0.026925129636433291,0.000020103860322304,0.821898575727550096,0.848843809224305691,6815744,62523569447,0.0029496208076923076923076923076923076923076923076923
2025-12-17,0.043708681527019004,0.00004087670571008,0.802954386361961651,0.846703944594690735,8257536,61746999055,0.0049502303968253968253968253968253968253968253968254
2025-12-18,0.040894361503785115,0.000024874841800704,0.791165261697240334,0.832084498042826153,7471104,61080769855,0.0033294733684210526315789473684210526315789473684211
2025-12-19,0.068369995301153963,0.000045373390323712,0.768284926267109362,0.836700294958587037,7602176,60463003027,0.0059684740689655172413793103448275862068965517241379
2025-12-20,0.011122594429334754,0.000012051033096192,0.644156676437181442,0.655291321899612388,7864320,49948237512,0.0015323681
2025-12-21,0.013263924580195945,0.0000123812282368,0.686666116227275826,0.699942422035708571,7471104,52573081930,0.0016572153508771929824561403508771929824561403508772
2025-12-22,0.018204198308075303,0.000017078482632704,0.77034867329949782,0.788569950090205827,8781824,57662377452,0.0019447534626865671641791044776119402985074626865672
2025-12-23,0.023459798616337296,0.000019059235487744,0.779357430686426616,0.802836288538251656,8519680,56672267447,0.0022370834923076923076923076923076923076923076923077
2025-12-24,0.019103295651438062,0.000014037500428288,0.754384458572348595,0.773501791724214945,6815744,54025976581,0.0020595697884615384615384615384615384615384615384615
2025-12-25,0.015644081409590587,0.000011786621550592,0.693381921560140931,0.70903778959128211,6291456,50553967439,0.0018734330416666666666666666666666666666666666666667
2025-12-26,0.027415518853322085,0.000020526619820032,0.659669084049657966,0.687105129522800083,6029312,50646208992,0.0034044713260869565217391304347826086956521739130435
2025-12-27,0.01318298055939754,0.000011845111250944,0.635195847551412302,0.648390673222060786,6684672,46061410209,0.0017719809215686274509803921568627450980392156862745
2025-12-28,0.012574456523520907,0.000013609510633472,0.636674639413634647,0.649262705447789026,7340032,47971654313,0.0018541486785714285714285714285714285714285714285714
2025-12-29,0.034180387574474301,0.000028200719613952,0.706764196602035772,0.740972784896124025,7340032,52808037605,0.0038420431428571428571428571428571428571428571428571
2025-12-30,0.030752199377273702,0.0000360565178368,0.68907936636128005,0.719867622256390552,9437184,50516543476,0.0038206861111111111111111111111111111111111111111111
2025-12-31,0.032090447892417618,0.000039218422218752,0.68782586069786665,0.71995552701250302,10485760,50400021057,0.0037401602
2026-01-01,0.019308303431246188,0.000022337659469824,0.624516784286588128,0.64384742537730414,7995392,31316470795,0.002793816672131147540983606557377049180327868852459
2026-01-02,0.046726013986920855,0.000048316622176256,0.700591199264354351,0.747365529873451462,9437184,50679383109,0.0051198135138888888888888888888888888888888888888889
2026-01-03,0.024244277430431166,0.000025395098288128,0.670087935112469296,0.69435760764118859,7602176,47695092462,0.0033405038620689655172413793103448275862068965517241
2026-01-04,0.02169466361506146,0.00002213016764416,0.710201199318747715,0.731917993101453335,8126464,50301718458,0.002723222258064516129032258064516129032258064516129
2026-01-05,0.051199420444703564,0.000050259786334208,0.712512885285776981,0.763762565516814753,8257536,53658771787,0.0060865355396825396825396825396825396825396825396825
2026-01-06,0.096707805443300594,0.000077407993856,0.707878442392923506,0.8046636558300801,6553600,54998324762,0.0118115225
2026-01-07,0.044057766001923195,0.000031303285997568,0.66877870096709239,0.712867770255013153,6815744,52883782372,0.00459279075
2026-01-08,0.049479067786162533,0.000038397343694848,0.730824819953967082,0.780342285083824463,7208960,55505624979,0.0053263360727272727272727272727272727272727272727273
2026-01-09,0.030656917353345515,0.000021840374530048,0.701687691430618585,0.732366449158494148,6946816,53454360337,0.0031439402641509433962264150943396226415094339622642
2026-01-10,0.014034585353900056,0.000015840039010304,0.634634504678372208,0.648684930071282568,8388608,46961032238,0.001888279796875
2026-01-11,0.015178013016945644,0.000013048224940032,0.619560767275252863,0.634751828517138539,6422528,45806645487,0.0020316337959183673469387755102040816326530612244898
2026-01-12,0.032835899229189717,0.00002758628737024,0.70266237292753168,0.735525858444091637,7995392,51012438692,0.0034502732786885245901639344262295081967213114754098
2026-01-13,0.060571877795590245,0.000057057776893952,0.707685230862004627,0.768314166434488824,6815744,51669162177,0.0083714671346153846153846153846153846153846153846154
2026-01-14,0.076465391478704551,0.00006200785698816,0.71405200697802082,0.790579406313713531,7077888,51980722537,0.0087607852777777777777777777777777777777777777777778
2026-01-15,0.089877766853198943,0.000059882336813056,0.68840098009319865,0.778338629283210649,6291456,52360383261,0.0095180411041666666666666666666666666666666666666667
2026-01-16,0.027369082121405877,0.00002356702543872,0.702076557337476171,0.729469206484320768,6160384,52542648332,0.0038255773404255319148936170212765957446808510638298
2026-01-17,0.019144368304370235,0.0000199803568128,0.885147913418421249,0.904312262079604284,8912896,60492819067,0.0022417356617647058823529411764705882352941176470588
2026-01-18,0.015656929933629797,0.000014018831843328,0.671011891532331592,0.686682840297804717,7733248,49035197805,0.0018127999830508474576271186440677966101694915254237
2026-01-19,0.058981662451107392,0.000032304614473728,0.7202695033769488,0.77928347044252992,6422528,50506712369,0.0050298907959183673469387755102040816326530612244898
2026-01-20,0.067647645627954781,0.00000391712210944,0.742967626698715597,0.810619189448779818,1835008,55088324141,0.0021346621428571428571428571428571428571428571428571
2026-01-21,0.127232457556088871,0.00007158049800192,0.726205667263770677,0.853509705317861468,2883584,53850098287,0.024823448181818181818181818181818181818181818181818
2026-01-22,0.049939662862413874,0.000040621809205248,0.682707070437240167,0.732687355108859289,6946816,51771338724,0.005847543566037735849056603773584905660377358490566
2026-01-23,0.043308206256835048,0.00004399661252608,0.656693029456667256,0.700045232326028384,8912896,50408127108,0.0049362869852941176470588235294117647058823529411765
2026-01-24,0.027075597269820822,0.00003621638045696,0.525031681392198767,0.552143495042476549,9699328,44337480505,0.0037339061486486486486486486486486486486486486486486
2026-01-25,0.038861642799289451,0.000042289695424512,0.538851075772135142,0.577755008266849105,9830400,48311727467,0.00430193028
2026-01-26,0.063536551841666034,0.000059311545909248,0.550330647097097174,0.613926510484672456,9306112,49557096065,0.0063733969577464788732394366197183098591549295774648
2026-01-27,0.04647054774204938,0.000044481995997184,0.538589554031363049,0.585104583769409613,9043968,50886500439,0.004918415898550724637681159420289855072463768115942
2026-01-28,0.053092825127810174,0.000047462881296384,0.58369299957951183,0.636833287588618388,7995392,54320330715,0.0059362794590163934426229508196721311475409836065574
2026-01-29,0.328059659913252037,0.000186523127775232,0.586411387986928959,0.914657571027956228,6815744,58096384068,0.027366510211538461538461538461538461538461538461538
2026-01-30,0.343054090085172771,0.00023544852709376,0.605830165846793622,0.949119704459060153,6684672,62235996125,0.035222151078431372549019607843137254901960784313725
2026-01-31,1.946591866406706687,0.000783064849055744,0.645187309665703309,2.59256224092146574,10092544,63579703487,0.077588450350649350649350649350649350649350649350649
2026-02-01,0.207821057046773801,0.000010421878652928,0.574357150422701014,0.782188629348127743,524288,2693816644,0.019878156
2026-02-02,0.296173204927515233,0.000183970345254912,0.608686797780273099,0.905043973053043244,8781824,11423418595,0.02094899023880597014925373134328358208955223880597
2026-02-03,0.330495296326176216,0.00015786854907904,0.593446436439938993,0.924099601315194249,7602176,26562968597,0.020766231810344827586206896551724137931034482758621
2026-02-04,0.255197975550700934,0.000175368918007808,0.578177173920307301,0.833550518389016043,7995392,57196325142,0.021933748590163934426229508196721311475409836065574
2026-02-05,3.372900558480944759,0.000862699908890624,0.716081169321601003,4.089844427711436386,8519680,80312340741,0.10125966103076923076923076923076923076923076923077
2026-02-06,1.237242592958446026,0.000484611897950208,0.613530289078480689,1.851257493934876923,8912896,66106414829,0.054371990647058823529411764705882352941176470588235
2026-02-07,0.077929570861150941,0.000056448712179712,0.533428388285273981,0.611414407858604634,7864320,57314621909,0.0071778249333333333333333333333333333333333333333333
2026-02-08,0.031961617540191267,0.000023500897517568,0.51751279577070757,0.549497914208416405,7077888,56035393315,0.0033203262777777777777777777777777777777777777777778
2026-02-09,0.069949937418238819,0.000057439693963264,0.540935889173846881,0.610943266286048964,8126464,54678401498,0.0070682272096774193548387096774193548387096774193548
2026-02-10,0.052754441951663989,0.000036283976515584,0.504584452986021727,0.5573751789142013,7340032,55363498279,0.0049432995
2026-02-11,0.086105364380816257,0.00004437225701376,0.560858016877842444,0.647007753515672461,6815744,58191511364,0.00651025875
2026-02-12,0.162396157257331445,0.0000948770701312,0.522697587280081726,0.685188621607544371,7995392,57253353444,0.011866468852459016393442622950819672131147540983607
2026-02-13,0.054157426129881481,0.000042761868017664,0.523288752377814923,0.577488940375714068,7602176,54253240234,0.0056249510689655172413793103448275862068965517241379
2026-02-14,0.02446139325503632,0.000017696444645376,0.526007250435906063,0.550486340135587759,6815744,51794878386,0.0025964068846153846153846153846153846153846153846154
2026-02-15,0.024330130564033374,0.000015451028717568,0.507638700413907597,0.531984282006658539,7208960,55582393419,0.0021433089818181818181818181818181818181818181818182
2026-02-16,0.022984721747049715,0.00001661265117184,0.513843129930322577,0.536844464328544132,7077888,53147559986,0.0023471198148148148148148148148148148148148148148148
2026-02-17,0.046329150037874978,0.000030866760925184,0.520118385694808218,0.56647840249360838,7602176,52040555007,0.0040602533965517241379310344827586206896551724137931
2026-02-18,0.048713542109218723,0.000033502166253568,0.518028357141130463,0.566775401416602754,7340032,55626802297,0.0045643079285714285714285714285714285714285714285714
2026-02-19,0.04739248397695404,0.000031382153199616,0.506544245034895474,0.55396811116504913,5111808,54398477188,0.0061391494358974358974358974358974358974358974358974
2026-02-20,0.042568116404631123,0.000031246383579136,0.496601085497575534,0.539200448285785793,7340032,53676100909,0.0042569819285714285714285714285714285714285714285714
2026-02-21,0.021400798534010845,0.000019438352203776,0.484970343917783303,0.506390580803997924,8519680,49869252740,0.0022815824307692307692307692307692307692307692307692
2026-02-22,0.021737421055162185,0.000017311060852736,0.488873966292145589,0.51062869840816051,7995392,46674241269,0.0021651297213114754098360655737704918032786885245902
2026-02-23,0.046307937938810572,0.000035583223267328,0.531878303598337192,0.578221824760415092,8912896,54586595379,0.0039923301323529411764705882352941176470588235294118
2026-02-24,0.054997959546587681,0.000042598248087552,0.459284132509890824,0.514324690304566057,8912896,55057655666,0.0047793947205882352941176470588235294117647058823529
2026-02-25,0.08337256643742238,0.000046480041967616,0.481923710964911946,0.565342757444301942,5898240,53214528055,0.0078803239555555555555555555555555555555555555555556
2026-02-26,0.061570053018452838,0.000052067203678208,0.459096282921829404,0.52071840314396045,8781824,50950354348,0.0059289737164179104477611940298507462686567164179104
2026-02-27,0.049585918513395684,0.000035415800152064,0.436245477675443681,0.485866811988991429,6946816,48446861132,0.0050981341886792452830188679245283018867924528301887
2026-02-28,0.046362816157131428,0.000027972909006848,0.448807061121403071,0.495197850187541347,7340032,51250061530,0.0038110064107142857142857142857142857142857142857143
2026-03-01,0.030373819104180523,0.000022226935349248,0.400956610617270226,0.431352656656799997,7471104,36081194800,0.0029750536666666666666666666666666666666666666666667
2026-03-02,0.100428804739145487,0.000060118866853888,0.439632660725365674,0.540121584331365049,7602176,50943602106,0.007908113
2026-03-03,0.084529913925952949,0.000054407064584192,0.441041522879347122,0.525625843869884263,7864320,49005238712,0.0069182160166666666666666666666666666666666666666667
2026-03-04,0.115420280097733427,0.000091870664982528,0.42126082297211559,0.536772973734831545,7340032,51163752068,0.012516384803571428571428571428571428571428571428571
2026-03-05,0.058474149831270063,0.000048349341810688,0.413854409559168395,0.472376908732249146,7864320,49245812263,0.0061479367333333333333333333333333333333333333333333
2026-03-06,0.066462185525544335,0.000047256599527424,0.453502158195708476,0.520011600320780235,8388608,47089381511,0.00563342565625
2026-03-07,0.019339832732859029,0.000015665426464768,0.422147140900966536,0.441502639060290333,6815744,43006216083,0.0022984176730769230769230769230769230769230769230769
2026-03-08,0.016636493616921909,0.000018450936758272,0.39515323364869681,0.411808178202376991,8388608,41789811440,0.0021995230625
2026-03-09,0.048716955282118674,0.000045371283603456,0.461477661778965075,0.510239988344687205,8650752,44308856228,0.0052447791363636363636363636363636363636363636363636
2026-03-10,0.050741856084914437,0.000044674793603072,0.428186849290650025,0.478973380169167534,7340032,47329216968,0.0060864576071428571428571428571428571428571428571429
2026-03-11,0.051867464035755056,0.000044439173988352,0.385959071824743165,0.437870975034486573,7340032,41855568284,0.0060543569821428571428571428571428571428571428571429
2026-03-12,0.050181461879702802,0.000039754295803904,0.37862208255135184,0.428843298726858546,7340032,42530783805,0.0054160929821428571428571428571428571428571428571429
2026-03-13,0.085135355829341243,0.000084568580816896,0.386681999179111369,0.471901923589269508,6946816,42995126870,0.012173718264150943396226415094339622641509433962264
2026-03-14,0.017207697469464,0.000016787193462784,0.345696318352449437,0.362920803015376221,8257536,38957730680,0.0020329543174603174603174603174603174603174603174603
2026-03-15,0.016309995711394283,0.000015096130043904,0.348928168300807407,0.365253260142245594,7208960,37673584381,0.0020940787636363636363636363636363636363636363636364
2026-03-16,0.094476469381515982,0.000077510629654528,0.400209972473245404,0.494763952484415914,7602176,44587139487,0.010195847827586206896551724137931034482758620689655
2026-03-17,0.046602474751947856,0.000053982839308288,0.375371124907806229,0.422027582499062373,8257536,40988595695,0.0065374028412698412698412698412698412698412698412698
2026-03-18,0.067566310723060644,0.000076631220682752,0.373168116140618876,0.440811058084362272,9306112,41319041617,0.0082345044507042253521126760563380281690140845070423
2026-03-19,0.065754291829862719,0.000045741946568704,0.364802308486473235,0.430602342262904658,6291456,43526886618,0.0072704866041666666666666666666666666666666666666667
2026-03-20,0.039963024881477259,0.000041161368797184,0.332602085775388771,0.372606272025663214,7208960,38333144047,0.0057097513090909090909090909090909090909090909090909
2026-03-21,0.01486503080029265,0.000016750190002176,0.302113573223685944,0.31699535421398077,7340032,32616827747,0.0022820322857142857142857142857142857142857142857143
2026-03-22,0.24567170097568909,0.000152055937630208,0.332711954171377908,0.578535711084697206,8650752,37307021772,0.017577193015151515151515151515151515151515151515152
2026-03-23,0.078290735777379642,0.00002332326428672,0.353571443248221499,0.431885502289887861,3932160,42219191889,0.0059314128333333333333333333333333333333333333333333
2026-03-24,0.034612898966309472,0,0.33296805201505794,0.367580950981367412,,38236819192,
2026-03-25,0.033000822089551565,0,0.311062078838745066,0.344062900928296631,,38956519142,
2026-03-26,0.042168526695574311,0,0.327311736525120974,0.369480263220695285,,40537133941,
2026-03-27,0.06349517122472305,0,0.419795057320890355,0.483290228545613405,,43844917122,
2026-03-28,0.02845687039998805,0,0.325395087148193539,0.353851957548181589,,38187081350,
2026-03-29,0.047597093481867515,0,0.306885379318714098,0.354482472800581613,,36079720728,
2026-03-30,0.053525597003412818,0.000029793068777472,0.323204522370940798,0.376759912443131088,3801088,36870124490,0.0078380371034482758620689655172413793103448275862069
2026-03-31,0.102906506666191465,0.000076047459680256,0.33177290087699946,0.434755455002871181,6553600,38723461383,0.01160392146
2026-04-01,0.073270364490978051,0.005565124017258496,0.341672518433490321,0.420508006941726868,505937920,8000072013,0.010999618327202072538860103626943005181347150259067
2026-04-02,0.05690075915489485,0.021947959759208448,0.347494747754165639,0.426343466668268937,2578055168,40306535510,0.0085133786241801820123036249936448218008032945243785
2026-04-03,0.040582981713370544,0.01690400492355584,0.255995901709950695,0.313482888346877079,2237005824,34999817620,0.0075565314771195875080564832718110974395031347044003
2026-04-04,0.028600539161212576,0.011597584354639872,0.238307360701339944,0.278505484217192392,2013921280,31504872894,0.005758707884868206963878945655711031565245688252522
2026-04-05,0.030079710043790943,0.012066348405096448,0.231494661366081517,0.273640719814968908,2075000832,32451193395,0.0058151053334596677405091276609184511401680247615438
2026-04-06,0.03896874816571091,0.01441321498509312,0.25136751587111407,0.3047494790219181,2364932096,36984476125,0.00609455764479299451310757634539710691126752757302
2026-04-07,0.05638080365123598,0.021007485625827328,0.271378953351771984,0.348767242628835292,2579234816,40311163116,0.0081448519132533794084764711860961479825185486329912
